site,pollutant,exposure_quartile,exposure_median,outcome,event_code,time,cif,model,adjustment_set
UCMC,PM2.5,Q1,7.5266162057717665,Extubation,1,0,0,PM2.5 single-pollutant,age_10 + sex + race_ethnicity + charlson_score + index_year_f + acs_pct_poverty + acs_pct_unemployed + acs_pct_no_vehicle + acs_pct_nonwhite + acs_median_household_income_10k + acs_pct_bachelor_plus
UCMC,PM2.5,Q1,7.5266162057717665,Extubation,1,0.25,0.027976039203415515,PM2.5 single-pollutant,age_10 + sex + race_ethnicity + charlson_score + index_year_f + acs_pct_poverty + acs_pct_unemployed + acs_pct_no_vehicle + acs_pct_nonwhite + acs_median_household_income_10k + acs_pct_bachelor_plus
UCMC,PM2.5,Q1,7.5266162057717665,Extubation,1,0.5,0.10162442550952133,PM2.5 single-pollutant,age_10 + sex + race_ethnicity + charlson_score + index_year_f + acs_pct_poverty + acs_pct_unemployed + acs_pct_no_vehicle + acs_pct_nonwhite + acs_median_household_income_10k + acs_pct_bachelor_plus
UCMC,PM2.5,Q1,7.5266162057717665,Extubation,1,0.75,0.14294800466313107,PM2.5 single-pollutant,age_10 + sex + race_ethnicity + charlson_score + index_year_f + acs_pct_poverty + acs_pct_unemployed + acs_pct_no_vehicle + acs_pct_nonwhite + acs_median_household_income_10k + acs_pct_bachelor_plus
UCMC,PM2.5,Q1,7.5266162057717665,Extubation,1,1,0.20089665730567285,PM2.5 single-pollutant,age_10 + sex + race_ethnicity + charlson_score + index_year_f + acs_pct_poverty + acs_pct_unemployed + acs_pct_no_vehicle + acs_pct_nonwhite + acs_median_household_income_10k + acs_pct_bachelor_plus
UCMC,PM2.5,Q1,7.5266162057717665,Extubation,1,1.25,0.23368184819102433,PM2.5 single-pollutant,age_10 + sex + race_ethnicity + charlson_score + index_year_f + acs_pct_poverty + acs_pct_unemployed + acs_pct_no_vehicle + acs_pct_nonwhite + acs_median_household_income_10k + acs_pct_bachelor_plus
UCMC,PM2.5,Q1,7.5266162057717665,Extubation,1,1.5,0.2530252079662486,PM2.5 single-pollutant,age_10 + sex + race_ethnicity + charlson_score + index_year_f + acs_pct_poverty + acs_pct_unemployed + acs_pct_no_vehicle + acs_pct_nonwhite + acs_median_household_income_10k + acs_pct_bachelor_plus
UCMC,PM2.5,Q1,7.5266162057717665,Extubation,1,1.75,0.2734005453528652,PM2.5 single-pollutant,age_10 + sex + race_ethnicity + charlson_score + index_year_f + acs_pct_poverty + acs_pct_unemployed + acs_pct_no_vehicle + acs_pct_nonwhite + acs_median_household_income_10k + acs_pct_bachelor_plus
UCMC,PM2.5,Q1,7.5266162057717665,Extubation,1,2,0.2954162339858999,PM2.5 single-pollutant,age_10 + sex + race_ethnicity + charlson_score + index_year_f + acs_pct_poverty + acs_pct_unemployed + acs_pct_no_vehicle + acs_pct_nonwhite + acs_median_household_income_10k + acs_pct_bachelor_plus
UCMC,PM2.5,Q1,7.5266162057717665,Extubation,1,2.25,0.3112639712929818,PM2.5 single-pollutant,age_10 + sex + race_ethnicity + charlson_score + index_year_f + acs_pct_poverty + acs_pct_unemployed + acs_pct_no_vehicle + acs_pct_nonwhite + acs_median_household_income_10k + acs_pct_bachelor_plus
UCMC,PM2.5,Q1,7.5266162057717665,Extubation,1,2.5,0.32237846707409823,PM2.5 single-pollutant,age_10 + sex + race_ethnicity + charlson_score + index_year_f + acs_pct_poverty + acs_pct_unemployed + acs_pct_no_vehicle + acs_pct_nonwhite + acs_median_household_income_10k + acs_pct_bachelor_plus
UCMC,PM2.5,Q1,7.5266162057717665,Extubation,1,2.75,0.3354510455111194,PM2.5 single-pollutant,age_10 + sex + race_ethnicity + charlson_score + index_year_f + acs_pct_poverty + acs_pct_unemployed + acs_pct_no_vehicle + acs_pct_nonwhite + acs_median_household_income_10k + acs_pct_bachelor_plus
UCMC,PM2.5,Q1,7.5266162057717665,Extubation,1,3,0.34718133183486843,PM2.5 single-pollutant,age_10 + sex + race_ethnicity + charlson_score + index_year_f + acs_pct_poverty + acs_pct_unemployed + acs_pct_no_vehicle + acs_pct_nonwhite + acs_median_household_income_10k + acs_pct_bachelor_plus
UCMC,PM2.5,Q1,7.5266162057717665,Extubation,1,3.25,0.3563431997563007,PM2.5 single-pollutant,age_10 + sex + race_ethnicity + charlson_score + index_year_f + acs_pct_poverty + acs_pct_unemployed + acs_pct_no_vehicle + acs_pct_nonwhite + acs_median_household_income_10k + acs_pct_bachelor_plus
UCMC,PM2.5,Q1,7.5266162057717665,Extubation,1,3.5,0.3645792672474336,PM2.5 single-pollutant,age_10 + sex + race_ethnicity + charlson_score + index_year_f + acs_pct_poverty + acs_pct_unemployed + acs_pct_no_vehicle + acs_pct_nonwhite + acs_median_household_income_10k + acs_pct_bachelor_plus
UCMC,PM2.5,Q1,7.5266162057717665,Extubation,1,3.75,0.3716850262909105,PM2.5 single-pollutant,age_10 + sex + race_ethnicity + charlson_score + index_year_f + acs_pct_poverty + acs_pct_unemployed + acs_pct_no_vehicle + acs_pct_nonwhite + acs_median_household_income_10k + acs_pct_bachelor_plus
UCMC,PM2.5,Q1,7.5266162057717665,Extubation,1,4,0.37868643329194485,PM2.5 single-pollutant,age_10 + sex + race_ethnicity + charlson_score + index_year_f + acs_pct_poverty + acs_pct_unemployed + acs_pct_no_vehicle + acs_pct_nonwhite + acs_median_household_income_10k + acs_pct_bachelor_plus
UCMC,PM2.5,Q1,7.5266162057717665,Extubation,1,4.25,0.38476331197284774,PM2.5 single-pollutant,age_10 + sex + race_ethnicity + charlson_score + index_year_f + acs_pct_poverty + acs_pct_unemployed + acs_pct_no_vehicle + acs_pct_nonwhite + acs_median_household_income_10k + acs_pct_bachelor_plus
UCMC,PM2.5,Q1,7.5266162057717665,Extubation,1,4.5,0.38991173885596164,PM2.5 single-pollutant,age_10 + sex + race_ethnicity + charlson_score + index_year_f + acs_pct_poverty + acs_pct_unemployed + acs_pct_no_vehicle + acs_pct_nonwhite + acs_median_household_income_10k + acs_pct_bachelor_plus
UCMC,PM2.5,Q1,7.5266162057717665,Extubation,1,4.75,0.3949555320881867,PM2.5 single-pollutant,age_10 + sex + race_ethnicity + charlson_score + index_year_f + acs_pct_poverty + acs_pct_unemployed + acs_pct_no_vehicle + acs_pct_nonwhite + acs_median_household_income_10k + acs_pct_bachelor_plus
UCMC,PM2.5,Q1,7.5266162057717665,Extubation,1,5,0.40030657752222265,PM2.5 single-pollutant,age_10 + sex + race_ethnicity + charlson_score + index_year_f + acs_pct_poverty + acs_pct_unemployed + acs_pct_no_vehicle + acs_pct_nonwhite + acs_median_household_income_10k + acs_pct_bachelor_plus
UCMC,PM2.5,Q1,7.5266162057717665,Extubation,1,5.25,0.40503905127741013,PM2.5 single-pollutant,age_10 + sex + race_ethnicity + charlson_score + index_year_f + acs_pct_poverty + acs_pct_unemployed + acs_pct_no_vehicle + acs_pct_nonwhite + acs_median_household_income_10k + acs_pct_bachelor_plus
UCMC,PM2.5,Q1,7.5266162057717665,Extubation,1,5.5,0.40946305452587684,PM2.5 single-pollutant,age_10 + sex + race_ethnicity + charlson_score + index_year_f + acs_pct_poverty + acs_pct_unemployed + acs_pct_no_vehicle + acs_pct_nonwhite + acs_median_household_income_10k + acs_pct_bachelor_plus
UCMC,PM2.5,Q1,7.5266162057717665,Extubation,1,5.75,0.41337167199272473,PM2.5 single-pollutant,age_10 + sex + race_ethnicity + charlson_score + index_year_f + acs_pct_poverty + acs_pct_unemployed + acs_pct_no_vehicle + acs_pct_nonwhite + acs_median_household_income_10k + acs_pct_bachelor_plus
UCMC,PM2.5,Q1,7.5266162057717665,Extubation,1,6,0.4175870878732917,PM2.5 single-pollutant,age_10 + sex + race_ethnicity + charlson_score + index_year_f + acs_pct_poverty + acs_pct_unemployed + acs_pct_no_vehicle + acs_pct_nonwhite + acs_median_household_income_10k + acs_pct_bachelor_plus
UCMC,PM2.5,Q1,7.5266162057717665,Extubation,1,6.25,0.4205681467772656,PM2.5 single-pollutant,age_10 + sex + race_ethnicity + charlson_score + index_year_f + acs_pct_poverty + acs_pct_unemployed + acs_pct_no_vehicle + acs_pct_nonwhite + acs_median_household_income_10k + acs_pct_bachelor_plus
UCMC,PM2.5,Q1,7.5266162057717665,Extubation,1,6.5,0.423755114800044,PM2.5 single-pollutant,age_10 + sex + race_ethnicity + charlson_score + index_year_f + acs_pct_poverty + acs_pct_unemployed + acs_pct_no_vehicle + acs_pct_nonwhite + acs_median_household_income_10k + acs_pct_bachelor_plus
UCMC,PM2.5,Q1,7.5266162057717665,Extubation,1,6.75,0.42714872341732235,PM2.5 single-pollutant,age_10 + sex + race_ethnicity + charlson_score + index_year_f + acs_pct_poverty + acs_pct_unemployed + acs_pct_no_vehicle + acs_pct_nonwhite + acs_median_household_income_10k + acs_pct_bachelor_plus
UCMC,PM2.5,Q1,7.5266162057717665,Extubation,1,7,0.43044012763561756,PM2.5 single-pollutant,age_10 + sex + race_ethnicity + charlson_score + index_year_f + acs_pct_poverty + acs_pct_unemployed + acs_pct_no_vehicle + acs_pct_nonwhite + acs_median_household_income_10k + acs_pct_bachelor_plus
UCMC,PM2.5,Q1,7.5266162057717665,Extubation,1,7.25,0.4329081359778634,PM2.5 single-pollutant,age_10 + sex + race_ethnicity + charlson_score + index_year_f + acs_pct_poverty + acs_pct_unemployed + acs_pct_no_vehicle + acs_pct_nonwhite + acs_median_household_income_10k + acs_pct_bachelor_plus
UCMC,PM2.5,Q1,7.5266162057717665,Extubation,1,7.5,0.43506765072088005,PM2.5 single-pollutant,age_10 + sex + race_ethnicity + charlson_score + index_year_f + acs_pct_poverty + acs_pct_unemployed + acs_pct_no_vehicle + acs_pct_nonwhite + acs_median_household_income_10k + acs_pct_bachelor_plus
UCMC,PM2.5,Q1,7.5266162057717665,Extubation,1,7.75,0.43794790946599504,PM2.5 single-pollutant,age_10 + sex + race_ethnicity + charlson_score + index_year_f + acs_pct_poverty + acs_pct_unemployed + acs_pct_no_vehicle + acs_pct_nonwhite + acs_median_household_income_10k + acs_pct_bachelor_plus
UCMC,PM2.5,Q1,7.5266162057717665,Extubation,1,8,0.44103506699175543,PM2.5 single-pollutant,age_10 + sex + race_ethnicity + charlson_score + index_year_f + acs_pct_poverty + acs_pct_unemployed + acs_pct_no_vehicle + acs_pct_nonwhite + acs_median_household_income_10k + acs_pct_bachelor_plus
UCMC,PM2.5,Q1,7.5266162057717665,Extubation,1,8.25,0.4428879445500562,PM2.5 single-pollutant,age_10 + sex + race_ethnicity + charlson_score + index_year_f + acs_pct_poverty + acs_pct_unemployed + acs_pct_no_vehicle + acs_pct_nonwhite + acs_median_household_income_10k + acs_pct_bachelor_plus
UCMC,PM2.5,Q1,7.5266162057717665,Extubation,1,8.5,0.4449471346666959,PM2.5 single-pollutant,age_10 + sex + race_ethnicity + charlson_score + index_year_f + acs_pct_poverty + acs_pct_unemployed + acs_pct_no_vehicle + acs_pct_nonwhite + acs_median_household_income_10k + acs_pct_bachelor_plus
UCMC,PM2.5,Q1,7.5266162057717665,Extubation,1,8.75,0.4475211828783703,PM2.5 single-pollutant,age_10 + sex + race_ethnicity + charlson_score + index_year_f + acs_pct_poverty + acs_pct_unemployed + acs_pct_no_vehicle + acs_pct_nonwhite + acs_median_household_income_10k + acs_pct_bachelor_plus
UCMC,PM2.5,Q1,7.5266162057717665,Extubation,1,9,0.4497862481495929,PM2.5 single-pollutant,age_10 + sex + race_ethnicity + charlson_score + index_year_f + acs_pct_poverty + acs_pct_unemployed + acs_pct_no_vehicle + acs_pct_nonwhite + acs_median_household_income_10k + acs_pct_bachelor_plus
UCMC,PM2.5,Q1,7.5266162057717665,Extubation,1,9.25,0.4516398142971174,PM2.5 single-pollutant,age_10 + sex + race_ethnicity + charlson_score + index_year_f + acs_pct_poverty + acs_pct_unemployed + acs_pct_no_vehicle + acs_pct_nonwhite + acs_median_household_income_10k + acs_pct_bachelor_plus
UCMC,PM2.5,Q1,7.5266162057717665,Extubation,1,9.5,0.45328762866984684,PM2.5 single-pollutant,age_10 + sex + race_ethnicity + charlson_score + index_year_f + acs_pct_poverty + acs_pct_unemployed + acs_pct_no_vehicle + acs_pct_nonwhite + acs_median_household_income_10k + acs_pct_bachelor_plus
UCMC,PM2.5,Q1,7.5266162057717665,Extubation,1,9.75,0.45483250238802353,PM2.5 single-pollutant,age_10 + sex + race_ethnicity + charlson_score + index_year_f + acs_pct_poverty + acs_pct_unemployed + acs_pct_no_vehicle + acs_pct_nonwhite + acs_median_household_income_10k + acs_pct_bachelor_plus
UCMC,PM2.5,Q1,7.5266162057717665,Extubation,1,10,0.4568925782682369,PM2.5 single-pollutant,age_10 + sex + race_ethnicity + charlson_score + index_year_f + acs_pct_poverty + acs_pct_unemployed + acs_pct_no_vehicle + acs_pct_nonwhite + acs_median_household_income_10k + acs_pct_bachelor_plus
UCMC,PM2.5,Q1,7.5266162057717665,Extubation,1,10.25,0.458334931932874,PM2.5 single-pollutant,age_10 + sex + race_ethnicity + charlson_score + index_year_f + acs_pct_poverty + acs_pct_unemployed + acs_pct_no_vehicle + acs_pct_nonwhite + acs_median_household_income_10k + acs_pct_bachelor_plus
UCMC,PM2.5,Q1,7.5266162057717665,Extubation,1,10.5,0.4591591601908369,PM2.5 single-pollutant,age_10 + sex + race_ethnicity + charlson_score + index_year_f + acs_pct_poverty + acs_pct_unemployed + acs_pct_no_vehicle + acs_pct_nonwhite + acs_median_household_income_10k + acs_pct_bachelor_plus
UCMC,PM2.5,Q1,7.5266162057717665,Extubation,1,10.75,0.46008637570278976,PM2.5 single-pollutant,age_10 + sex + race_ethnicity + charlson_score + index_year_f + acs_pct_poverty + acs_pct_unemployed + acs_pct_no_vehicle + acs_pct_nonwhite + acs_median_household_income_10k + acs_pct_bachelor_plus
UCMC,PM2.5,Q1,7.5266162057717665,Extubation,1,11,0.46142564039197864,PM2.5 single-pollutant,age_10 + sex + race_ethnicity + charlson_score + index_year_f + acs_pct_poverty + acs_pct_unemployed + acs_pct_no_vehicle + acs_pct_nonwhite + acs_median_household_income_10k + acs_pct_bachelor_plus
UCMC,PM2.5,Q1,7.5266162057717665,Extubation,1,11.25,0.46204368533774665,PM2.5 single-pollutant,age_10 + sex + race_ethnicity + charlson_score + index_year_f + acs_pct_poverty + acs_pct_unemployed + acs_pct_no_vehicle + acs_pct_nonwhite + acs_median_household_income_10k + acs_pct_bachelor_plus
UCMC,PM2.5,Q1,7.5266162057717665,Extubation,1,11.5,0.4629706311075269,PM2.5 single-pollutant,age_10 + sex + race_ethnicity + charlson_score + index_year_f + acs_pct_poverty + acs_pct_unemployed + acs_pct_no_vehicle + acs_pct_nonwhite + acs_median_household_income_10k + acs_pct_bachelor_plus
UCMC,PM2.5,Q1,7.5266162057717665,Extubation,1,11.75,0.4641035735384147,PM2.5 single-pollutant,age_10 + sex + race_ethnicity + charlson_score + index_year_f + acs_pct_poverty + acs_pct_unemployed + acs_pct_no_vehicle + acs_pct_nonwhite + acs_median_household_income_10k + acs_pct_bachelor_plus
UCMC,PM2.5,Q1,7.5266162057717665,Extubation,1,12,0.466472135427095,PM2.5 single-pollutant,age_10 + sex + race_ethnicity + charlson_score + index_year_f + acs_pct_poverty + acs_pct_unemployed + acs_pct_no_vehicle + acs_pct_nonwhite + acs_median_household_income_10k + acs_pct_bachelor_plus
UCMC,PM2.5,Q1,7.5266162057717665,Extubation,1,12.25,0.4675020882756542,PM2.5 single-pollutant,age_10 + sex + race_ethnicity + charlson_score + index_year_f + acs_pct_poverty + acs_pct_unemployed + acs_pct_no_vehicle + acs_pct_nonwhite + acs_median_household_income_10k + acs_pct_bachelor_plus
UCMC,PM2.5,Q1,7.5266162057717665,Extubation,1,12.5,0.4687379081980102,PM2.5 single-pollutant,age_10 + sex + race_ethnicity + charlson_score + index_year_f + acs_pct_poverty + acs_pct_unemployed + acs_pct_no_vehicle + acs_pct_nonwhite + acs_median_household_income_10k + acs_pct_bachelor_plus
UCMC,PM2.5,Q1,7.5266162057717665,Extubation,1,12.75,0.4705919932171502,PM2.5 single-pollutant,age_10 + sex + race_ethnicity + charlson_score + index_year_f + acs_pct_poverty + acs_pct_unemployed + acs_pct_no_vehicle + acs_pct_nonwhite + acs_median_household_income_10k + acs_pct_bachelor_plus
UCMC,PM2.5,Q1,7.5266162057717665,Extubation,1,13,0.4712100484109516,PM2.5 single-pollutant,age_10 + sex + race_ethnicity + charlson_score + index_year_f + acs_pct_poverty + acs_pct_unemployed + acs_pct_no_vehicle + acs_pct_nonwhite + acs_median_household_income_10k + acs_pct_bachelor_plus
UCMC,PM2.5,Q1,7.5266162057717665,Extubation,1,13.25,0.47213724267230306,PM2.5 single-pollutant,age_10 + sex + race_ethnicity + charlson_score + index_year_f + acs_pct_poverty + acs_pct_unemployed + acs_pct_no_vehicle + acs_pct_nonwhite + acs_median_household_income_10k + acs_pct_bachelor_plus
UCMC,PM2.5,Q1,7.5266162057717665,Extubation,1,13.5,0.4723432903318666,PM2.5 single-pollutant,age_10 + sex + race_ethnicity + charlson_score + index_year_f + acs_pct_poverty + acs_pct_unemployed + acs_pct_no_vehicle + acs_pct_nonwhite + acs_median_household_income_10k + acs_pct_bachelor_plus
UCMC,PM2.5,Q1,7.5266162057717665,Extubation,1,13.75,0.47347644630181596,PM2.5 single-pollutant,age_10 + sex + race_ethnicity + charlson_score + index_year_f + acs_pct_poverty + acs_pct_unemployed + acs_pct_no_vehicle + acs_pct_nonwhite + acs_median_household_income_10k + acs_pct_bachelor_plus
UCMC,PM2.5,Q1,7.5266162057717665,Extubation,1,14,0.47450664791543584,PM2.5 single-pollutant,age_10 + sex + race_ethnicity + charlson_score + index_year_f + acs_pct_poverty + acs_pct_unemployed + acs_pct_no_vehicle + acs_pct_nonwhite + acs_median_household_income_10k + acs_pct_bachelor_plus
UCMC,PM2.5,Q1,7.5266162057717665,Extubation,1,14.25,0.47522788444017483,PM2.5 single-pollutant,age_10 + sex + race_ethnicity + charlson_score + index_year_f + acs_pct_poverty + acs_pct_unemployed + acs_pct_no_vehicle + acs_pct_nonwhite + acs_median_household_income_10k + acs_pct_bachelor_plus
UCMC,PM2.5,Q1,7.5266162057717665,Extubation,1,14.5,0.47667031371996593,PM2.5 single-pollutant,age_10 + sex + race_ethnicity + charlson_score + index_year_f + acs_pct_poverty + acs_pct_unemployed + acs_pct_no_vehicle + acs_pct_nonwhite + acs_median_household_income_10k + acs_pct_bachelor_plus
UCMC,PM2.5,Q1,7.5266162057717665,Extubation,1,14.75,0.4768763325257821,PM2.5 single-pollutant,age_10 + sex + race_ethnicity + charlson_score + index_year_f + acs_pct_poverty + acs_pct_unemployed + acs_pct_no_vehicle + acs_pct_nonwhite + acs_median_household_income_10k + acs_pct_bachelor_plus
UCMC,PM2.5,Q1,7.5266162057717665,Extubation,1,15,0.4772884046219469,PM2.5 single-pollutant,age_10 + sex + race_ethnicity + charlson_score + index_year_f + acs_pct_poverty + acs_pct_unemployed + acs_pct_no_vehicle + acs_pct_nonwhite + acs_median_household_income_10k + acs_pct_bachelor_plus
UCMC,PM2.5,Q1,7.5266162057717665,Extubation,1,15.25,0.4783188833852612,PM2.5 single-pollutant,age_10 + sex + race_ethnicity + charlson_score + index_year_f + acs_pct_poverty + acs_pct_unemployed + acs_pct_no_vehicle + acs_pct_nonwhite + acs_median_household_income_10k + acs_pct_bachelor_plus
UCMC,PM2.5,Q1,7.5266162057717665,Extubation,1,15.5,0.47893718746670577,PM2.5 single-pollutant,age_10 + sex + race_ethnicity + charlson_score + index_year_f + acs_pct_poverty + acs_pct_unemployed + acs_pct_no_vehicle + acs_pct_nonwhite + acs_median_household_income_10k + acs_pct_bachelor_plus
UCMC,PM2.5,Q1,7.5266162057717665,Extubation,1,15.75,0.47934934936886264,PM2.5 single-pollutant,age_10 + sex + race_ethnicity + charlson_score + index_year_f + acs_pct_poverty + acs_pct_unemployed + acs_pct_no_vehicle + acs_pct_nonwhite + acs_median_household_income_10k + acs_pct_bachelor_plus
UCMC,PM2.5,Q1,7.5266162057717665,Extubation,1,16,0.479864560071087,PM2.5 single-pollutant,age_10 + sex + race_ethnicity + charlson_score + index_year_f + acs_pct_poverty + acs_pct_unemployed + acs_pct_no_vehicle + acs_pct_nonwhite + acs_median_household_income_10k + acs_pct_bachelor_plus
UCMC,PM2.5,Q1,7.5266162057717665,Extubation,1,16.25,0.4804828151258934,PM2.5 single-pollutant,age_10 + sex + race_ethnicity + charlson_score + index_year_f + acs_pct_poverty + acs_pct_unemployed + acs_pct_no_vehicle + acs_pct_nonwhite + acs_median_household_income_10k + acs_pct_bachelor_plus
UCMC,PM2.5,Q1,7.5266162057717665,Extubation,1,16.5,0.4808950604498061,PM2.5 single-pollutant,age_10 + sex + race_ethnicity + charlson_score + index_year_f + acs_pct_poverty + acs_pct_unemployed + acs_pct_no_vehicle + acs_pct_nonwhite + acs_median_household_income_10k + acs_pct_bachelor_plus
UCMC,PM2.5,Q1,7.5266162057717665,Extubation,1,16.75,0.4814103962854631,PM2.5 single-pollutant,age_10 + sex + race_ethnicity + charlson_score + index_year_f + acs_pct_poverty + acs_pct_unemployed + acs_pct_no_vehicle + acs_pct_nonwhite + acs_median_household_income_10k + acs_pct_bachelor_plus
UCMC,PM2.5,Q1,7.5266162057717665,Extubation,1,17,0.4820287477439762,PM2.5 single-pollutant,age_10 + sex + race_ethnicity + charlson_score + index_year_f + acs_pct_poverty + acs_pct_unemployed + acs_pct_no_vehicle + acs_pct_nonwhite + acs_median_household_income_10k + acs_pct_bachelor_plus
UCMC,PM2.5,Q1,7.5266162057717665,Extubation,1,17.25,0.48264706623379905,PM2.5 single-pollutant,age_10 + sex + race_ethnicity + charlson_score + index_year_f + acs_pct_poverty + acs_pct_unemployed + acs_pct_no_vehicle + acs_pct_nonwhite + acs_median_household_income_10k + acs_pct_bachelor_plus
UCMC,PM2.5,Q1,7.5266162057717665,Extubation,1,17.5,0.4833684292002496,PM2.5 single-pollutant,age_10 + sex + race_ethnicity + charlson_score + index_year_f + acs_pct_poverty + acs_pct_unemployed + acs_pct_no_vehicle + acs_pct_nonwhite + acs_median_household_income_10k + acs_pct_bachelor_plus
UCMC,PM2.5,Q1,7.5266162057717665,Extubation,1,17.75,0.4835745181471468,PM2.5 single-pollutant,age_10 + sex + race_ethnicity + charlson_score + index_year_f + acs_pct_poverty + acs_pct_unemployed + acs_pct_no_vehicle + acs_pct_nonwhite + acs_median_household_income_10k + acs_pct_bachelor_plus
UCMC,PM2.5,Q1,7.5266162057717665,Extubation,1,18,0.48408969235287247,PM2.5 single-pollutant,age_10 + sex + race_ethnicity + charlson_score + index_year_f + acs_pct_poverty + acs_pct_unemployed + acs_pct_no_vehicle + acs_pct_nonwhite + acs_median_household_income_10k + acs_pct_bachelor_plus
UCMC,PM2.5,Q1,7.5266162057717665,Extubation,1,18.25,0.4845018463200442,PM2.5 single-pollutant,age_10 + sex + race_ethnicity + charlson_score + index_year_f + acs_pct_poverty + acs_pct_unemployed + acs_pct_no_vehicle + acs_pct_nonwhite + acs_median_household_income_10k + acs_pct_bachelor_plus
UCMC,PM2.5,Q1,7.5266162057717665,Extubation,1,18.5,0.48481094819389425,PM2.5 single-pollutant,age_10 + sex + race_ethnicity + charlson_score + index_year_f + acs_pct_poverty + acs_pct_unemployed + acs_pct_no_vehicle + acs_pct_nonwhite + acs_median_household_income_10k + acs_pct_bachelor_plus
UCMC,PM2.5,Q1,7.5266162057717665,Extubation,1,18.75,0.48512006882074854,PM2.5 single-pollutant,age_10 + sex + race_ethnicity + charlson_score + index_year_f + acs_pct_poverty + acs_pct_unemployed + acs_pct_no_vehicle + acs_pct_nonwhite + acs_median_household_income_10k + acs_pct_bachelor_plus
UCMC,PM2.5,Q1,7.5266162057717665,Extubation,1,19,0.4858413497983908,PM2.5 single-pollutant,age_10 + sex + race_ethnicity + charlson_score + index_year_f + acs_pct_poverty + acs_pct_unemployed + acs_pct_no_vehicle + acs_pct_nonwhite + acs_median_household_income_10k + acs_pct_bachelor_plus
UCMC,PM2.5,Q1,7.5266162057717665,Extubation,1,19.25,0.4861505239984055,PM2.5 single-pollutant,age_10 + sex + race_ethnicity + charlson_score + index_year_f + acs_pct_poverty + acs_pct_unemployed + acs_pct_no_vehicle + acs_pct_nonwhite + acs_median_household_income_10k + acs_pct_bachelor_plus
UCMC,PM2.5,Q1,7.5266162057717665,Extubation,1,19.5,0.48656274688086965,PM2.5 single-pollutant,age_10 + sex + race_ethnicity + charlson_score + index_year_f + acs_pct_poverty + acs_pct_unemployed + acs_pct_no_vehicle + acs_pct_nonwhite + acs_median_household_income_10k + acs_pct_bachelor_plus
UCMC,PM2.5,Q1,7.5266162057717665,Extubation,1,19.75,0.48728414014197974,PM2.5 single-pollutant,age_10 + sex + race_ethnicity + charlson_score + index_year_f + acs_pct_poverty + acs_pct_unemployed + acs_pct_no_vehicle + acs_pct_nonwhite + acs_median_household_income_10k + acs_pct_bachelor_plus
UCMC,PM2.5,Q1,7.5266162057717665,Extubation,1,20,0.4880056570272061,PM2.5 single-pollutant,age_10 + sex + race_ethnicity + charlson_score + index_year_f + acs_pct_poverty + acs_pct_unemployed + acs_pct_no_vehicle + acs_pct_nonwhite + acs_median_household_income_10k + acs_pct_bachelor_plus
UCMC,PM2.5,Q1,7.5266162057717665,Extubation,1,20.25,0.48831490088072005,PM2.5 single-pollutant,age_10 + sex + race_ethnicity + charlson_score + index_year_f + acs_pct_poverty + acs_pct_unemployed + acs_pct_no_vehicle + acs_pct_nonwhite + acs_median_household_income_10k + acs_pct_bachelor_plus
UCMC,PM2.5,Q1,7.5266162057717665,Extubation,1,20.5,0.48852104137457,PM2.5 single-pollutant,age_10 + sex + race_ethnicity + charlson_score + index_year_f + acs_pct_poverty + acs_pct_unemployed + acs_pct_no_vehicle + acs_pct_nonwhite + acs_median_household_income_10k + acs_pct_bachelor_plus
UCMC,PM2.5,Q1,7.5266162057717665,Extubation,1,20.75,0.4886241115193287,PM2.5 single-pollutant,age_10 + sex + race_ethnicity + charlson_score + index_year_f + acs_pct_poverty + acs_pct_unemployed + acs_pct_no_vehicle + acs_pct_nonwhite + acs_median_household_income_10k + acs_pct_bachelor_plus
UCMC,PM2.5,Q1,7.5266162057717665,Extubation,1,21,0.4889333389353421,PM2.5 single-pollutant,age_10 + sex + race_ethnicity + charlson_score + index_year_f + acs_pct_poverty + acs_pct_unemployed + acs_pct_no_vehicle + acs_pct_nonwhite + acs_median_household_income_10k + acs_pct_bachelor_plus
UCMC,PM2.5,Q1,7.5266162057717665,Extubation,1,21.25,0.4891394861860435,PM2.5 single-pollutant,age_10 + sex + race_ethnicity + charlson_score + index_year_f + acs_pct_poverty + acs_pct_unemployed + acs_pct_no_vehicle + acs_pct_nonwhite + acs_median_household_income_10k + acs_pct_bachelor_plus
UCMC,PM2.5,Q1,7.5266162057717665,Extubation,1,21.5,0.4895517890104506,PM2.5 single-pollutant,age_10 + sex + race_ethnicity + charlson_score + index_year_f + acs_pct_poverty + acs_pct_unemployed + acs_pct_no_vehicle + acs_pct_nonwhite + acs_median_household_income_10k + acs_pct_bachelor_plus
UCMC,PM2.5,Q1,7.5266162057717665,Extubation,1,21.75,0.48986099406578454,PM2.5 single-pollutant,age_10 + sex + race_ethnicity + charlson_score + index_year_f + acs_pct_poverty + acs_pct_unemployed + acs_pct_no_vehicle + acs_pct_nonwhite + acs_median_household_income_10k + acs_pct_bachelor_plus
UCMC,PM2.5,Q1,7.5266162057717665,Extubation,1,22,0.4900671414873802,PM2.5 single-pollutant,age_10 + sex + race_ethnicity + charlson_score + index_year_f + acs_pct_poverty + acs_pct_unemployed + acs_pct_no_vehicle + acs_pct_nonwhite + acs_median_household_income_10k + acs_pct_bachelor_plus
UCMC,PM2.5,Q1,7.5266162057717665,Extubation,1,22.25,0.49017020973825365,PM2.5 single-pollutant,age_10 + sex + race_ethnicity + charlson_score + index_year_f + acs_pct_poverty + acs_pct_unemployed + acs_pct_no_vehicle + acs_pct_nonwhite + acs_median_household_income_10k + acs_pct_bachelor_plus
UCMC,PM2.5,Q1,7.5266162057717665,Extubation,1,22.5,0.49017020973825365,PM2.5 single-pollutant,age_10 + sex + race_ethnicity + charlson_score + index_year_f + acs_pct_poverty + acs_pct_unemployed + acs_pct_no_vehicle + acs_pct_nonwhite + acs_median_household_income_10k + acs_pct_bachelor_plus
UCMC,PM2.5,Q1,7.5266162057717665,Extubation,1,22.75,0.49027327838933576,PM2.5 single-pollutant,age_10 + sex + race_ethnicity + charlson_score + index_year_f + acs_pct_poverty + acs_pct_unemployed + acs_pct_no_vehicle + acs_pct_nonwhite + acs_median_household_income_10k + acs_pct_bachelor_plus
UCMC,PM2.5,Q1,7.5266162057717665,Extubation,1,23,0.49047939827708853,PM2.5 single-pollutant,age_10 + sex + race_ethnicity + charlson_score + index_year_f + acs_pct_poverty + acs_pct_unemployed + acs_pct_no_vehicle + acs_pct_nonwhite + acs_median_household_income_10k + acs_pct_bachelor_plus
UCMC,PM2.5,Q1,7.5266162057717665,Extubation,1,23.25,0.49058245697779757,PM2.5 single-pollutant,age_10 + sex + race_ethnicity + charlson_score + index_year_f + acs_pct_poverty + acs_pct_unemployed + acs_pct_no_vehicle + acs_pct_nonwhite + acs_median_household_income_10k + acs_pct_bachelor_plus
UCMC,PM2.5,Q1,7.5266162057717665,Extubation,1,23.5,0.49099468387873335,PM2.5 single-pollutant,age_10 + sex + race_ethnicity + charlson_score + index_year_f + acs_pct_poverty + acs_pct_unemployed + acs_pct_no_vehicle + acs_pct_nonwhite + acs_median_household_income_10k + acs_pct_bachelor_plus
UCMC,PM2.5,Q1,7.5266162057717665,Extubation,1,23.75,0.4910977639684153,PM2.5 single-pollutant,age_10 + sex + race_ethnicity + charlson_score + index_year_f + acs_pct_poverty + acs_pct_unemployed + acs_pct_no_vehicle + acs_pct_nonwhite + acs_median_household_income_10k + acs_pct_bachelor_plus
UCMC,PM2.5,Q1,7.5266162057717665,Extubation,1,24,0.4917163123897932,PM2.5 single-pollutant,age_10 + sex + race_ethnicity + charlson_score + index_year_f + acs_pct_poverty + acs_pct_unemployed + acs_pct_no_vehicle + acs_pct_nonwhite + acs_median_household_income_10k + acs_pct_bachelor_plus
UCMC,PM2.5,Q1,7.5266162057717665,Extubation,1,24.25,0.4919225353813682,PM2.5 single-pollutant,age_10 + sex + race_ethnicity + charlson_score + index_year_f + acs_pct_poverty + acs_pct_unemployed + acs_pct_no_vehicle + acs_pct_nonwhite + acs_median_household_income_10k + acs_pct_bachelor_plus
UCMC,PM2.5,Q1,7.5266162057717665,Extubation,1,24.5,0.4919225353813682,PM2.5 single-pollutant,age_10 + sex + race_ethnicity + charlson_score + index_year_f + acs_pct_poverty + acs_pct_unemployed + acs_pct_no_vehicle + acs_pct_nonwhite + acs_median_household_income_10k + acs_pct_bachelor_plus
UCMC,PM2.5,Q1,7.5266162057717665,Extubation,1,24.75,0.49233498157217614,PM2.5 single-pollutant,age_10 + sex + race_ethnicity + charlson_score + index_year_f + acs_pct_poverty + acs_pct_unemployed + acs_pct_no_vehicle + acs_pct_nonwhite + acs_median_household_income_10k + acs_pct_bachelor_plus
UCMC,PM2.5,Q1,7.5266162057717665,Extubation,1,25,0.49233498157217614,PM2.5 single-pollutant,age_10 + sex + race_ethnicity + charlson_score + index_year_f + acs_pct_poverty + acs_pct_unemployed + acs_pct_no_vehicle + acs_pct_nonwhite + acs_median_household_income_10k + acs_pct_bachelor_plus
UCMC,PM2.5,Q1,7.5266162057717665,Extubation,1,25.25,0.4927474930785891,PM2.5 single-pollutant,age_10 + sex + race_ethnicity + charlson_score + index_year_f + acs_pct_poverty + acs_pct_unemployed + acs_pct_no_vehicle + acs_pct_nonwhite + acs_median_household_income_10k + acs_pct_bachelor_plus
UCMC,PM2.5,Q1,7.5266162057717665,Extubation,1,25.5,0.49295375713025624,PM2.5 single-pollutant,age_10 + sex + race_ethnicity + charlson_score + index_year_f + acs_pct_poverty + acs_pct_unemployed + acs_pct_no_vehicle + acs_pct_nonwhite + acs_median_household_income_10k + acs_pct_bachelor_plus
UCMC,PM2.5,Q1,7.5266162057717665,Extubation,1,25.75,0.49316003267011044,PM2.5 single-pollutant,age_10 + sex + race_ethnicity + charlson_score + index_year_f + acs_pct_poverty + acs_pct_unemployed + acs_pct_no_vehicle + acs_pct_nonwhite + acs_median_household_income_10k + acs_pct_bachelor_plus
UCMC,PM2.5,Q1,7.5266162057717665,Extubation,1,26,0.4933663297394504,PM2.5 single-pollutant,age_10 + sex + race_ethnicity + charlson_score + index_year_f + acs_pct_poverty + acs_pct_unemployed + acs_pct_no_vehicle + acs_pct_nonwhite + acs_median_household_income_10k + acs_pct_bachelor_plus
UCMC,PM2.5,Q1,7.5266162057717665,Extubation,1,26.25,0.4934694731197148,PM2.5 single-pollutant,age_10 + sex + race_ethnicity + charlson_score + index_year_f + acs_pct_poverty + acs_pct_unemployed + acs_pct_no_vehicle + acs_pct_nonwhite + acs_median_household_income_10k + acs_pct_bachelor_plus
UCMC,PM2.5,Q1,7.5266162057717665,Extubation,1,26.5,0.49377892394974665,PM2.5 single-pollutant,age_10 + sex + race_ethnicity + charlson_score + index_year_f + acs_pct_poverty + acs_pct_unemployed + acs_pct_no_vehicle + acs_pct_nonwhite + acs_median_household_income_10k + acs_pct_bachelor_plus
UCMC,PM2.5,Q1,7.5266162057717665,Extubation,1,26.75,0.493882080834807,PM2.5 single-pollutant,age_10 + sex + race_ethnicity + charlson_score + index_year_f + acs_pct_poverty + acs_pct_unemployed + acs_pct_no_vehicle + acs_pct_nonwhite + acs_median_household_income_10k + acs_pct_bachelor_plus
UCMC,PM2.5,Q1,7.5266162057717665,Extubation,1,27,0.4939852329546488,PM2.5 single-pollutant,age_10 + sex + race_ethnicity + charlson_score + index_year_f + acs_pct_poverty + acs_pct_unemployed + acs_pct_no_vehicle + acs_pct_nonwhite + acs_median_household_income_10k + acs_pct_bachelor_plus
UCMC,PM2.5,Q1,7.5266162057717665,Extubation,1,27.25,0.49408838445707914,PM2.5 single-pollutant,age_10 + sex + race_ethnicity + charlson_score + index_year_f + acs_pct_poverty + acs_pct_unemployed + acs_pct_no_vehicle + acs_pct_nonwhite + acs_median_household_income_10k + acs_pct_bachelor_plus
UCMC,PM2.5,Q1,7.5266162057717665,Extubation,1,27.5,0.49408838445707914,PM2.5 single-pollutant,age_10 + sex + race_ethnicity + charlson_score + index_year_f + acs_pct_poverty + acs_pct_unemployed + acs_pct_no_vehicle + acs_pct_nonwhite + acs_median_household_income_10k + acs_pct_bachelor_plus
UCMC,PM2.5,Q1,7.5266162057717665,Extubation,1,27.75,0.49419153079584743,PM2.5 single-pollutant,age_10 + sex + race_ethnicity + charlson_score + index_year_f + acs_pct_poverty + acs_pct_unemployed + acs_pct_no_vehicle + acs_pct_nonwhite + acs_median_household_income_10k + acs_pct_bachelor_plus
UCMC,PM2.5,Q1,7.5266162057717665,Extubation,1,28,0.4943978163018553,PM2.5 single-pollutant,age_10 + sex + race_ethnicity + charlson_score + index_year_f + acs_pct_poverty + acs_pct_unemployed + acs_pct_no_vehicle + acs_pct_nonwhite + acs_median_household_income_10k + acs_pct_bachelor_plus
UCMC,PM2.5,Q2,8.223672812547143,Extubation,1,0,0,PM2.5 single-pollutant,age_10 + sex + race_ethnicity + charlson_score + index_year_f + acs_pct_poverty + acs_pct_unemployed + acs_pct_no_vehicle + acs_pct_nonwhite + acs_median_household_income_10k + acs_pct_bachelor_plus
UCMC,PM2.5,Q2,8.223672812547143,Extubation,1,0.25,0.027736676787490033,PM2.5 single-pollutant,age_10 + sex + race_ethnicity + charlson_score + index_year_f + acs_pct_poverty + acs_pct_unemployed + acs_pct_no_vehicle + acs_pct_nonwhite + acs_median_household_income_10k + acs_pct_bachelor_plus
UCMC,PM2.5,Q2,8.223672812547143,Extubation,1,0.5,0.10078860395939249,PM2.5 single-pollutant,age_10 + sex + race_ethnicity + charlson_score + index_year_f + acs_pct_poverty + acs_pct_unemployed + acs_pct_no_vehicle + acs_pct_nonwhite + acs_median_household_income_10k + acs_pct_bachelor_plus
UCMC,PM2.5,Q2,8.223672812547143,Extubation,1,0.75,0.14180002491837285,PM2.5 single-pollutant,age_10 + sex + race_ethnicity + charlson_score + index_year_f + acs_pct_poverty + acs_pct_unemployed + acs_pct_no_vehicle + acs_pct_nonwhite + acs_median_household_income_10k + acs_pct_bachelor_plus
UCMC,PM2.5,Q2,8.223672812547143,Extubation,1,1,0.19934004862891053,PM2.5 single-pollutant,age_10 + sex + race_ethnicity + charlson_score + index_year_f + acs_pct_poverty + acs_pct_unemployed + acs_pct_no_vehicle + acs_pct_nonwhite + acs_median_household_income_10k + acs_pct_bachelor_plus
UCMC,PM2.5,Q2,8.223672812547143,Extubation,1,1.25,0.2319099353287879,PM2.5 single-pollutant,age_10 + sex + race_ethnicity + charlson_score + index_year_f + acs_pct_poverty + acs_pct_unemployed + acs_pct_no_vehicle + acs_pct_nonwhite + acs_median_household_income_10k + acs_pct_bachelor_plus
UCMC,PM2.5,Q2,8.223672812547143,Extubation,1,1.5,0.2511319054029444,PM2.5 single-pollutant,age_10 + sex + race_ethnicity + charlson_score + index_year_f + acs_pct_poverty + acs_pct_unemployed + acs_pct_no_vehicle + acs_pct_nonwhite + acs_median_household_income_10k + acs_pct_bachelor_plus
UCMC,PM2.5,Q2,8.223672812547143,Extubation,1,1.75,0.271384051271917,PM2.5 single-pollutant,age_10 + sex + race_ethnicity + charlson_score + index_year_f + acs_pct_poverty + acs_pct_unemployed + acs_pct_no_vehicle + acs_pct_nonwhite + acs_median_household_income_10k + acs_pct_bachelor_plus
UCMC,PM2.5,Q2,8.223672812547143,Extubation,1,2,0.2932721754256217,PM2.5 single-pollutant,age_10 + sex + race_ethnicity + charlson_score + index_year_f + acs_pct_poverty + acs_pct_unemployed + acs_pct_no_vehicle + acs_pct_nonwhite + acs_median_household_income_10k + acs_pct_bachelor_plus
UCMC,PM2.5,Q2,8.223672812547143,Extubation,1,2.25,0.30903175069510025,PM2.5 single-pollutant,age_10 + sex + race_ethnicity + charlson_score + index_year_f + acs_pct_poverty + acs_pct_unemployed + acs_pct_no_vehicle + acs_pct_nonwhite + acs_median_household_income_10k + acs_pct_bachelor_plus
UCMC,PM2.5,Q2,8.223672812547143,Extubation,1,2.5,0.3200862890562767,PM2.5 single-pollutant,age_10 + sex + race_ethnicity + charlson_score + index_year_f + acs_pct_poverty + acs_pct_unemployed + acs_pct_no_vehicle + acs_pct_nonwhite + acs_median_household_income_10k + acs_pct_bachelor_plus
UCMC,PM2.5,Q2,8.223672812547143,Extubation,1,2.75,0.3330903629462031,PM2.5 single-pollutant,age_10 + sex + race_ethnicity + charlson_score + index_year_f + acs_pct_poverty + acs_pct_unemployed + acs_pct_no_vehicle + acs_pct_nonwhite + acs_median_household_income_10k + acs_pct_bachelor_plus
UCMC,PM2.5,Q2,8.223672812547143,Extubation,1,3,0.34476106733162015,PM2.5 single-pollutant,age_10 + sex + race_ethnicity + charlson_score + index_year_f + acs_pct_poverty + acs_pct_unemployed + acs_pct_no_vehicle + acs_pct_nonwhite + acs_median_household_income_10k + acs_pct_bachelor_plus
UCMC,PM2.5,Q2,8.223672812547143,Extubation,1,3.25,0.35387766331211923,PM2.5 single-pollutant,age_10 + sex + race_ethnicity + charlson_score + index_year_f + acs_pct_poverty + acs_pct_unemployed + acs_pct_no_vehicle + acs_pct_nonwhite + acs_median_household_income_10k + acs_pct_bachelor_plus
UCMC,PM2.5,Q2,8.223672812547143,Extubation,1,3.5,0.3620739942974256,PM2.5 single-pollutant,age_10 + sex + race_ethnicity + charlson_score + index_year_f + acs_pct_poverty + acs_pct_unemployed + acs_pct_no_vehicle + acs_pct_nonwhite + acs_median_household_income_10k + acs_pct_bachelor_plus
UCMC,PM2.5,Q2,8.223672812547143,Extubation,1,3.75,0.3691462106224638,PM2.5 single-pollutant,age_10 + sex + race_ethnicity + charlson_score + index_year_f + acs_pct_poverty + acs_pct_unemployed + acs_pct_no_vehicle + acs_pct_nonwhite + acs_median_household_income_10k + acs_pct_bachelor_plus
UCMC,PM2.5,Q2,8.223672812547143,Extubation,1,4,0.37611524632908955,PM2.5 single-pollutant,age_10 + sex + race_ethnicity + charlson_score + index_year_f + acs_pct_poverty + acs_pct_unemployed + acs_pct_no_vehicle + acs_pct_nonwhite + acs_median_household_income_10k + acs_pct_bachelor_plus
UCMC,PM2.5,Q2,8.223672812547143,Extubation,1,4.25,0.3821645804925451,PM2.5 single-pollutant,age_10 + sex + race_ethnicity + charlson_score + index_year_f + acs_pct_poverty + acs_pct_unemployed + acs_pct_no_vehicle + acs_pct_nonwhite + acs_median_household_income_10k + acs_pct_bachelor_plus
UCMC,PM2.5,Q2,8.223672812547143,Extubation,1,4.5,0.3872900767598173,PM2.5 single-pollutant,age_10 + sex + race_ethnicity + charlson_score + index_year_f + acs_pct_poverty + acs_pct_unemployed + acs_pct_no_vehicle + acs_pct_nonwhite + acs_median_household_income_10k + acs_pct_bachelor_plus
UCMC,PM2.5,Q2,8.223672812547143,Extubation,1,4.75,0.39231176936427326,PM2.5 single-pollutant,age_10 + sex + race_ethnicity + charlson_score + index_year_f + acs_pct_poverty + acs_pct_unemployed + acs_pct_no_vehicle + acs_pct_nonwhite + acs_median_household_income_10k + acs_pct_bachelor_plus
UCMC,PM2.5,Q2,8.223672812547143,Extubation,1,5,0.39763976507842846,PM2.5 single-pollutant,age_10 + sex + race_ethnicity + charlson_score + index_year_f + acs_pct_poverty + acs_pct_unemployed + acs_pct_no_vehicle + acs_pct_nonwhite + acs_median_household_income_10k + acs_pct_bachelor_plus
UCMC,PM2.5,Q2,8.223672812547143,Extubation,1,5.25,0.40235219728263816,PM2.5 single-pollutant,age_10 + sex + race_ethnicity + charlson_score + index_year_f + acs_pct_poverty + acs_pct_unemployed + acs_pct_no_vehicle + acs_pct_nonwhite + acs_median_household_income_10k + acs_pct_bachelor_plus
UCMC,PM2.5,Q2,8.223672812547143,Extubation,1,5.5,0.40675775943745074,PM2.5 single-pollutant,age_10 + sex + race_ethnicity + charlson_score + index_year_f + acs_pct_poverty + acs_pct_unemployed + acs_pct_no_vehicle + acs_pct_nonwhite + acs_median_household_income_10k + acs_pct_bachelor_plus
UCMC,PM2.5,Q2,8.223672812547143,Extubation,1,5.75,0.41065032238378396,PM2.5 single-pollutant,age_10 + sex + race_ethnicity + charlson_score + index_year_f + acs_pct_poverty + acs_pct_unemployed + acs_pct_no_vehicle + acs_pct_nonwhite + acs_median_household_income_10k + acs_pct_bachelor_plus
UCMC,PM2.5,Q2,8.223672812547143,Extubation,1,6,0.414848675878693,PM2.5 single-pollutant,age_10 + sex + race_ethnicity + charlson_score + index_year_f + acs_pct_poverty + acs_pct_unemployed + acs_pct_no_vehicle + acs_pct_nonwhite + acs_median_household_income_10k + acs_pct_bachelor_plus
UCMC,PM2.5,Q2,8.223672812547143,Extubation,1,6.25,0.41781782766265607,PM2.5 single-pollutant,age_10 + sex + race_ethnicity + charlson_score + index_year_f + acs_pct_poverty + acs_pct_unemployed + acs_pct_no_vehicle + acs_pct_nonwhite + acs_median_household_income_10k + acs_pct_bachelor_plus
UCMC,PM2.5,Q2,8.223672812547143,Extubation,1,6.5,0.4209922127366449,PM2.5 single-pollutant,age_10 + sex + race_ethnicity + charlson_score + index_year_f + acs_pct_poverty + acs_pct_unemployed + acs_pct_no_vehicle + acs_pct_nonwhite + acs_median_household_income_10k + acs_pct_bachelor_plus
UCMC,PM2.5,Q2,8.223672812547143,Extubation,1,6.75,0.4243725900413591,PM2.5 single-pollutant,age_10 + sex + race_ethnicity + charlson_score + index_year_f + acs_pct_poverty + acs_pct_unemployed + acs_pct_no_vehicle + acs_pct_nonwhite + acs_median_household_income_10k + acs_pct_bachelor_plus
UCMC,PM2.5,Q2,8.223672812547143,Extubation,1,7,0.42765132742595136,PM2.5 single-pollutant,age_10 + sex + race_ethnicity + charlson_score + index_year_f + acs_pct_poverty + acs_pct_unemployed + acs_pct_no_vehicle + acs_pct_nonwhite + acs_median_household_income_10k + acs_pct_bachelor_plus
UCMC,PM2.5,Q2,8.223672812547143,Extubation,1,7.25,0.4301099455535782,PM2.5 single-pollutant,age_10 + sex + race_ethnicity + charlson_score + index_year_f + acs_pct_poverty + acs_pct_unemployed + acs_pct_no_vehicle + acs_pct_nonwhite + acs_median_household_income_10k + acs_pct_bachelor_plus
UCMC,PM2.5,Q2,8.223672812547143,Extubation,1,7.5,0.43226131998367967,PM2.5 single-pollutant,age_10 + sex + race_ethnicity + charlson_score + index_year_f + acs_pct_poverty + acs_pct_unemployed + acs_pct_no_vehicle + acs_pct_nonwhite + acs_median_household_income_10k + acs_pct_bachelor_plus
UCMC,PM2.5,Q2,8.223672812547143,Extubation,1,7.75,0.43513083267657704,PM2.5 single-pollutant,age_10 + sex + race_ethnicity + charlson_score + index_year_f + acs_pct_poverty + acs_pct_unemployed + acs_pct_no_vehicle + acs_pct_nonwhite + acs_median_household_income_10k + acs_pct_bachelor_plus
UCMC,PM2.5,Q2,8.223672812547143,Extubation,1,8,0.4382066139256785,PM2.5 single-pollutant,age_10 + sex + race_ethnicity + charlson_score + index_year_f + acs_pct_poverty + acs_pct_unemployed + acs_pct_no_vehicle + acs_pct_nonwhite + acs_median_household_income_10k + acs_pct_bachelor_plus
UCMC,PM2.5,Q2,8.223672812547143,Extubation,1,8.25,0.4400527343054894,PM2.5 single-pollutant,age_10 + sex + race_ethnicity + charlson_score + index_year_f + acs_pct_poverty + acs_pct_unemployed + acs_pct_no_vehicle + acs_pct_nonwhite + acs_median_household_income_10k + acs_pct_bachelor_plus
UCMC,PM2.5,Q2,8.223672812547143,Extubation,1,8.5,0.4421044773682108,PM2.5 single-pollutant,age_10 + sex + race_ethnicity + charlson_score + index_year_f + acs_pct_poverty + acs_pct_unemployed + acs_pct_no_vehicle + acs_pct_nonwhite + acs_median_household_income_10k + acs_pct_bachelor_plus
UCMC,PM2.5,Q2,8.223672812547143,Extubation,1,8.75,0.44466930946139327,PM2.5 single-pollutant,age_10 + sex + race_ethnicity + charlson_score + index_year_f + acs_pct_poverty + acs_pct_unemployed + acs_pct_no_vehicle + acs_pct_nonwhite + acs_median_household_income_10k + acs_pct_bachelor_plus
UCMC,PM2.5,Q2,8.223672812547143,Extubation,1,9,0.4469263506521005,PM2.5 single-pollutant,age_10 + sex + race_ethnicity + charlson_score + index_year_f + acs_pct_poverty + acs_pct_unemployed + acs_pct_no_vehicle + acs_pct_nonwhite + acs_median_household_income_10k + acs_pct_bachelor_plus
UCMC,PM2.5,Q2,8.223672812547143,Extubation,1,9.25,0.44877341044276364,PM2.5 single-pollutant,age_10 + sex + race_ethnicity + charlson_score + index_year_f + acs_pct_poverty + acs_pct_unemployed + acs_pct_no_vehicle + acs_pct_nonwhite + acs_median_household_income_10k + acs_pct_bachelor_plus
UCMC,PM2.5,Q2,8.223672812547143,Extubation,1,9.5,0.4504154861701747,PM2.5 single-pollutant,age_10 + sex + race_ethnicity + charlson_score + index_year_f + acs_pct_poverty + acs_pct_unemployed + acs_pct_no_vehicle + acs_pct_nonwhite + acs_median_household_income_10k + acs_pct_bachelor_plus
UCMC,PM2.5,Q2,8.223672812547143,Extubation,1,9.75,0.4519550187467658,PM2.5 single-pollutant,age_10 + sex + race_ethnicity + charlson_score + index_year_f + acs_pct_poverty + acs_pct_unemployed + acs_pct_no_vehicle + acs_pct_nonwhite + acs_median_household_income_10k + acs_pct_bachelor_plus
UCMC,PM2.5,Q2,8.223672812547143,Extubation,1,10,0.45400803117932353,PM2.5 single-pollutant,age_10 + sex + race_ethnicity + charlson_score + index_year_f + acs_pct_poverty + acs_pct_unemployed + acs_pct_no_vehicle + acs_pct_nonwhite + acs_median_household_income_10k + acs_pct_bachelor_plus
UCMC,PM2.5,Q2,8.223672812547143,Extubation,1,10.25,0.45544547960398474,PM2.5 single-pollutant,age_10 + sex + race_ethnicity + charlson_score + index_year_f + acs_pct_poverty + acs_pct_unemployed + acs_pct_no_vehicle + acs_pct_nonwhite + acs_median_household_income_10k + acs_pct_bachelor_plus
UCMC,PM2.5,Q2,8.223672812547143,Extubation,1,10.5,0.45626691968636357,PM2.5 single-pollutant,age_10 + sex + race_ethnicity + charlson_score + index_year_f + acs_pct_poverty + acs_pct_unemployed + acs_pct_no_vehicle + acs_pct_nonwhite + acs_median_household_income_10k + acs_pct_bachelor_plus
UCMC,PM2.5,Q2,8.223672812547143,Extubation,1,10.75,0.4571910116250323,PM2.5 single-pollutant,age_10 + sex + race_ethnicity + charlson_score + index_year_f + acs_pct_poverty + acs_pct_unemployed + acs_pct_no_vehicle + acs_pct_nonwhite + acs_median_household_income_10k + acs_pct_bachelor_plus
UCMC,PM2.5,Q2,8.223672812547143,Extubation,1,11,0.4585257889599206,PM2.5 single-pollutant,age_10 + sex + race_ethnicity + charlson_score + index_year_f + acs_pct_poverty + acs_pct_unemployed + acs_pct_no_vehicle + acs_pct_nonwhite + acs_median_household_income_10k + acs_pct_bachelor_plus
UCMC,PM2.5,Q2,8.223672812547143,Extubation,1,11.25,0.4591417727862275,PM2.5 single-pollutant,age_10 + sex + race_ethnicity + charlson_score + index_year_f + acs_pct_poverty + acs_pct_unemployed + acs_pct_no_vehicle + acs_pct_nonwhite + acs_median_household_income_10k + acs_pct_bachelor_plus
UCMC,PM2.5,Q2,8.223672812547143,Extubation,1,11.5,0.4600656387966289,PM2.5 single-pollutant,age_10 + sex + race_ethnicity + charlson_score + index_year_f + acs_pct_poverty + acs_pct_unemployed + acs_pct_no_vehicle + acs_pct_nonwhite + acs_median_household_income_10k + acs_pct_bachelor_plus
UCMC,PM2.5,Q2,8.223672812547143,Extubation,1,11.75,0.46119483584268495,PM2.5 single-pollutant,age_10 + sex + race_ethnicity + charlson_score + index_year_f + acs_pct_poverty + acs_pct_unemployed + acs_pct_no_vehicle + acs_pct_nonwhite + acs_median_household_income_10k + acs_pct_bachelor_plus
UCMC,PM2.5,Q2,8.223672812547143,Extubation,1,12,0.4635556344993842,PM2.5 single-pollutant,age_10 + sex + race_ethnicity + charlson_score + index_year_f + acs_pct_poverty + acs_pct_unemployed + acs_pct_no_vehicle + acs_pct_nonwhite + acs_median_household_income_10k + acs_pct_bachelor_plus
UCMC,PM2.5,Q2,8.223672812547143,Extubation,1,12.25,0.46458223990832626,PM2.5 single-pollutant,age_10 + sex + race_ethnicity + charlson_score + index_year_f + acs_pct_poverty + acs_pct_unemployed + acs_pct_no_vehicle + acs_pct_nonwhite + acs_median_household_income_10k + acs_pct_bachelor_plus
UCMC,PM2.5,Q2,8.223672812547143,Extubation,1,12.5,0.46581406604829345,PM2.5 single-pollutant,age_10 + sex + race_ethnicity + charlson_score + index_year_f + acs_pct_poverty + acs_pct_unemployed + acs_pct_no_vehicle + acs_pct_nonwhite + acs_median_household_income_10k + acs_pct_bachelor_plus
UCMC,PM2.5,Q2,8.223672812547143,Extubation,1,12.75,0.46766220590108754,PM2.5 single-pollutant,age_10 + sex + race_ethnicity + charlson_score + index_year_f + acs_pct_poverty + acs_pct_unemployed + acs_pct_no_vehicle + acs_pct_nonwhite + acs_median_household_income_10k + acs_pct_bachelor_plus
UCMC,PM2.5,Q2,8.223672812547143,Extubation,1,13,0.4682782917588817,PM2.5 single-pollutant,age_10 + sex + race_ethnicity + charlson_score + index_year_f + acs_pct_poverty + acs_pct_unemployed + acs_pct_no_vehicle + acs_pct_nonwhite + acs_median_household_income_10k + acs_pct_bachelor_plus
UCMC,PM2.5,Q2,8.223672812547143,Extubation,1,13.25,0.4692025433816479,PM2.5 single-pollutant,age_10 + sex + race_ethnicity + charlson_score + index_year_f + acs_pct_poverty + acs_pct_unemployed + acs_pct_no_vehicle + acs_pct_nonwhite + acs_median_household_income_10k + acs_pct_bachelor_plus
UCMC,PM2.5,Q2,8.223672812547143,Extubation,1,13.5,0.4694079390195708,PM2.5 single-pollutant,age_10 + sex + race_ethnicity + charlson_score + index_year_f + acs_pct_poverty + acs_pct_unemployed + acs_pct_no_vehicle + acs_pct_nonwhite + acs_median_household_income_10k + acs_pct_bachelor_plus
UCMC,PM2.5,Q2,8.223672812547143,Extubation,1,13.75,0.4705375216523787,PM2.5 single-pollutant,age_10 + sex + race_ethnicity + charlson_score + index_year_f + acs_pct_poverty + acs_pct_unemployed + acs_pct_no_vehicle + acs_pct_nonwhite + acs_median_household_income_10k + acs_pct_bachelor_plus
UCMC,PM2.5,Q2,8.223672812547143,Extubation,1,14,0.47156449289528346,PM2.5 single-pollutant,age_10 + sex + race_ethnicity + charlson_score + index_year_f + acs_pct_poverty + acs_pct_unemployed + acs_pct_no_vehicle + acs_pct_nonwhite + acs_median_household_income_10k + acs_pct_bachelor_plus
UCMC,PM2.5,Q2,8.223672812547143,Extubation,1,14.25,0.47228347825632844,PM2.5 single-pollutant,age_10 + sex + race_ethnicity + charlson_score + index_year_f + acs_pct_poverty + acs_pct_unemployed + acs_pct_no_vehicle + acs_pct_nonwhite + acs_median_household_income_10k + acs_pct_bachelor_plus
UCMC,PM2.5,Q2,8.223672812547143,Extubation,1,14.5,0.4737214310802358,PM2.5 single-pollutant,age_10 + sex + race_ethnicity + charlson_score + index_year_f + acs_pct_poverty + acs_pct_unemployed + acs_pct_no_vehicle + acs_pct_nonwhite + acs_median_household_income_10k + acs_pct_bachelor_plus
UCMC,PM2.5,Q2,8.223672812547143,Extubation,1,14.75,0.47392681332896835,PM2.5 single-pollutant,age_10 + sex + race_ethnicity + charlson_score + index_year_f + acs_pct_poverty + acs_pct_unemployed + acs_pct_no_vehicle + acs_pct_nonwhite + acs_median_household_income_10k + acs_pct_bachelor_plus
UCMC,PM2.5,Q2,8.223672812547143,Extubation,1,15,0.47433761431060684,PM2.5 single-pollutant,age_10 + sex + race_ethnicity + charlson_score + index_year_f + acs_pct_poverty + acs_pct_unemployed + acs_pct_no_vehicle + acs_pct_nonwhite + acs_median_household_income_10k + acs_pct_bachelor_plus
UCMC,PM2.5,Q2,8.223672812547143,Extubation,1,15.25,0.4753649266723634,PM2.5 single-pollutant,age_10 + sex + race_ethnicity + charlson_score + index_year_f + acs_pct_poverty + acs_pct_unemployed + acs_pct_no_vehicle + acs_pct_nonwhite + acs_median_household_income_10k + acs_pct_bachelor_plus
UCMC,PM2.5,Q2,8.223672812547143,Extubation,1,15.5,0.47598133931153175,PM2.5 single-pollutant,age_10 + sex + race_ethnicity + charlson_score + index_year_f + acs_pct_poverty + acs_pct_unemployed + acs_pct_no_vehicle + acs_pct_nonwhite + acs_median_household_income_10k + acs_pct_bachelor_plus
UCMC,PM2.5,Q2,8.223672812547143,Extubation,1,15.75,0.4763922439022714,PM2.5 single-pollutant,age_10 + sex + race_ethnicity + charlson_score + index_year_f + acs_pct_poverty + acs_pct_unemployed + acs_pct_no_vehicle + acs_pct_nonwhite + acs_median_household_income_10k + acs_pct_bachelor_plus
UCMC,PM2.5,Q2,8.223672812547143,Extubation,1,16,0.47690588690953906,PM2.5 single-pollutant,age_10 + sex + race_ethnicity + charlson_score + index_year_f + acs_pct_poverty + acs_pct_unemployed + acs_pct_no_vehicle + acs_pct_nonwhite + acs_median_household_income_10k + acs_pct_bachelor_plus
UCMC,PM2.5,Q2,8.223672812547143,Extubation,1,16.25,0.4775222665517983,PM2.5 single-pollutant,age_10 + sex + race_ethnicity + charlson_score + index_year_f + acs_pct_poverty + acs_pct_unemployed + acs_pct_no_vehicle + acs_pct_nonwhite + acs_median_household_income_10k + acs_pct_bachelor_plus
UCMC,PM2.5,Q2,8.223672812547143,Extubation,1,16.5,0.47793326490894705,PM2.5 single-pollutant,age_10 + sex + race_ethnicity + charlson_score + index_year_f + acs_pct_poverty + acs_pct_unemployed + acs_pct_no_vehicle + acs_pct_nonwhite + acs_median_household_income_10k + acs_pct_bachelor_plus
UCMC,PM2.5,Q2,8.223672812547143,Extubation,1,16.75,0.47844704593137855,PM2.5 single-pollutant,age_10 + sex + race_ethnicity + charlson_score + index_year_f + acs_pct_poverty + acs_pct_unemployed + acs_pct_no_vehicle + acs_pct_nonwhite + acs_median_household_income_10k + acs_pct_bachelor_plus
UCMC,PM2.5,Q2,8.223672812547143,Extubation,1,17,0.4790635376172454,PM2.5 single-pollutant,age_10 + sex + race_ethnicity + charlson_score + index_year_f + acs_pct_poverty + acs_pct_unemployed + acs_pct_no_vehicle + acs_pct_nonwhite + acs_median_household_income_10k + acs_pct_bachelor_plus
UCMC,PM2.5,Q2,8.223672812547143,Extubation,1,17.25,0.4796800028194034,PM2.5 single-pollutant,age_10 + sex + race_ethnicity + charlson_score + index_year_f + acs_pct_poverty + acs_pct_unemployed + acs_pct_no_vehicle + acs_pct_nonwhite + acs_median_household_income_10k + acs_pct_bachelor_plus
UCMC,PM2.5,Q2,8.223672812547143,Extubation,1,17.5,0.48039921172358246,PM2.5 single-pollutant,age_10 + sex + race_ethnicity + charlson_score + index_year_f + acs_pct_poverty + acs_pct_unemployed + acs_pct_no_vehicle + acs_pct_nonwhite + acs_median_household_income_10k + acs_pct_bachelor_plus
UCMC,PM2.5,Q2,8.223672812547143,Extubation,1,17.75,0.4806046868680588,PM2.5 single-pollutant,age_10 + sex + race_ethnicity + charlson_score + index_year_f + acs_pct_poverty + acs_pct_unemployed + acs_pct_no_vehicle + acs_pct_nonwhite + acs_median_household_income_10k + acs_pct_bachelor_plus
UCMC,PM2.5,Q2,8.223672812547143,Extubation,1,18,0.4811183298242898,PM2.5 single-pollutant,age_10 + sex + race_ethnicity + charlson_score + index_year_f + acs_pct_poverty + acs_pct_unemployed + acs_pct_no_vehicle + acs_pct_nonwhite + acs_median_household_income_10k + acs_pct_bachelor_plus
UCMC,PM2.5,Q2,8.223672812547143,Extubation,1,18.25,0.48152926195296863,PM2.5 single-pollutant,age_10 + sex + race_ethnicity + charlson_score + index_year_f + acs_pct_poverty + acs_pct_unemployed + acs_pct_no_vehicle + acs_pct_nonwhite + acs_median_household_income_10k + acs_pct_bachelor_plus
UCMC,PM2.5,Q2,8.223672812547143,Extubation,1,18.5,0.48183744935899264,PM2.5 single-pollutant,age_10 + sex + race_ethnicity + charlson_score + index_year_f + acs_pct_poverty + acs_pct_unemployed + acs_pct_no_vehicle + acs_pct_nonwhite + acs_median_household_income_10k + acs_pct_bachelor_plus
UCMC,PM2.5,Q2,8.223672812547143,Extubation,1,18.75,0.48214565706720036,PM2.5 single-pollutant,age_10 + sex + race_ethnicity + charlson_score + index_year_f + acs_pct_poverty + acs_pct_unemployed + acs_pct_no_vehicle + acs_pct_nonwhite + acs_median_household_income_10k + acs_pct_bachelor_plus
UCMC,PM2.5,Q2,8.223672812547143,Extubation,1,19,0.4828648141487527,PM2.5 single-pollutant,age_10 + sex + race_ethnicity + charlson_score + index_year_f + acs_pct_poverty + acs_pct_unemployed + acs_pct_no_vehicle + acs_pct_nonwhite + acs_median_household_income_10k + acs_pct_bachelor_plus
UCMC,PM2.5,Q2,8.223672812547143,Extubation,1,19.25,0.48317308062902253,PM2.5 single-pollutant,age_10 + sex + race_ethnicity + charlson_score + index_year_f + acs_pct_poverty + acs_pct_unemployed + acs_pct_no_vehicle + acs_pct_nonwhite + acs_median_household_income_10k + acs_pct_bachelor_plus
UCMC,PM2.5,Q2,8.223672812547143,Extubation,1,19.5,0.4835840957497688,PM2.5 single-pollutant,age_10 + sex + race_ethnicity + charlson_score + index_year_f + acs_pct_poverty + acs_pct_unemployed + acs_pct_no_vehicle + acs_pct_nonwhite + acs_median_household_income_10k + acs_pct_bachelor_plus
UCMC,PM2.5,Q2,8.223672812547143,Extubation,1,19.75,0.4843033823101789,PM2.5 single-pollutant,age_10 + sex + race_ethnicity + charlson_score + index_year_f + acs_pct_poverty + acs_pct_unemployed + acs_pct_no_vehicle + acs_pct_nonwhite + acs_median_household_income_10k + acs_pct_bachelor_plus
UCMC,PM2.5,Q2,8.223672812547143,Extubation,1,20,0.4850228009179208,PM2.5 single-pollutant,age_10 + sex + race_ethnicity + charlson_score + index_year_f + acs_pct_poverty + acs_pct_unemployed + acs_pct_no_vehicle + acs_pct_nonwhite + acs_median_household_income_10k + acs_pct_bachelor_plus
UCMC,PM2.5,Q2,8.223672812547143,Extubation,1,20.25,0.4853311481373418,PM2.5 single-pollutant,age_10 + sex + race_ethnicity + charlson_score + index_year_f + acs_pct_poverty + acs_pct_unemployed + acs_pct_no_vehicle + acs_pct_nonwhite + acs_median_household_income_10k + acs_pct_bachelor_plus
UCMC,PM2.5,Q2,8.223672812547143,Extubation,1,20.5,0.4855366918373184,PM2.5 single-pollutant,age_10 + sex + race_ethnicity + charlson_score + index_year_f + acs_pct_poverty + acs_pct_unemployed + acs_pct_no_vehicle + acs_pct_nonwhite + acs_median_household_income_10k + acs_pct_bachelor_plus
UCMC,PM2.5,Q2,8.223672812547143,Extubation,1,20.75,0.4856394638549829,PM2.5 single-pollutant,age_10 + sex + race_ethnicity + charlson_score + index_year_f + acs_pct_poverty + acs_pct_unemployed + acs_pct_no_vehicle + acs_pct_nonwhite + acs_median_household_income_10k + acs_pct_bachelor_plus
UCMC,PM2.5,Q2,8.223672812547143,Extubation,1,21,0.4859477979193231,PM2.5 single-pollutant,age_10 + sex + race_ethnicity + charlson_score + index_year_f + acs_pct_poverty + acs_pct_unemployed + acs_pct_no_vehicle + acs_pct_nonwhite + acs_median_household_income_10k + acs_pct_bachelor_plus
UCMC,PM2.5,Q2,8.223672812547143,Extubation,1,21.25,0.48615335051413,PM2.5 single-pollutant,age_10 + sex + race_ethnicity + charlson_score + index_year_f + acs_pct_poverty + acs_pct_unemployed + acs_pct_no_vehicle + acs_pct_nonwhite + acs_median_household_income_10k + acs_pct_bachelor_plus
UCMC,PM2.5,Q2,8.223672812547143,Extubation,1,21.5,0.486564466162403,PM2.5 single-pollutant,age_10 + sex + race_ethnicity + charlson_score + index_year_f + acs_pct_poverty + acs_pct_unemployed + acs_pct_no_vehicle + acs_pct_nonwhite + acs_median_household_income_10k + acs_pct_bachelor_plus
UCMC,PM2.5,Q2,8.223672812547143,Extubation,1,21.75,0.48687278278984425,PM2.5 single-pollutant,age_10 + sex + race_ethnicity + charlson_score + index_year_f + acs_pct_poverty + acs_pct_unemployed + acs_pct_no_vehicle + acs_pct_nonwhite + acs_median_household_income_10k + acs_pct_bachelor_plus
UCMC,PM2.5,Q2,8.223672812547143,Extubation,1,22,0.4870783387962856,PM2.5 single-pollutant,age_10 + sex + race_ethnicity + charlson_score + index_year_f + acs_pct_poverty + acs_pct_unemployed + acs_pct_no_vehicle + acs_pct_nonwhite + acs_median_household_income_10k + acs_pct_bachelor_plus
UCMC,PM2.5,Q2,8.223672812547143,Extubation,1,22.25,0.4871811116256164,PM2.5 single-pollutant,age_10 + sex + race_ethnicity + charlson_score + index_year_f + acs_pct_poverty + acs_pct_unemployed + acs_pct_no_vehicle + acs_pct_nonwhite + acs_median_household_income_10k + acs_pct_bachelor_plus
UCMC,PM2.5,Q2,8.223672812547143,Extubation,1,22.5,0.4871811116256164,PM2.5 single-pollutant,age_10 + sex + race_ethnicity + charlson_score + index_year_f + acs_pct_poverty + acs_pct_unemployed + acs_pct_no_vehicle + acs_pct_nonwhite + acs_median_household_income_10k + acs_pct_bachelor_plus
UCMC,PM2.5,Q2,8.223672812547143,Extubation,1,22.75,0.4872838850342994,PM2.5 single-pollutant,age_10 + sex + race_ethnicity + charlson_score + index_year_f + acs_pct_poverty + acs_pct_unemployed + acs_pct_no_vehicle + acs_pct_nonwhite + acs_median_household_income_10k + acs_pct_bachelor_plus
UCMC,PM2.5,Q2,8.223672812547143,Extubation,1,23,0.48748941502808185,PM2.5 single-pollutant,age_10 + sex + race_ethnicity + charlson_score + index_year_f + acs_pct_poverty + acs_pct_unemployed + acs_pct_no_vehicle + acs_pct_nonwhite + acs_median_household_income_10k + acs_pct_bachelor_plus
UCMC,PM2.5,Q2,8.223672812547143,Extubation,1,23.25,0.48759217905589713,PM2.5 single-pollutant,age_10 + sex + race_ethnicity + charlson_score + index_year_f + acs_pct_poverty + acs_pct_unemployed + acs_pct_no_vehicle + acs_pct_nonwhite + acs_median_household_income_10k + acs_pct_bachelor_plus
UCMC,PM2.5,Q2,8.223672812547143,Extubation,1,23.5,0.4880032290921912,PM2.5 single-pollutant,age_10 + sex + race_ethnicity + charlson_score + index_year_f + acs_pct_poverty + acs_pct_unemployed + acs_pct_no_vehicle + acs_pct_nonwhite + acs_median_household_income_10k + acs_pct_bachelor_plus
UCMC,PM2.5,Q2,8.223672812547143,Extubation,1,23.75,0.4881060153503999,PM2.5 single-pollutant,age_10 + sex + race_ethnicity + charlson_score + index_year_f + acs_pct_poverty + acs_pct_unemployed + acs_pct_no_vehicle + acs_pct_nonwhite + acs_median_household_income_10k + acs_pct_bachelor_plus
UCMC,PM2.5,Q2,8.223672812547143,Extubation,1,24,0.48872280438541615,PM2.5 single-pollutant,age_10 + sex + race_ethnicity + charlson_score + index_year_f + acs_pct_poverty + acs_pct_unemployed + acs_pct_no_vehicle + acs_pct_nonwhite + acs_median_household_income_10k + acs_pct_bachelor_plus
UCMC,PM2.5,Q2,8.223672812547143,Extubation,1,24.25,0.4889284422479213,PM2.5 single-pollutant,age_10 + sex + race_ethnicity + charlson_score + index_year_f + acs_pct_poverty + acs_pct_unemployed + acs_pct_no_vehicle + acs_pct_nonwhite + acs_median_household_income_10k + acs_pct_bachelor_plus
UCMC,PM2.5,Q2,8.223672812547143,Extubation,1,24.5,0.4889284422479213,PM2.5 single-pollutant,age_10 + sex + race_ethnicity + charlson_score + index_year_f + acs_pct_poverty + acs_pct_unemployed + acs_pct_no_vehicle + acs_pct_nonwhite + acs_median_household_income_10k + acs_pct_bachelor_plus
UCMC,PM2.5,Q2,8.223672812547143,Extubation,1,24.75,0.48933972035312323,PM2.5 single-pollutant,age_10 + sex + race_ethnicity + charlson_score + index_year_f + acs_pct_poverty + acs_pct_unemployed + acs_pct_no_vehicle + acs_pct_nonwhite + acs_median_household_income_10k + acs_pct_bachelor_plus
UCMC,PM2.5,Q2,8.223672812547143,Extubation,1,25,0.48933972035312323,PM2.5 single-pollutant,age_10 + sex + race_ethnicity + charlson_score + index_year_f + acs_pct_poverty + acs_pct_unemployed + acs_pct_no_vehicle + acs_pct_nonwhite + acs_median_household_income_10k + acs_pct_bachelor_plus
UCMC,PM2.5,Q2,8.223672812547143,Extubation,1,25.25,0.4897510664891155,PM2.5 single-pollutant,age_10 + sex + race_ethnicity + charlson_score + index_year_f + acs_pct_poverty + acs_pct_unemployed + acs_pct_no_vehicle + acs_pct_nonwhite + acs_median_household_income_10k + acs_pct_bachelor_plus
UCMC,PM2.5,Q2,8.223672812547143,Extubation,1,25.5,0.4899567489205784,PM2.5 single-pollutant,age_10 + sex + race_ethnicity + charlson_score + index_year_f + acs_pct_poverty + acs_pct_unemployed + acs_pct_no_vehicle + acs_pct_nonwhite + acs_median_household_income_10k + acs_pct_bachelor_plus
UCMC,PM2.5,Q2,8.223672812547143,Extubation,1,25.75,0.49016244353394445,PM2.5 single-pollutant,age_10 + sex + race_ethnicity + charlson_score + index_year_f + acs_pct_poverty + acs_pct_unemployed + acs_pct_no_vehicle + acs_pct_nonwhite + acs_median_household_income_10k + acs_pct_bachelor_plus
UCMC,PM2.5,Q2,8.223672812547143,Extubation,1,26,0.4903681603427059,PM2.5 single-pollutant,age_10 + sex + race_ethnicity + charlson_score + index_year_f + acs_pct_poverty + acs_pct_unemployed + acs_pct_no_vehicle + acs_pct_nonwhite + acs_median_household_income_10k + acs_pct_bachelor_plus
UCMC,PM2.5,Q2,8.223672812547143,Extubation,1,26.25,0.4904710138797217,PM2.5 single-pollutant,age_10 + sex + race_ethnicity + charlson_score + index_year_f + acs_pct_poverty + acs_pct_unemployed + acs_pct_no_vehicle + acs_pct_nonwhite + acs_median_household_income_10k + acs_pct_bachelor_plus
UCMC,PM2.5,Q2,8.223672812547143,Extubation,1,26.5,0.49077959621257883,PM2.5 single-pollutant,age_10 + sex + race_ethnicity + charlson_score + index_year_f + acs_pct_poverty + acs_pct_unemployed + acs_pct_no_vehicle + acs_pct_nonwhite + acs_median_household_income_10k + acs_pct_bachelor_plus
UCMC,PM2.5,Q2,8.223672812547143,Extubation,1,26.75,0.4908824639437638,PM2.5 single-pollutant,age_10 + sex + race_ethnicity + charlson_score + index_year_f + acs_pct_poverty + acs_pct_unemployed + acs_pct_no_vehicle + acs_pct_nonwhite + acs_median_household_income_10k + acs_pct_bachelor_plus
UCMC,PM2.5,Q2,8.223672812547143,Extubation,1,27,0.4909853271050105,PM2.5 single-pollutant,age_10 + sex + race_ethnicity + charlson_score + index_year_f + acs_pct_poverty + acs_pct_unemployed + acs_pct_no_vehicle + acs_pct_nonwhite + acs_median_household_income_10k + acs_pct_bachelor_plus
UCMC,PM2.5,Q2,8.223672812547143,Extubation,1,27.25,0.4910881898325302,PM2.5 single-pollutant,age_10 + sex + race_ethnicity + charlson_score + index_year_f + acs_pct_poverty + acs_pct_unemployed + acs_pct_no_vehicle + acs_pct_nonwhite + acs_median_household_income_10k + acs_pct_bachelor_plus
UCMC,PM2.5,Q2,8.223672812547143,Extubation,1,27.5,0.4910881898325302,PM2.5 single-pollutant,age_10 + sex + race_ethnicity + charlson_score + index_year_f + acs_pct_poverty + acs_pct_unemployed + acs_pct_no_vehicle + acs_pct_nonwhite + acs_median_household_income_10k + acs_pct_bachelor_plus
UCMC,PM2.5,Q2,8.223672812547143,Extubation,1,27.75,0.49119104759282184,PM2.5 single-pollutant,age_10 + sex + race_ethnicity + charlson_score + index_year_f + acs_pct_poverty + acs_pct_unemployed + acs_pct_no_vehicle + acs_pct_nonwhite + acs_median_household_income_10k + acs_pct_bachelor_plus
UCMC,PM2.5,Q2,8.223672812547143,Extubation,1,28,0.4913967565079791,PM2.5 single-pollutant,age_10 + sex + race_ethnicity + charlson_score + index_year_f + acs_pct_poverty + acs_pct_unemployed + acs_pct_no_vehicle + acs_pct_nonwhite + acs_median_household_income_10k + acs_pct_bachelor_plus
UCMC,PM2.5,Q3,8.850210054715468,Extubation,1,0,0,PM2.5 single-pollutant,age_10 + sex + race_ethnicity + charlson_score + index_year_f + acs_pct_poverty + acs_pct_unemployed + acs_pct_no_vehicle + acs_pct_nonwhite + acs_median_household_income_10k + acs_pct_bachelor_plus
UCMC,PM2.5,Q3,8.850210054715468,Extubation,1,0.25,0.027523253350536958,PM2.5 single-pollutant,age_10 + sex + race_ethnicity + charlson_score + index_year_f + acs_pct_poverty + acs_pct_unemployed + acs_pct_no_vehicle + acs_pct_nonwhite + acs_median_household_income_10k + acs_pct_bachelor_plus
UCMC,PM2.5,Q3,8.850210054715468,Extubation,1,0.5,0.10004287582933802,PM2.5 single-pollutant,age_10 + sex + race_ethnicity + charlson_score + index_year_f + acs_pct_poverty + acs_pct_unemployed + acs_pct_no_vehicle + acs_pct_nonwhite + acs_median_household_income_10k + acs_pct_bachelor_plus
UCMC,PM2.5,Q3,8.850210054715468,Extubation,1,0.75,0.1407753903354666,PM2.5 single-pollutant,age_10 + sex + race_ethnicity + charlson_score + index_year_f + acs_pct_poverty + acs_pct_unemployed + acs_pct_no_vehicle + acs_pct_nonwhite + acs_median_household_income_10k + acs_pct_bachelor_plus
UCMC,PM2.5,Q3,8.850210054715468,Extubation,1,1,0.19794989200743807,PM2.5 single-pollutant,age_10 + sex + race_ethnicity + charlson_score + index_year_f + acs_pct_poverty + acs_pct_unemployed + acs_pct_no_vehicle + acs_pct_nonwhite + acs_median_household_income_10k + acs_pct_bachelor_plus
UCMC,PM2.5,Q3,8.850210054715468,Extubation,1,1.25,0.2303269534396839,PM2.5 single-pollutant,age_10 + sex + race_ethnicity + charlson_score + index_year_f + acs_pct_poverty + acs_pct_unemployed + acs_pct_no_vehicle + acs_pct_nonwhite + acs_median_household_income_10k + acs_pct_bachelor_plus
UCMC,PM2.5,Q3,8.850210054715468,Extubation,1,1.5,0.24944012215158462,PM2.5 single-pollutant,age_10 + sex + race_ethnicity + charlson_score + index_year_f + acs_pct_poverty + acs_pct_unemployed + acs_pct_no_vehicle + acs_pct_nonwhite + acs_median_household_income_10k + acs_pct_bachelor_plus
UCMC,PM2.5,Q3,8.850210054715468,Extubation,1,1.75,0.26958177978931597,PM2.5 single-pollutant,age_10 + sex + race_ethnicity + charlson_score + index_year_f + acs_pct_poverty + acs_pct_unemployed + acs_pct_no_vehicle + acs_pct_nonwhite + acs_median_household_income_10k + acs_pct_bachelor_plus
UCMC,PM2.5,Q3,8.850210054715468,Extubation,1,2,0.29135540741036203,PM2.5 single-pollutant,age_10 + sex + race_ethnicity + charlson_score + index_year_f + acs_pct_poverty + acs_pct_unemployed + acs_pct_no_vehicle + acs_pct_nonwhite + acs_median_household_income_10k + acs_pct_bachelor_plus
UCMC,PM2.5,Q3,8.850210054715468,Extubation,1,2.25,0.3070357940889671,PM2.5 single-pollutant,age_10 + sex + race_ethnicity + charlson_score + index_year_f + acs_pct_poverty + acs_pct_unemployed + acs_pct_no_vehicle + acs_pct_nonwhite + acs_median_household_income_10k + acs_pct_bachelor_plus
UCMC,PM2.5,Q3,8.850210054715468,Extubation,1,2.5,0.31803644743689063,PM2.5 single-pollutant,age_10 + sex + race_ethnicity + charlson_score + index_year_f + acs_pct_poverty + acs_pct_unemployed + acs_pct_no_vehicle + acs_pct_nonwhite + acs_median_household_income_10k + acs_pct_bachelor_plus
UCMC,PM2.5,Q3,8.850210054715468,Extubation,1,2.75,0.3309789218058462,PM2.5 single-pollutant,age_10 + sex + race_ethnicity + charlson_score + index_year_f + acs_pct_poverty + acs_pct_unemployed + acs_pct_no_vehicle + acs_pct_nonwhite + acs_median_household_income_10k + acs_pct_bachelor_plus
UCMC,PM2.5,Q3,8.850210054715468,Extubation,1,3,0.34259601855309985,PM2.5 single-pollutant,age_10 + sex + race_ethnicity + charlson_score + index_year_f + acs_pct_poverty + acs_pct_unemployed + acs_pct_no_vehicle + acs_pct_nonwhite + acs_median_household_income_10k + acs_pct_bachelor_plus
UCMC,PM2.5,Q3,8.850210054715468,Extubation,1,3.25,0.3516718606852921,PM2.5 single-pollutant,age_10 + sex + race_ethnicity + charlson_score + index_year_f + acs_pct_poverty + acs_pct_unemployed + acs_pct_no_vehicle + acs_pct_nonwhite + acs_median_household_income_10k + acs_pct_bachelor_plus
UCMC,PM2.5,Q3,8.850210054715468,Extubation,1,3.5,0.35983240436550135,PM2.5 single-pollutant,age_10 + sex + race_ethnicity + charlson_score + index_year_f + acs_pct_poverty + acs_pct_unemployed + acs_pct_no_vehicle + acs_pct_nonwhite + acs_median_household_income_10k + acs_pct_bachelor_plus
UCMC,PM2.5,Q3,8.850210054715468,Extubation,1,3.75,0.36687439875008054,PM2.5 single-pollutant,age_10 + sex + race_ethnicity + charlson_score + index_year_f + acs_pct_poverty + acs_pct_unemployed + acs_pct_no_vehicle + acs_pct_nonwhite + acs_median_household_income_10k + acs_pct_bachelor_plus
UCMC,PM2.5,Q3,8.850210054715468,Extubation,1,4,0.37381425603777585,PM2.5 single-pollutant,age_10 + sex + race_ethnicity + charlson_score + index_year_f + acs_pct_poverty + acs_pct_unemployed + acs_pct_no_vehicle + acs_pct_nonwhite + acs_median_household_income_10k + acs_pct_bachelor_plus
UCMC,PM2.5,Q3,8.850210054715468,Extubation,1,4.25,0.3798387526591187,PM2.5 single-pollutant,age_10 + sex + race_ethnicity + charlson_score + index_year_f + acs_pct_poverty + acs_pct_unemployed + acs_pct_no_vehicle + acs_pct_nonwhite + acs_median_household_income_10k + acs_pct_bachelor_plus
UCMC,PM2.5,Q3,8.850210054715468,Extubation,1,4.5,0.38494356454905754,PM2.5 single-pollutant,age_10 + sex + race_ethnicity + charlson_score + index_year_f + acs_pct_poverty + acs_pct_unemployed + acs_pct_no_vehicle + acs_pct_nonwhite + acs_median_household_income_10k + acs_pct_bachelor_plus
UCMC,PM2.5,Q3,8.850210054715468,Extubation,1,4.75,0.38994531484025585,PM2.5 single-pollutant,age_10 + sex + race_ethnicity + charlson_score + index_year_f + acs_pct_poverty + acs_pct_unemployed + acs_pct_no_vehicle + acs_pct_nonwhite + acs_median_household_income_10k + acs_pct_bachelor_plus
UCMC,PM2.5,Q3,8.850210054715468,Extubation,1,5,0.39525250454160443,PM2.5 single-pollutant,age_10 + sex + race_ethnicity + charlson_score + index_year_f + acs_pct_poverty + acs_pct_unemployed + acs_pct_no_vehicle + acs_pct_nonwhite + acs_median_household_income_10k + acs_pct_bachelor_plus
UCMC,PM2.5,Q3,8.850210054715468,Extubation,1,5.25,0.3999468397027365,PM2.5 single-pollutant,age_10 + sex + race_ethnicity + charlson_score + index_year_f + acs_pct_poverty + acs_pct_unemployed + acs_pct_no_vehicle + acs_pct_nonwhite + acs_median_household_income_10k + acs_pct_bachelor_plus
UCMC,PM2.5,Q3,8.850210054715468,Extubation,1,5.5,0.4043357444720411,PM2.5 single-pollutant,age_10 + sex + race_ethnicity + charlson_score + index_year_f + acs_pct_poverty + acs_pct_unemployed + acs_pct_no_vehicle + acs_pct_nonwhite + acs_median_household_income_10k + acs_pct_bachelor_plus
UCMC,PM2.5,Q3,8.850210054715468,Extubation,1,5.75,0.40821380125088813,PM2.5 single-pollutant,age_10 + sex + race_ethnicity + charlson_score + index_year_f + acs_pct_poverty + acs_pct_unemployed + acs_pct_no_vehicle + acs_pct_nonwhite + acs_median_household_income_10k + acs_pct_bachelor_plus
UCMC,PM2.5,Q3,8.850210054715468,Extubation,1,6,0.4123967330889988,PM2.5 single-pollutant,age_10 + sex + race_ethnicity + charlson_score + index_year_f + acs_pct_poverty + acs_pct_unemployed + acs_pct_no_vehicle + acs_pct_nonwhite + acs_median_household_income_10k + acs_pct_bachelor_plus
UCMC,PM2.5,Q3,8.850210054715468,Extubation,1,6.25,0.41535511967552874,PM2.5 single-pollutant,age_10 + sex + race_ethnicity + charlson_score + index_year_f + acs_pct_poverty + acs_pct_unemployed + acs_pct_no_vehicle + acs_pct_nonwhite + acs_median_household_income_10k + acs_pct_bachelor_plus
UCMC,PM2.5,Q3,8.850210054715468,Extubation,1,6.5,0.41851812567917135,PM2.5 single-pollutant,age_10 + sex + race_ethnicity + charlson_score + index_year_f + acs_pct_poverty + acs_pct_unemployed + acs_pct_no_vehicle + acs_pct_nonwhite + acs_median_household_income_10k + acs_pct_bachelor_plus
UCMC,PM2.5,Q3,8.850210054715468,Extubation,1,6.75,0.42188653429288847,PM2.5 single-pollutant,age_10 + sex + race_ethnicity + charlson_score + index_year_f + acs_pct_poverty + acs_pct_unemployed + acs_pct_no_vehicle + acs_pct_nonwhite + acs_median_household_income_10k + acs_pct_bachelor_plus
UCMC,PM2.5,Q3,8.850210054715468,Extubation,1,7,0.4251538103118657,PM2.5 single-pollutant,age_10 + sex + race_ethnicity + charlson_score + index_year_f + acs_pct_poverty + acs_pct_unemployed + acs_pct_no_vehicle + acs_pct_nonwhite + acs_median_household_income_10k + acs_pct_bachelor_plus
UCMC,PM2.5,Q3,8.850210054715468,Extubation,1,7.25,0.4276039297114923,PM2.5 single-pollutant,age_10 + sex + race_ethnicity + charlson_score + index_year_f + acs_pct_poverty + acs_pct_unemployed + acs_pct_no_vehicle + acs_pct_nonwhite + acs_median_household_income_10k + acs_pct_bachelor_plus
UCMC,PM2.5,Q3,8.850210054715468,Extubation,1,7.5,0.42974793511817677,PM2.5 single-pollutant,age_10 + sex + race_ethnicity + charlson_score + index_year_f + acs_pct_poverty + acs_pct_unemployed + acs_pct_no_vehicle + acs_pct_nonwhite + acs_median_household_income_10k + acs_pct_bachelor_plus
UCMC,PM2.5,Q3,8.850210054715468,Extubation,1,7.75,0.4326077176882841,PM2.5 single-pollutant,age_10 + sex + race_ethnicity + charlson_score + index_year_f + acs_pct_poverty + acs_pct_unemployed + acs_pct_no_vehicle + acs_pct_nonwhite + acs_median_household_income_10k + acs_pct_bachelor_plus
UCMC,PM2.5,Q3,8.850210054715468,Extubation,1,8,0.4356731952794367,PM2.5 single-pollutant,age_10 + sex + race_ethnicity + charlson_score + index_year_f + acs_pct_poverty + acs_pct_unemployed + acs_pct_no_vehicle + acs_pct_nonwhite + acs_median_household_income_10k + acs_pct_bachelor_plus
UCMC,PM2.5,Q3,8.850210054715468,Extubation,1,8.25,0.43751319412832035,PM2.5 single-pollutant,age_10 + sex + race_ethnicity + charlson_score + index_year_f + acs_pct_poverty + acs_pct_unemployed + acs_pct_no_vehicle + acs_pct_nonwhite + acs_median_household_income_10k + acs_pct_bachelor_plus
UCMC,PM2.5,Q3,8.850210054715468,Extubation,1,8.5,0.43955818938400304,PM2.5 single-pollutant,age_10 + sex + race_ethnicity + charlson_score + index_year_f + acs_pct_poverty + acs_pct_unemployed + acs_pct_no_vehicle + acs_pct_nonwhite + acs_median_household_income_10k + acs_pct_bachelor_plus
UCMC,PM2.5,Q3,8.850210054715468,Extubation,1,8.75,0.44211466877426897,PM2.5 single-pollutant,age_10 + sex + race_ethnicity + charlson_score + index_year_f + acs_pct_poverty + acs_pct_unemployed + acs_pct_no_vehicle + acs_pct_nonwhite + acs_median_household_income_10k + acs_pct_bachelor_plus
UCMC,PM2.5,Q3,8.850210054715468,Extubation,1,9,0.4443644358211224,PM2.5 single-pollutant,age_10 + sex + race_ethnicity + charlson_score + index_year_f + acs_pct_poverty + acs_pct_unemployed + acs_pct_no_vehicle + acs_pct_nonwhite + acs_median_household_income_10k + acs_pct_bachelor_plus
UCMC,PM2.5,Q3,8.850210054715468,Extubation,1,9.25,0.4462055960735746,PM2.5 single-pollutant,age_10 + sex + race_ethnicity + charlson_score + index_year_f + acs_pct_poverty + acs_pct_unemployed + acs_pct_no_vehicle + acs_pct_nonwhite + acs_median_household_income_10k + acs_pct_bachelor_plus
UCMC,PM2.5,Q3,8.850210054715468,Extubation,1,9.5,0.44784246740323175,PM2.5 single-pollutant,age_10 + sex + race_ethnicity + charlson_score + index_year_f + acs_pct_poverty + acs_pct_unemployed + acs_pct_no_vehicle + acs_pct_nonwhite + acs_median_household_income_10k + acs_pct_bachelor_plus
UCMC,PM2.5,Q3,8.850210054715468,Extubation,1,9.75,0.44937715524289423,PM2.5 single-pollutant,age_10 + sex + race_ethnicity + charlson_score + index_year_f + acs_pct_poverty + acs_pct_unemployed + acs_pct_no_vehicle + acs_pct_nonwhite + acs_median_household_income_10k + acs_pct_bachelor_plus
UCMC,PM2.5,Q3,8.850210054715468,Extubation,1,10,0.45142375943285784,PM2.5 single-pollutant,age_10 + sex + race_ethnicity + charlson_score + index_year_f + acs_pct_poverty + acs_pct_unemployed + acs_pct_no_vehicle + acs_pct_nonwhite + acs_median_household_income_10k + acs_pct_bachelor_plus
UCMC,PM2.5,Q3,8.850210054715468,Extubation,1,10.25,0.4528567567550881,PM2.5 single-pollutant,age_10 + sex + race_ethnicity + charlson_score + index_year_f + acs_pct_poverty + acs_pct_unemployed + acs_pct_no_vehicle + acs_pct_nonwhite + acs_median_household_income_10k + acs_pct_bachelor_plus
UCMC,PM2.5,Q3,8.850210054715468,Extubation,1,10.5,0.4536756664715904,PM2.5 single-pollutant,age_10 + sex + race_ethnicity + charlson_score + index_year_f + acs_pct_poverty + acs_pct_unemployed + acs_pct_no_vehicle + acs_pct_nonwhite + acs_median_household_income_10k + acs_pct_bachelor_plus
UCMC,PM2.5,Q3,8.850210054715468,Extubation,1,10.75,0.4545969233746896,PM2.5 single-pollutant,age_10 + sex + race_ethnicity + charlson_score + index_year_f + acs_pct_poverty + acs_pct_unemployed + acs_pct_no_vehicle + acs_pct_nonwhite + acs_median_household_income_10k + acs_pct_bachelor_plus
UCMC,PM2.5,Q3,8.850210054715468,Extubation,1,11,0.4559276273365811,PM2.5 single-pollutant,age_10 + sex + race_ethnicity + charlson_score + index_year_f + acs_pct_poverty + acs_pct_unemployed + acs_pct_no_vehicle + acs_pct_nonwhite + acs_median_household_income_10k + acs_pct_bachelor_plus
UCMC,PM2.5,Q3,8.850210054715468,Extubation,1,11.25,0.4565417399778404,PM2.5 single-pollutant,age_10 + sex + race_ethnicity + charlson_score + index_year_f + acs_pct_poverty + acs_pct_unemployed + acs_pct_no_vehicle + acs_pct_nonwhite + acs_median_household_income_10k + acs_pct_bachelor_plus
UCMC,PM2.5,Q3,8.850210054715468,Extubation,1,11.5,0.4574628097769303,PM2.5 single-pollutant,age_10 + sex + race_ethnicity + charlson_score + index_year_f + acs_pct_poverty + acs_pct_unemployed + acs_pct_no_vehicle + acs_pct_nonwhite + acs_median_household_income_10k + acs_pct_bachelor_plus
UCMC,PM2.5,Q3,8.850210054715468,Extubation,1,11.75,0.4585886058516475,PM2.5 single-pollutant,age_10 + sex + race_ethnicity + charlson_score + index_year_f + acs_pct_poverty + acs_pct_unemployed + acs_pct_no_vehicle + acs_pct_nonwhite + acs_median_household_income_10k + acs_pct_bachelor_plus
UCMC,PM2.5,Q3,8.850210054715468,Extubation,1,12,0.46094235366533987,PM2.5 single-pollutant,age_10 + sex + race_ethnicity + charlson_score + index_year_f + acs_pct_poverty + acs_pct_unemployed + acs_pct_no_vehicle + acs_pct_nonwhite + acs_median_household_income_10k + acs_pct_bachelor_plus
UCMC,PM2.5,Q3,8.850210054715468,Extubation,1,12.25,0.4619659181746253,PM2.5 single-pollutant,age_10 + sex + race_ethnicity + charlson_score + index_year_f + acs_pct_poverty + acs_pct_unemployed + acs_pct_no_vehicle + acs_pct_nonwhite + acs_median_household_income_10k + acs_pct_bachelor_plus
UCMC,PM2.5,Q3,8.850210054715468,Extubation,1,12.5,0.4631941157469449,PM2.5 single-pollutant,age_10 + sex + race_ethnicity + charlson_score + index_year_f + acs_pct_poverty + acs_pct_unemployed + acs_pct_no_vehicle + acs_pct_nonwhite + acs_median_household_income_10k + acs_pct_bachelor_plus
UCMC,PM2.5,Q3,8.850210054715468,Extubation,1,12.75,0.46503685303603515,PM2.5 single-pollutant,age_10 + sex + race_ethnicity + charlson_score + index_year_f + acs_pct_poverty + acs_pct_unemployed + acs_pct_no_vehicle + acs_pct_nonwhite + acs_median_household_income_10k + acs_pct_bachelor_plus
UCMC,PM2.5,Q3,8.850210054715468,Extubation,1,13,0.4656511490102795,PM2.5 single-pollutant,age_10 + sex + race_ethnicity + charlson_score + index_year_f + acs_pct_poverty + acs_pct_unemployed + acs_pct_no_vehicle + acs_pct_nonwhite + acs_median_household_income_10k + acs_pct_bachelor_plus
UCMC,PM2.5,Q3,8.850210054715468,Extubation,1,13.25,0.4665727258686805,PM2.5 single-pollutant,age_10 + sex + race_ethnicity + charlson_score + index_year_f + acs_pct_poverty + acs_pct_unemployed + acs_pct_no_vehicle + acs_pct_nonwhite + acs_median_household_income_10k + acs_pct_bachelor_plus
UCMC,PM2.5,Q3,8.850210054715468,Extubation,1,13.5,0.46677752879578194,PM2.5 single-pollutant,age_10 + sex + race_ethnicity + charlson_score + index_year_f + acs_pct_poverty + acs_pct_unemployed + acs_pct_no_vehicle + acs_pct_nonwhite + acs_median_household_income_10k + acs_pct_bachelor_plus
UCMC,PM2.5,Q3,8.850210054715468,Extubation,1,13.75,0.46790386285129426,PM2.5 single-pollutant,age_10 + sex + race_ethnicity + charlson_score + index_year_f + acs_pct_poverty + acs_pct_unemployed + acs_pct_no_vehicle + acs_pct_nonwhite + acs_median_household_income_10k + acs_pct_bachelor_plus
UCMC,PM2.5,Q3,8.850210054715468,Extubation,1,14,0.46892789688995185,PM2.5 single-pollutant,age_10 + sex + race_ethnicity + charlson_score + index_year_f + acs_pct_poverty + acs_pct_unemployed + acs_pct_no_vehicle + acs_pct_nonwhite + acs_median_household_income_10k + acs_pct_bachelor_plus
UCMC,PM2.5,Q3,8.850210054715468,Extubation,1,14.25,0.46964483514623834,PM2.5 single-pollutant,age_10 + sex + race_ethnicity + charlson_score + index_year_f + acs_pct_poverty + acs_pct_unemployed + acs_pct_no_vehicle + acs_pct_nonwhite + acs_median_household_income_10k + acs_pct_bachelor_plus
UCMC,PM2.5,Q3,8.850210054715468,Extubation,1,14.5,0.47107871668743573,PM2.5 single-pollutant,age_10 + sex + race_ethnicity + charlson_score + index_year_f + acs_pct_poverty + acs_pct_unemployed + acs_pct_no_vehicle + acs_pct_nonwhite + acs_median_household_income_10k + acs_pct_bachelor_plus
UCMC,PM2.5,Q3,8.850210054715468,Extubation,1,14.75,0.4712835199295129,PM2.5 single-pollutant,age_10 + sex + race_ethnicity + charlson_score + index_year_f + acs_pct_poverty + acs_pct_unemployed + acs_pct_no_vehicle + acs_pct_nonwhite + acs_median_household_income_10k + acs_pct_bachelor_plus
UCMC,PM2.5,Q3,8.850210054715468,Extubation,1,15,0.4716931646672159,PM2.5 single-pollutant,age_10 + sex + race_ethnicity + charlson_score + index_year_f + acs_pct_poverty + acs_pct_unemployed + acs_pct_no_vehicle + acs_pct_nonwhite + acs_median_household_income_10k + acs_pct_bachelor_plus
UCMC,PM2.5,Q3,8.850210054715468,Extubation,1,15.25,0.4727175964856637,PM2.5 single-pollutant,age_10 + sex + race_ethnicity + charlson_score + index_year_f + acs_pct_poverty + acs_pct_unemployed + acs_pct_no_vehicle + acs_pct_nonwhite + acs_median_household_income_10k + acs_pct_bachelor_plus
UCMC,PM2.5,Q3,8.850210054715468,Extubation,1,15.5,0.47333228823995155,PM2.5 single-pollutant,age_10 + sex + race_ethnicity + charlson_score + index_year_f + acs_pct_poverty + acs_pct_unemployed + acs_pct_no_vehicle + acs_pct_nonwhite + acs_median_household_income_10k + acs_pct_bachelor_plus
UCMC,PM2.5,Q3,8.850210054715468,Extubation,1,15.75,0.4737420488116034,PM2.5 single-pollutant,age_10 + sex + race_ethnicity + charlson_score + index_year_f + acs_pct_poverty + acs_pct_unemployed + acs_pct_no_vehicle + acs_pct_nonwhite + acs_median_household_income_10k + acs_pct_bachelor_plus
UCMC,PM2.5,Q3,8.850210054715468,Extubation,1,16,0.47425426528972703,PM2.5 single-pollutant,age_10 + sex + race_ethnicity + charlson_score + index_year_f + acs_pct_poverty + acs_pct_unemployed + acs_pct_no_vehicle + acs_pct_nonwhite + acs_median_household_income_10k + acs_pct_bachelor_plus
UCMC,PM2.5,Q3,8.850210054715468,Extubation,1,16.25,0.4748689382556659,PM2.5 single-pollutant,age_10 + sex + race_ethnicity + charlson_score + index_year_f + acs_pct_poverty + acs_pct_unemployed + acs_pct_no_vehicle + acs_pct_nonwhite + acs_median_household_income_10k + acs_pct_bachelor_plus
UCMC,PM2.5,Q3,8.850210054715468,Extubation,1,16.5,0.47527880175492887,PM2.5 single-pollutant,age_10 + sex + race_ethnicity + charlson_score + index_year_f + acs_pct_poverty + acs_pct_unemployed + acs_pct_no_vehicle + acs_pct_nonwhite + acs_median_household_income_10k + acs_pct_bachelor_plus
UCMC,PM2.5,Q3,8.850210054715468,Extubation,1,16.75,0.4757911676548843,PM2.5 single-pollutant,age_10 + sex + race_ethnicity + charlson_score + index_year_f + acs_pct_poverty + acs_pct_unemployed + acs_pct_no_vehicle + acs_pct_nonwhite + acs_median_household_income_10k + acs_pct_bachelor_plus
UCMC,PM2.5,Q3,8.850210054715468,Extubation,1,17,0.4764059665177035,PM2.5 single-pollutant,age_10 + sex + race_ethnicity + charlson_score + index_year_f + acs_pct_poverty + acs_pct_unemployed + acs_pct_no_vehicle + acs_pct_nonwhite + acs_median_household_income_10k + acs_pct_bachelor_plus
UCMC,PM2.5,Q3,8.850210054715468,Extubation,1,17.25,0.4770207446464455,PM2.5 single-pollutant,age_10 + sex + race_ethnicity + charlson_score + index_year_f + acs_pct_poverty + acs_pct_unemployed + acs_pct_no_vehicle + acs_pct_nonwhite + acs_median_household_income_10k + acs_pct_bachelor_plus
UCMC,PM2.5,Q3,8.850210054715468,Extubation,1,17.5,0.47773799248353577,PM2.5 single-pollutant,age_10 + sex + race_ethnicity + charlson_score + index_year_f + acs_pct_poverty + acs_pct_unemployed + acs_pct_no_vehicle + acs_pct_nonwhite + acs_median_household_income_10k + acs_pct_bachelor_plus
UCMC,PM2.5,Q3,8.850210054715468,Extubation,1,17.75,0.4779429087811754,PM2.5 single-pollutant,age_10 + sex + race_ethnicity + charlson_score + index_year_f + acs_pct_poverty + acs_pct_unemployed + acs_pct_no_vehicle + acs_pct_nonwhite + acs_median_household_income_10k + acs_pct_bachelor_plus
UCMC,PM2.5,Q3,8.850210054715468,Extubation,1,18,0.47845515751002754,PM2.5 single-pollutant,age_10 + sex + race_ethnicity + charlson_score + index_year_f + acs_pct_poverty + acs_pct_unemployed + acs_pct_no_vehicle + acs_pct_nonwhite + acs_median_household_income_10k + acs_pct_bachelor_plus
UCMC,PM2.5,Q3,8.850210054715468,Extubation,1,18.25,0.47886497705743036,PM2.5 single-pollutant,age_10 + sex + race_ethnicity + charlson_score + index_year_f + acs_pct_poverty + acs_pct_unemployed + acs_pct_no_vehicle + acs_pct_nonwhite + acs_median_household_income_10k + acs_pct_bachelor_plus
UCMC,PM2.5,Q3,8.850210054715468,Extubation,1,18.5,0.4791723317222518,PM2.5 single-pollutant,age_10 + sex + race_ethnicity + charlson_score + index_year_f + acs_pct_poverty + acs_pct_unemployed + acs_pct_no_vehicle + acs_pct_nonwhite + acs_median_household_income_10k + acs_pct_bachelor_plus
UCMC,PM2.5,Q3,8.850210054715468,Extubation,1,18.75,0.4794797080609756,PM2.5 single-pollutant,age_10 + sex + race_ethnicity + charlson_score + index_year_f + acs_pct_poverty + acs_pct_unemployed + acs_pct_no_vehicle + acs_pct_nonwhite + acs_median_household_income_10k + acs_pct_bachelor_plus
UCMC,PM2.5,Q3,8.850210054715468,Extubation,1,19,0.48019693081771886,PM2.5 single-pollutant,age_10 + sex + race_ethnicity + charlson_score + index_year_f + acs_pct_poverty + acs_pct_unemployed + acs_pct_no_vehicle + acs_pct_nonwhite + acs_median_household_income_10k + acs_pct_bachelor_plus
UCMC,PM2.5,Q3,8.850210054715468,Extubation,1,19.25,0.48050437053263895,PM2.5 single-pollutant,age_10 + sex + race_ethnicity + charlson_score + index_year_f + acs_pct_poverty + acs_pct_unemployed + acs_pct_no_vehicle + acs_pct_nonwhite + acs_median_household_income_10k + acs_pct_bachelor_plus
UCMC,PM2.5,Q3,8.850210054715468,Extubation,1,19.5,0.48091428554387583,PM2.5 single-pollutant,age_10 + sex + race_ethnicity + charlson_score + index_year_f + acs_pct_poverty + acs_pct_unemployed + acs_pct_no_vehicle + acs_pct_nonwhite + acs_median_household_income_10k + acs_pct_bachelor_plus
UCMC,PM2.5,Q3,8.850210054715468,Extubation,1,19.75,0.48163165301269517,PM2.5 single-pollutant,age_10 + sex + race_ethnicity + charlson_score + index_year_f + acs_pct_poverty + acs_pct_unemployed + acs_pct_no_vehicle + acs_pct_nonwhite + acs_median_household_income_10k + acs_pct_bachelor_plus
UCMC,PM2.5,Q3,8.850210054715468,Extubation,1,20,0.4823491599862286,PM2.5 single-pollutant,age_10 + sex + race_ethnicity + charlson_score + index_year_f + acs_pct_poverty + acs_pct_unemployed + acs_pct_no_vehicle + acs_pct_nonwhite + acs_median_household_income_10k + acs_pct_bachelor_plus
UCMC,PM2.5,Q3,8.850210054715468,Extubation,1,20.25,0.4826566902614421,PM2.5 single-pollutant,age_10 + sex + race_ethnicity + charlson_score + index_year_f + acs_pct_poverty + acs_pct_unemployed + acs_pct_no_vehicle + acs_pct_nonwhite + acs_median_household_income_10k + acs_pct_bachelor_plus
UCMC,PM2.5,Q3,8.850210054715468,Extubation,1,20.5,0.4828616901864291,PM2.5 single-pollutant,age_10 + sex + race_ethnicity + charlson_score + index_year_f + acs_pct_poverty + acs_pct_unemployed + acs_pct_no_vehicle + acs_pct_nonwhite + acs_median_household_income_10k + acs_pct_bachelor_plus
UCMC,PM2.5,Q3,8.850210054715468,Extubation,1,20.75,0.482964190555801,PM2.5 single-pollutant,age_10 + sex + race_ethnicity + charlson_score + index_year_f + acs_pct_poverty + acs_pct_unemployed + acs_pct_no_vehicle + acs_pct_nonwhite + acs_median_household_income_10k + acs_pct_bachelor_plus
UCMC,PM2.5,Q3,8.850210054715468,Extubation,1,21,0.48327171058672336,PM2.5 single-pollutant,age_10 + sex + race_ethnicity + charlson_score + index_year_f + acs_pct_poverty + acs_pct_unemployed + acs_pct_no_vehicle + acs_pct_nonwhite + acs_median_household_income_10k + acs_pct_bachelor_plus
UCMC,PM2.5,Q3,8.850210054715468,Extubation,1,21.25,0.48347672130122654,PM2.5 single-pollutant,age_10 + sex + race_ethnicity + charlson_score + index_year_f + acs_pct_poverty + acs_pct_unemployed + acs_pct_no_vehicle + acs_pct_nonwhite + acs_median_household_income_10k + acs_pct_bachelor_plus
UCMC,PM2.5,Q3,8.850210054715468,Extubation,1,21.5,0.4838867550814355,PM2.5 single-pollutant,age_10 + sex + race_ethnicity + charlson_score + index_year_f + acs_pct_poverty + acs_pct_unemployed + acs_pct_no_vehicle + acs_pct_nonwhite + acs_median_household_income_10k + acs_pct_bachelor_plus
UCMC,PM2.5,Q3,8.850210054715468,Extubation,1,21.75,0.48419426204172034,PM2.5 single-pollutant,age_10 + sex + race_ethnicity + charlson_score + index_year_f + acs_pct_poverty + acs_pct_unemployed + acs_pct_no_vehicle + acs_pct_nonwhite + acs_median_household_income_10k + acs_pct_bachelor_plus
UCMC,PM2.5,Q3,8.850210054715468,Extubation,1,22,0.484399279040608,PM2.5 single-pollutant,age_10 + sex + race_ethnicity + charlson_score + index_year_f + acs_pct_poverty + acs_pct_unemployed + acs_pct_no_vehicle + acs_pct_nonwhite + acs_median_household_income_10k + acs_pct_bachelor_plus
UCMC,PM2.5,Q3,8.850210054715468,Extubation,1,22.25,0.48450178262011256,PM2.5 single-pollutant,age_10 + sex + race_ethnicity + charlson_score + index_year_f + acs_pct_poverty + acs_pct_unemployed + acs_pct_no_vehicle + acs_pct_nonwhite + acs_median_household_income_10k + acs_pct_bachelor_plus
UCMC,PM2.5,Q3,8.850210054715468,Extubation,1,22.5,0.48450178262011256,PM2.5 single-pollutant,age_10 + sex + race_ethnicity + charlson_score + index_year_f + acs_pct_poverty + acs_pct_unemployed + acs_pct_no_vehicle + acs_pct_nonwhite + acs_median_household_income_10k + acs_pct_bachelor_plus
UCMC,PM2.5,Q3,8.850210054715468,Extubation,1,22.75,0.4846042869377464,PM2.5 single-pollutant,age_10 + sex + race_ethnicity + charlson_score + index_year_f + acs_pct_poverty + acs_pct_unemployed + acs_pct_no_vehicle + acs_pct_nonwhite + acs_median_household_income_10k + acs_pct_bachelor_plus
UCMC,PM2.5,Q3,8.850210054715468,Extubation,1,23,0.4848092792744296,PM2.5 single-pollutant,age_10 + sex + race_ethnicity + charlson_score + index_year_f + acs_pct_poverty + acs_pct_unemployed + acs_pct_no_vehicle + acs_pct_nonwhite + acs_median_household_income_10k + acs_pct_bachelor_plus
UCMC,PM2.5,Q3,8.850210054715468,Extubation,1,23.25,0.4849117747167606,PM2.5 single-pollutant,age_10 + sex + race_ethnicity + charlson_score + index_year_f + acs_pct_poverty + acs_pct_unemployed + acs_pct_no_vehicle + acs_pct_nonwhite + acs_median_household_income_10k + acs_pct_bachelor_plus
UCMC,PM2.5,Q3,8.850210054715468,Extubation,1,23.5,0.4853217520312334,PM2.5 single-pollutant,age_10 + sex + race_ethnicity + charlson_score + index_year_f + acs_pct_poverty + acs_pct_unemployed + acs_pct_no_vehicle + acs_pct_nonwhite + acs_median_household_income_10k + acs_pct_bachelor_plus
UCMC,PM2.5,Q3,8.850210054715468,Extubation,1,23.75,0.48542427044834036,PM2.5 single-pollutant,age_10 + sex + race_ethnicity + charlson_score + index_year_f + acs_pct_poverty + acs_pct_unemployed + acs_pct_no_vehicle + acs_pct_nonwhite + acs_median_household_income_10k + acs_pct_bachelor_plus
UCMC,PM2.5,Q3,8.850210054715468,Extubation,1,24,0.4860394556255082,PM2.5 single-pollutant,age_10 + sex + race_ethnicity + charlson_score + index_year_f + acs_pct_poverty + acs_pct_unemployed + acs_pct_no_vehicle + acs_pct_nonwhite + acs_median_household_income_10k + acs_pct_bachelor_plus
UCMC,PM2.5,Q3,8.850210054715468,Extubation,1,24.25,0.4862445600476285,PM2.5 single-pollutant,age_10 + sex + race_ethnicity + charlson_score + index_year_f + acs_pct_poverty + acs_pct_unemployed + acs_pct_no_vehicle + acs_pct_nonwhite + acs_median_household_income_10k + acs_pct_bachelor_plus
UCMC,PM2.5,Q3,8.850210054715468,Extubation,1,24.5,0.4862445600476285,PM2.5 single-pollutant,age_10 + sex + race_ethnicity + charlson_score + index_year_f + acs_pct_poverty + acs_pct_unemployed + acs_pct_no_vehicle + acs_pct_nonwhite + acs_median_household_income_10k + acs_pct_bachelor_plus
UCMC,PM2.5,Q3,8.850210054715468,Extubation,1,24.75,0.4866547731980485,PM2.5 single-pollutant,age_10 + sex + race_ethnicity + charlson_score + index_year_f + acs_pct_poverty + acs_pct_unemployed + acs_pct_no_vehicle + acs_pct_nonwhite + acs_median_household_income_10k + acs_pct_bachelor_plus
UCMC,PM2.5,Q3,8.850210054715468,Extubation,1,25,0.4866547731980485,PM2.5 single-pollutant,age_10 + sex + race_ethnicity + charlson_score + index_year_f + acs_pct_poverty + acs_pct_unemployed + acs_pct_no_vehicle + acs_pct_nonwhite + acs_median_household_income_10k + acs_pct_bachelor_plus
UCMC,PM2.5,Q3,8.850210054715468,Extubation,1,25.25,0.4870650567817054,PM2.5 single-pollutant,age_10 + sex + race_ethnicity + charlson_score + index_year_f + acs_pct_poverty + acs_pct_unemployed + acs_pct_no_vehicle + acs_pct_nonwhite + acs_median_household_income_10k + acs_pct_bachelor_plus
UCMC,PM2.5,Q3,8.850210054715468,Extubation,1,25.5,0.4872702088805836,PM2.5 single-pollutant,age_10 + sex + race_ethnicity + charlson_score + index_year_f + acs_pct_poverty + acs_pct_unemployed + acs_pct_no_vehicle + acs_pct_nonwhite + acs_median_household_income_10k + acs_pct_bachelor_plus
UCMC,PM2.5,Q3,8.850210054715468,Extubation,1,25.75,0.4874753737755615,PM2.5 single-pollutant,age_10 + sex + race_ethnicity + charlson_score + index_year_f + acs_pct_poverty + acs_pct_unemployed + acs_pct_no_vehicle + acs_pct_nonwhite + acs_median_household_income_10k + acs_pct_bachelor_plus
UCMC,PM2.5,Q3,8.850210054715468,Extubation,1,26,0.48768056145476824,PM2.5 single-pollutant,age_10 + sex + race_ethnicity + charlson_score + index_year_f + acs_pct_poverty + acs_pct_unemployed + acs_pct_no_vehicle + acs_pct_nonwhite + acs_median_household_income_10k + acs_pct_bachelor_plus
UCMC,PM2.5,Q3,8.850210054715468,Extubation,1,26.25,0.4877831506818534,PM2.5 single-pollutant,age_10 + sex + race_ethnicity + charlson_score + index_year_f + acs_pct_poverty + acs_pct_unemployed + acs_pct_no_vehicle + acs_pct_nonwhite + acs_median_household_income_10k + acs_pct_bachelor_plus
UCMC,PM2.5,Q3,8.850210054715468,Extubation,1,26.5,0.48809094099889005,PM2.5 single-pollutant,age_10 + sex + race_ethnicity + charlson_score + index_year_f + acs_pct_poverty + acs_pct_unemployed + acs_pct_no_vehicle + acs_pct_nonwhite + acs_median_household_income_10k + acs_pct_bachelor_plus
UCMC,PM2.5,Q3,8.850210054715468,Extubation,1,26.75,0.48819354503036083,PM2.5 single-pollutant,age_10 + sex + race_ethnicity + charlson_score + index_year_f + acs_pct_poverty + acs_pct_unemployed + acs_pct_no_vehicle + acs_pct_nonwhite + acs_median_household_income_10k + acs_pct_bachelor_plus
UCMC,PM2.5,Q3,8.850210054715468,Extubation,1,27,0.488296144665364,PM2.5 single-pollutant,age_10 + sex + race_ethnicity + charlson_score + index_year_f + acs_pct_poverty + acs_pct_unemployed + acs_pct_no_vehicle + acs_pct_nonwhite + acs_median_household_income_10k + acs_pct_bachelor_plus
UCMC,PM2.5,Q3,8.850210054715468,Extubation,1,27.25,0.4883987440295352,PM2.5 single-pollutant,age_10 + sex + race_ethnicity + charlson_score + index_year_f + acs_pct_poverty + acs_pct_unemployed + acs_pct_no_vehicle + acs_pct_nonwhite + acs_median_household_income_10k + acs_pct_bachelor_plus
UCMC,PM2.5,Q3,8.850210054715468,Extubation,1,27.5,0.4883987440295352,PM2.5 single-pollutant,age_10 + sex + race_ethnicity + charlson_score + index_year_f + acs_pct_poverty + acs_pct_unemployed + acs_pct_no_vehicle + acs_pct_nonwhite + acs_median_household_income_10k + acs_pct_bachelor_plus
UCMC,PM2.5,Q3,8.850210054715468,Extubation,1,27.75,0.488501338601001,PM2.5 single-pollutant,age_10 + sex + race_ethnicity + charlson_score + index_year_f + acs_pct_poverty + acs_pct_unemployed + acs_pct_no_vehicle + acs_pct_nonwhite + acs_median_household_income_10k + acs_pct_bachelor_plus
UCMC,PM2.5,Q3,8.850210054715468,Extubation,1,28,0.4887065216409169,PM2.5 single-pollutant,age_10 + sex + race_ethnicity + charlson_score + index_year_f + acs_pct_poverty + acs_pct_unemployed + acs_pct_no_vehicle + acs_pct_nonwhite + acs_median_household_income_10k + acs_pct_bachelor_plus
UCMC,PM2.5,Q4,9.654820511370527,Extubation,1,0,0,PM2.5 single-pollutant,age_10 + sex + race_ethnicity + charlson_score + index_year_f + acs_pct_poverty + acs_pct_unemployed + acs_pct_no_vehicle + acs_pct_nonwhite + acs_median_household_income_10k + acs_pct_bachelor_plus
UCMC,PM2.5,Q4,9.654820511370527,Extubation,1,0.25,0.027251544133889083,PM2.5 single-pollutant,age_10 + sex + race_ethnicity + charlson_score + index_year_f + acs_pct_poverty + acs_pct_unemployed + acs_pct_no_vehicle + acs_pct_nonwhite + acs_median_household_income_10k + acs_pct_bachelor_plus
UCMC,PM2.5,Q4,9.654820511370527,Extubation,1,0.5,0.09909283211197673,PM2.5 single-pollutant,age_10 + sex + race_ethnicity + charlson_score + index_year_f + acs_pct_poverty + acs_pct_unemployed + acs_pct_no_vehicle + acs_pct_nonwhite + acs_median_household_income_10k + acs_pct_bachelor_plus
UCMC,PM2.5,Q4,9.654820511370527,Extubation,1,0.75,0.13946948453258556,PM2.5 single-pollutant,age_10 + sex + race_ethnicity + charlson_score + index_year_f + acs_pct_poverty + acs_pct_unemployed + acs_pct_no_vehicle + acs_pct_nonwhite + acs_median_household_income_10k + acs_pct_bachelor_plus
UCMC,PM2.5,Q4,9.654820511370527,Extubation,1,1,0.1961770343996685,PM2.5 single-pollutant,age_10 + sex + race_ethnicity + charlson_score + index_year_f + acs_pct_poverty + acs_pct_unemployed + acs_pct_no_vehicle + acs_pct_nonwhite + acs_median_household_income_10k + acs_pct_bachelor_plus
UCMC,PM2.5,Q4,9.654820511370527,Extubation,1,1.25,0.22830744341906217,PM2.5 single-pollutant,age_10 + sex + race_ethnicity + charlson_score + index_year_f + acs_pct_poverty + acs_pct_unemployed + acs_pct_no_vehicle + acs_pct_nonwhite + acs_median_household_income_10k + acs_pct_bachelor_plus
UCMC,PM2.5,Q4,9.654820511370527,Extubation,1,1.5,0.24728132221068277,PM2.5 single-pollutant,age_10 + sex + race_ethnicity + charlson_score + index_year_f + acs_pct_poverty + acs_pct_unemployed + acs_pct_no_vehicle + acs_pct_nonwhite + acs_median_household_income_10k + acs_pct_bachelor_plus
UCMC,PM2.5,Q4,9.654820511370527,Extubation,1,1.75,0.26728143212568134,PM2.5 single-pollutant,age_10 + sex + race_ethnicity + charlson_score + index_year_f + acs_pct_poverty + acs_pct_unemployed + acs_pct_no_vehicle + acs_pct_nonwhite + acs_median_household_income_10k + acs_pct_bachelor_plus
UCMC,PM2.5,Q4,9.654820511370527,Extubation,1,2,0.2889082590754678,PM2.5 single-pollutant,age_10 + sex + race_ethnicity + charlson_score + index_year_f + acs_pct_poverty + acs_pct_unemployed + acs_pct_no_vehicle + acs_pct_nonwhite + acs_median_household_income_10k + acs_pct_bachelor_plus
UCMC,PM2.5,Q4,9.654820511370527,Extubation,1,2.25,0.30448703554631307,PM2.5 single-pollutant,age_10 + sex + race_ethnicity + charlson_score + index_year_f + acs_pct_poverty + acs_pct_unemployed + acs_pct_no_vehicle + acs_pct_nonwhite + acs_median_household_income_10k + acs_pct_bachelor_plus
UCMC,PM2.5,Q4,9.654820511370527,Extubation,1,2.5,0.3154185054208082,PM2.5 single-pollutant,age_10 + sex + race_ethnicity + charlson_score + index_year_f + acs_pct_poverty + acs_pct_unemployed + acs_pct_no_vehicle + acs_pct_nonwhite + acs_median_household_income_10k + acs_pct_bachelor_plus
UCMC,PM2.5,Q4,9.654820511370527,Extubation,1,2.75,0.32828184648904546,PM2.5 single-pollutant,age_10 + sex + race_ethnicity + charlson_score + index_year_f + acs_pct_poverty + acs_pct_unemployed + acs_pct_no_vehicle + acs_pct_nonwhite + acs_median_household_income_10k + acs_pct_bachelor_plus
UCMC,PM2.5,Q4,9.654820511370527,Extubation,1,3,0.3398300338204353,PM2.5 single-pollutant,age_10 + sex + race_ethnicity + charlson_score + index_year_f + acs_pct_poverty + acs_pct_unemployed + acs_pct_no_vehicle + acs_pct_nonwhite + acs_median_household_income_10k + acs_pct_bachelor_plus
UCMC,PM2.5,Q4,9.654820511370527,Extubation,1,3.25,0.3488534601815815,PM2.5 single-pollutant,age_10 + sex + race_ethnicity + charlson_score + index_year_f + acs_pct_poverty + acs_pct_unemployed + acs_pct_no_vehicle + acs_pct_nonwhite + acs_median_household_income_10k + acs_pct_bachelor_plus
UCMC,PM2.5,Q4,9.654820511370527,Extubation,1,3.5,0.35696795336615816,PM2.5 single-pollutant,age_10 + sex + race_ethnicity + charlson_score + index_year_f + acs_pct_poverty + acs_pct_unemployed + acs_pct_no_vehicle + acs_pct_nonwhite + acs_median_household_income_10k + acs_pct_bachelor_plus
UCMC,PM2.5,Q4,9.654820511370527,Extubation,1,3.75,0.3639710411276965,PM2.5 single-pollutant,age_10 + sex + race_ethnicity + charlson_score + index_year_f + acs_pct_poverty + acs_pct_unemployed + acs_pct_no_vehicle + acs_pct_nonwhite + acs_median_household_income_10k + acs_pct_bachelor_plus
UCMC,PM2.5,Q4,9.654820511370527,Extubation,1,4,0.3708733189053931,PM2.5 single-pollutant,age_10 + sex + race_ethnicity + charlson_score + index_year_f + acs_pct_poverty + acs_pct_unemployed + acs_pct_no_vehicle + acs_pct_nonwhite + acs_median_household_income_10k + acs_pct_bachelor_plus
UCMC,PM2.5,Q4,9.654820511370527,Extubation,1,4.25,0.3768658133262971,PM2.5 single-pollutant,age_10 + sex + race_ethnicity + charlson_score + index_year_f + acs_pct_poverty + acs_pct_unemployed + acs_pct_no_vehicle + acs_pct_nonwhite + acs_median_household_income_10k + acs_pct_bachelor_plus
UCMC,PM2.5,Q4,9.654820511370527,Extubation,1,4.5,0.3819439642496145,PM2.5 single-pollutant,age_10 + sex + race_ethnicity + charlson_score + index_year_f + acs_pct_poverty + acs_pct_unemployed + acs_pct_no_vehicle + acs_pct_nonwhite + acs_median_household_income_10k + acs_pct_bachelor_plus
UCMC,PM2.5,Q4,9.654820511370527,Extubation,1,4.75,0.3869200010236459,PM2.5 single-pollutant,age_10 + sex + race_ethnicity + charlson_score + index_year_f + acs_pct_poverty + acs_pct_unemployed + acs_pct_no_vehicle + acs_pct_nonwhite + acs_median_household_income_10k + acs_pct_bachelor_plus
UCMC,PM2.5,Q4,9.654820511370527,Extubation,1,5,0.3922003536116292,PM2.5 single-pollutant,age_10 + sex + race_ethnicity + charlson_score + index_year_f + acs_pct_poverty + acs_pct_unemployed + acs_pct_no_vehicle + acs_pct_nonwhite + acs_median_household_income_10k + acs_pct_bachelor_plus
UCMC,PM2.5,Q4,9.654820511370527,Extubation,1,5.25,0.39687133719113554,PM2.5 single-pollutant,age_10 + sex + race_ethnicity + charlson_score + index_year_f + acs_pct_poverty + acs_pct_unemployed + acs_pct_no_vehicle + acs_pct_nonwhite + acs_median_household_income_10k + acs_pct_bachelor_plus
UCMC,PM2.5,Q4,9.654820511370527,Extubation,1,5.5,0.40123874052549724,PM2.5 single-pollutant,age_10 + sex + race_ethnicity + charlson_score + index_year_f + acs_pct_poverty + acs_pct_unemployed + acs_pct_no_vehicle + acs_pct_nonwhite + acs_median_household_income_10k + acs_pct_bachelor_plus
UCMC,PM2.5,Q4,9.654820511370527,Extubation,1,5.75,0.4050980665194971,PM2.5 single-pollutant,age_10 + sex + race_ethnicity + charlson_score + index_year_f + acs_pct_poverty + acs_pct_unemployed + acs_pct_no_vehicle + acs_pct_nonwhite + acs_median_household_income_10k + acs_pct_bachelor_plus
UCMC,PM2.5,Q4,9.654820511370527,Extubation,1,6,0.4092610788903681,PM2.5 single-pollutant,age_10 + sex + race_ethnicity + charlson_score + index_year_f + acs_pct_poverty + acs_pct_unemployed + acs_pct_no_vehicle + acs_pct_nonwhite + acs_median_household_income_10k + acs_pct_bachelor_plus
UCMC,PM2.5,Q4,9.654820511370527,Extubation,1,6.25,0.4122055563644773,PM2.5 single-pollutant,age_10 + sex + race_ethnicity + charlson_score + index_year_f + acs_pct_poverty + acs_pct_unemployed + acs_pct_no_vehicle + acs_pct_nonwhite + acs_median_household_income_10k + acs_pct_bachelor_plus
UCMC,PM2.5,Q4,9.654820511370527,Extubation,1,6.5,0.4153538562120985,PM2.5 single-pollutant,age_10 + sex + race_ethnicity + charlson_score + index_year_f + acs_pct_poverty + acs_pct_unemployed + acs_pct_no_vehicle + acs_pct_nonwhite + acs_median_household_income_10k + acs_pct_bachelor_plus
UCMC,PM2.5,Q4,9.654820511370527,Extubation,1,6.75,0.4187067921723745,PM2.5 single-pollutant,age_10 + sex + race_ethnicity + charlson_score + index_year_f + acs_pct_poverty + acs_pct_unemployed + acs_pct_no_vehicle + acs_pct_nonwhite + acs_median_household_income_10k + acs_pct_bachelor_plus
UCMC,PM2.5,Q4,9.654820511370527,Extubation,1,7,0.421959246912346,PM2.5 single-pollutant,age_10 + sex + race_ethnicity + charlson_score + index_year_f + acs_pct_poverty + acs_pct_unemployed + acs_pct_no_vehicle + acs_pct_nonwhite + acs_median_household_income_10k + acs_pct_bachelor_plus
UCMC,PM2.5,Q4,9.654820511370527,Extubation,1,7.25,0.42439837323821816,PM2.5 single-pollutant,age_10 + sex + race_ethnicity + charlson_score + index_year_f + acs_pct_poverty + acs_pct_unemployed + acs_pct_no_vehicle + acs_pct_nonwhite + acs_median_household_income_10k + acs_pct_bachelor_plus
UCMC,PM2.5,Q4,9.654820511370527,Extubation,1,7.5,0.42653284475165054,PM2.5 single-pollutant,age_10 + sex + race_ethnicity + charlson_score + index_year_f + acs_pct_poverty + acs_pct_unemployed + acs_pct_no_vehicle + acs_pct_nonwhite + acs_median_household_income_10k + acs_pct_bachelor_plus
UCMC,PM2.5,Q4,9.654820511370527,Extubation,1,7.75,0.4293800356206753,PM2.5 single-pollutant,age_10 + sex + race_ethnicity + charlson_score + index_year_f + acs_pct_poverty + acs_pct_unemployed + acs_pct_no_vehicle + acs_pct_nonwhite + acs_median_household_income_10k + acs_pct_bachelor_plus
UCMC,PM2.5,Q4,9.654820511370527,Extubation,1,8,0.4324321753664374,PM2.5 single-pollutant,age_10 + sex + race_ethnicity + charlson_score + index_year_f + acs_pct_poverty + acs_pct_unemployed + acs_pct_no_vehicle + acs_pct_nonwhite + acs_median_household_income_10k + acs_pct_bachelor_plus
UCMC,PM2.5,Q4,9.654820511370527,Extubation,1,8.25,0.43426424805391384,PM2.5 single-pollutant,age_10 + sex + race_ethnicity + charlson_score + index_year_f + acs_pct_poverty + acs_pct_unemployed + acs_pct_no_vehicle + acs_pct_nonwhite + acs_median_household_income_10k + acs_pct_bachelor_plus
UCMC,PM2.5,Q4,9.654820511370527,Extubation,1,8.5,0.4363005044808945,PM2.5 single-pollutant,age_10 + sex + race_ethnicity + charlson_score + index_year_f + acs_pct_poverty + acs_pct_unemployed + acs_pct_no_vehicle + acs_pct_nonwhite + acs_median_household_income_10k + acs_pct_bachelor_plus
UCMC,PM2.5,Q4,9.654820511370527,Extubation,1,8.75,0.438846163965425,PM2.5 single-pollutant,age_10 + sex + race_ethnicity + charlson_score + index_year_f + acs_pct_poverty + acs_pct_unemployed + acs_pct_no_vehicle + acs_pct_nonwhite + acs_median_household_income_10k + acs_pct_bachelor_plus
UCMC,PM2.5,Q4,9.654820511370527,Extubation,1,9,0.44108650579686504,PM2.5 single-pollutant,age_10 + sex + race_ethnicity + charlson_score + index_year_f + acs_pct_poverty + acs_pct_unemployed + acs_pct_no_vehicle + acs_pct_nonwhite + acs_median_household_income_10k + acs_pct_bachelor_plus
UCMC,PM2.5,Q4,9.654820511370527,Extubation,1,9.25,0.4429200202033369,PM2.5 single-pollutant,age_10 + sex + race_ethnicity + charlson_score + index_year_f + acs_pct_poverty + acs_pct_unemployed + acs_pct_no_vehicle + acs_pct_nonwhite + acs_median_household_income_10k + acs_pct_bachelor_plus
UCMC,PM2.5,Q4,9.654820511370527,Extubation,1,9.5,0.4445501452754753,PM2.5 single-pollutant,age_10 + sex + race_ethnicity + charlson_score + index_year_f + acs_pct_poverty + acs_pct_unemployed + acs_pct_no_vehicle + acs_pct_nonwhite + acs_median_household_income_10k + acs_pct_bachelor_plus
UCMC,PM2.5,Q4,9.654820511370527,Extubation,1,9.75,0.4460785519345485,PM2.5 single-pollutant,age_10 + sex + race_ethnicity + charlson_score + index_year_f + acs_pct_poverty + acs_pct_unemployed + acs_pct_no_vehicle + acs_pct_nonwhite + acs_median_household_income_10k + acs_pct_bachelor_plus
UCMC,PM2.5,Q4,9.654820511370527,Extubation,1,10,0.44811684613892133,PM2.5 single-pollutant,age_10 + sex + race_ethnicity + charlson_score + index_year_f + acs_pct_poverty + acs_pct_unemployed + acs_pct_no_vehicle + acs_pct_nonwhite + acs_median_household_income_10k + acs_pct_bachelor_plus
UCMC,PM2.5,Q4,9.654820511370527,Extubation,1,10.25,0.44954407024132026,PM2.5 single-pollutant,age_10 + sex + race_ethnicity + charlson_score + index_year_f + acs_pct_poverty + acs_pct_unemployed + acs_pct_no_vehicle + acs_pct_nonwhite + acs_median_household_income_10k + acs_pct_bachelor_plus
UCMC,PM2.5,Q4,9.654820511370527,Extubation,1,10.5,0.45035969755141647,PM2.5 single-pollutant,age_10 + sex + race_ethnicity + charlson_score + index_year_f + acs_pct_poverty + acs_pct_unemployed + acs_pct_no_vehicle + acs_pct_nonwhite + acs_median_household_income_10k + acs_pct_bachelor_plus
UCMC,PM2.5,Q4,9.654820511370527,Extubation,1,10.75,0.45127727644193083,PM2.5 single-pollutant,age_10 + sex + race_ethnicity + charlson_score + index_year_f + acs_pct_poverty + acs_pct_unemployed + acs_pct_no_vehicle + acs_pct_nonwhite + acs_median_household_income_10k + acs_pct_bachelor_plus
UCMC,PM2.5,Q4,9.654820511370527,Extubation,1,11,0.45260269511694007,PM2.5 single-pollutant,age_10 + sex + race_ethnicity + charlson_score + index_year_f + acs_pct_poverty + acs_pct_unemployed + acs_pct_no_vehicle + acs_pct_nonwhite + acs_median_household_income_10k + acs_pct_bachelor_plus
UCMC,PM2.5,Q4,9.654820511370527,Extubation,1,11.25,0.4532143795651782,PM2.5 single-pollutant,age_10 + sex + race_ethnicity + charlson_score + index_year_f + acs_pct_poverty + acs_pct_unemployed + acs_pct_no_vehicle + acs_pct_nonwhite + acs_median_household_income_10k + acs_pct_bachelor_plus
UCMC,PM2.5,Q4,9.654820511370527,Extubation,1,11.5,0.4541318204397933,PM2.5 single-pollutant,age_10 + sex + race_ethnicity + charlson_score + index_year_f + acs_pct_poverty + acs_pct_unemployed + acs_pct_no_vehicle + acs_pct_nonwhite + acs_median_household_income_10k + acs_pct_bachelor_plus
UCMC,PM2.5,Q4,9.654820511370527,Extubation,1,11.75,0.4552532021650604,PM2.5 single-pollutant,age_10 + sex + race_ethnicity + charlson_score + index_year_f + acs_pct_poverty + acs_pct_unemployed + acs_pct_no_vehicle + acs_pct_nonwhite + acs_median_household_income_10k + acs_pct_bachelor_plus
UCMC,PM2.5,Q4,9.654820511370527,Extubation,1,12,0.45759779618809593,PM2.5 single-pollutant,age_10 + sex + race_ethnicity + charlson_score + index_year_f + acs_pct_poverty + acs_pct_unemployed + acs_pct_no_vehicle + acs_pct_nonwhite + acs_median_household_income_10k + acs_pct_bachelor_plus
UCMC,PM2.5,Q4,9.654820511370527,Extubation,1,12.25,0.4586174119711244,PM2.5 single-pollutant,age_10 + sex + race_ethnicity + charlson_score + index_year_f + acs_pct_poverty + acs_pct_unemployed + acs_pct_no_vehicle + acs_pct_nonwhite + acs_median_household_income_10k + acs_pct_bachelor_plus
UCMC,PM2.5,Q4,9.654820511370527,Extubation,1,12.5,0.4598408970100675,PM2.5 single-pollutant,age_10 + sex + race_ethnicity + charlson_score + index_year_f + acs_pct_poverty + acs_pct_unemployed + acs_pct_no_vehicle + acs_pct_nonwhite + acs_median_household_income_10k + acs_pct_bachelor_plus
UCMC,PM2.5,Q4,9.654820511370527,Extubation,1,12.75,0.4616766163858147,PM2.5 single-pollutant,age_10 + sex + race_ethnicity + charlson_score + index_year_f + acs_pct_poverty + acs_pct_unemployed + acs_pct_no_vehicle + acs_pct_nonwhite + acs_median_household_income_10k + acs_pct_bachelor_plus
UCMC,PM2.5,Q4,9.654820511370527,Extubation,1,13,0.4622885869206016,PM2.5 single-pollutant,age_10 + sex + race_ethnicity + charlson_score + index_year_f + acs_pct_poverty + acs_pct_unemployed + acs_pct_no_vehicle + acs_pct_nonwhite + acs_median_household_income_10k + acs_pct_bachelor_plus
UCMC,PM2.5,Q4,9.654820511370527,Extubation,1,13.25,0.4632066883263386,PM2.5 single-pollutant,age_10 + sex + race_ethnicity + charlson_score + index_year_f + acs_pct_poverty + acs_pct_unemployed + acs_pct_no_vehicle + acs_pct_nonwhite + acs_median_household_income_10k + acs_pct_bachelor_plus
UCMC,PM2.5,Q4,9.654820511370527,Extubation,1,13.5,0.46341072105545855,PM2.5 single-pollutant,age_10 + sex + race_ethnicity + charlson_score + index_year_f + acs_pct_poverty + acs_pct_unemployed + acs_pct_no_vehicle + acs_pct_nonwhite + acs_median_household_income_10k + acs_pct_bachelor_plus
UCMC,PM2.5,Q4,9.654820511370527,Extubation,1,13.75,0.4645328333583414,PM2.5 single-pollutant,age_10 + sex + race_ethnicity + charlson_score + index_year_f + acs_pct_poverty + acs_pct_unemployed + acs_pct_no_vehicle + acs_pct_nonwhite + acs_median_household_income_10k + acs_pct_bachelor_plus
UCMC,PM2.5,Q4,9.654820511370527,Extubation,1,14,0.4655530497212037,PM2.5 single-pollutant,age_10 + sex + race_ethnicity + charlson_score + index_year_f + acs_pct_poverty + acs_pct_unemployed + acs_pct_no_vehicle + acs_pct_nonwhite + acs_median_household_income_10k + acs_pct_bachelor_plus
UCMC,PM2.5,Q4,9.654820511370527,Extubation,1,14.25,0.4662673268945592,PM2.5 single-pollutant,age_10 + sex + race_ethnicity + charlson_score + index_year_f + acs_pct_poverty + acs_pct_unemployed + acs_pct_no_vehicle + acs_pct_nonwhite + acs_median_household_income_10k + acs_pct_bachelor_plus
UCMC,PM2.5,Q4,9.654820511370527,Extubation,1,14.5,0.4676959152597039,PM2.5 single-pollutant,age_10 + sex + race_ethnicity + charlson_score + index_year_f + acs_pct_poverty + acs_pct_unemployed + acs_pct_no_vehicle + acs_pct_nonwhite + acs_median_household_income_10k + acs_pct_bachelor_plus
UCMC,PM2.5,Q4,9.654820511370527,Extubation,1,14.75,0.4678999656317546,PM2.5 single-pollutant,age_10 + sex + race_ethnicity + charlson_score + index_year_f + acs_pct_poverty + acs_pct_unemployed + acs_pct_no_vehicle + acs_pct_nonwhite + acs_median_household_income_10k + acs_pct_bachelor_plus
UCMC,PM2.5,Q4,9.654820511370527,Extubation,1,15,0.46830810686297575,PM2.5 single-pollutant,age_10 + sex + race_ethnicity + charlson_score + index_year_f + acs_pct_poverty + acs_pct_unemployed + acs_pct_no_vehicle + acs_pct_nonwhite + acs_median_household_income_10k + acs_pct_bachelor_plus
UCMC,PM2.5,Q4,9.654820511370527,Extubation,1,15.25,0.4693287926126235,PM2.5 single-pollutant,age_10 + sex + race_ethnicity + charlson_score + index_year_f + acs_pct_poverty + acs_pct_unemployed + acs_pct_no_vehicle + acs_pct_nonwhite + acs_median_household_income_10k + acs_pct_bachelor_plus
UCMC,PM2.5,Q4,9.654820511370527,Extubation,1,15.5,0.4699412461322663,PM2.5 single-pollutant,age_10 + sex + race_ethnicity + charlson_score + index_year_f + acs_pct_poverty + acs_pct_unemployed + acs_pct_no_vehicle + acs_pct_nonwhite + acs_median_household_income_10k + acs_pct_bachelor_plus
UCMC,PM2.5,Q4,9.654820511370527,Extubation,1,15.75,0.47034951864510566,PM2.5 single-pollutant,age_10 + sex + race_ethnicity + charlson_score + index_year_f + acs_pct_poverty + acs_pct_unemployed + acs_pct_no_vehicle + acs_pct_nonwhite + acs_median_household_income_10k + acs_pct_bachelor_plus
UCMC,PM2.5,Q4,9.654820511370527,Extubation,1,16,0.47085987946767993,PM2.5 single-pollutant,age_10 + sex + race_ethnicity + charlson_score + index_year_f + acs_pct_poverty + acs_pct_unemployed + acs_pct_no_vehicle + acs_pct_nonwhite + acs_median_household_income_10k + acs_pct_bachelor_plus
UCMC,PM2.5,Q4,9.654820511370527,Extubation,1,16.25,0.4714723321695784,PM2.5 single-pollutant,age_10 + sex + race_ethnicity + charlson_score + index_year_f + acs_pct_poverty + acs_pct_unemployed + acs_pct_no_vehicle + acs_pct_nonwhite + acs_median_household_income_10k + acs_pct_bachelor_plus
UCMC,PM2.5,Q4,9.654820511370527,Extubation,1,16.5,0.4718807191854878,PM2.5 single-pollutant,age_10 + sex + race_ethnicity + charlson_score + index_year_f + acs_pct_poverty + acs_pct_unemployed + acs_pct_no_vehicle + acs_pct_nonwhite + acs_median_household_income_10k + acs_pct_bachelor_plus
UCMC,PM2.5,Q4,9.654820511370527,Extubation,1,16.75,0.47239124384066034,PM2.5 single-pollutant,age_10 + sex + race_ethnicity + charlson_score + index_year_f + acs_pct_poverty + acs_pct_unemployed + acs_pct_no_vehicle + acs_pct_nonwhite + acs_median_household_income_10k + acs_pct_bachelor_plus
UCMC,PM2.5,Q4,9.654820511370527,Extubation,1,17,0.47300383994709405,PM2.5 single-pollutant,age_10 + sex + race_ethnicity + charlson_score + index_year_f + acs_pct_poverty + acs_pct_unemployed + acs_pct_no_vehicle + acs_pct_nonwhite + acs_median_household_income_10k + acs_pct_bachelor_plus
UCMC,PM2.5,Q4,9.654820511370527,Extubation,1,17.25,0.47361642259339376,PM2.5 single-pollutant,age_10 + sex + race_ethnicity + charlson_score + index_year_f + acs_pct_poverty + acs_pct_unemployed + acs_pct_no_vehicle + acs_pct_nonwhite + acs_median_household_income_10k + acs_pct_bachelor_plus
UCMC,PM2.5,Q4,9.654820511370527,Extubation,1,17.5,0.47433111812136786,PM2.5 single-pollutant,age_10 + sex + race_ethnicity + charlson_score + index_year_f + acs_pct_poverty + acs_pct_unemployed + acs_pct_no_vehicle + acs_pct_nonwhite + acs_median_household_income_10k + acs_pct_bachelor_plus
UCMC,PM2.5,Q4,9.654820511370527,Extubation,1,17.75,0.47453530703314073,PM2.5 single-pollutant,age_10 + sex + race_ethnicity + charlson_score + index_year_f + acs_pct_poverty + acs_pct_unemployed + acs_pct_no_vehicle + acs_pct_nonwhite + acs_median_household_income_10k + acs_pct_bachelor_plus
UCMC,PM2.5,Q4,9.654820511370527,Extubation,1,18,0.4750457409565144,PM2.5 single-pollutant,age_10 + sex + race_ethnicity + charlson_score + index_year_f + acs_pct_poverty + acs_pct_unemployed + acs_pct_no_vehicle + acs_pct_nonwhite + acs_median_household_income_10k + acs_pct_bachelor_plus
UCMC,PM2.5,Q4,9.654820511370527,Extubation,1,18.25,0.47545411219981737,PM2.5 single-pollutant,age_10 + sex + race_ethnicity + charlson_score + index_year_f + acs_pct_poverty + acs_pct_unemployed + acs_pct_no_vehicle + acs_pct_nonwhite + acs_median_household_income_10k + acs_pct_bachelor_plus
UCMC,PM2.5,Q4,9.654820511370527,Extubation,1,18.5,0.4757603827811878,PM2.5 single-pollutant,age_10 + sex + race_ethnicity + charlson_score + index_year_f + acs_pct_poverty + acs_pct_unemployed + acs_pct_no_vehicle + acs_pct_nonwhite + acs_median_household_income_10k + acs_pct_bachelor_plus
UCMC,PM2.5,Q4,9.654820511370527,Extubation,1,18.75,0.4760666767693392,PM2.5 single-pollutant,age_10 + sex + race_ethnicity + charlson_score + index_year_f + acs_pct_poverty + acs_pct_unemployed + acs_pct_no_vehicle + acs_pct_nonwhite + acs_median_household_income_10k + acs_pct_bachelor_plus
UCMC,PM2.5,Q4,9.654820511370527,Extubation,1,19,0.4767813810443914,PM2.5 single-pollutant,age_10 + sex + race_ethnicity + charlson_score + index_year_f + acs_pct_poverty + acs_pct_unemployed + acs_pct_no_vehicle + acs_pct_nonwhite + acs_median_household_income_10k + acs_pct_bachelor_plus
UCMC,PM2.5,Q4,9.654820511370527,Extubation,1,19.25,0.47708774422617317,PM2.5 single-pollutant,age_10 + sex + race_ethnicity + charlson_score + index_year_f + acs_pct_poverty + acs_pct_unemployed + acs_pct_no_vehicle + acs_pct_nonwhite + acs_median_household_income_10k + acs_pct_bachelor_plus
UCMC,PM2.5,Q4,9.654820511370527,Extubation,1,19.5,0.4774962266992262,PM2.5 single-pollutant,age_10 + sex + race_ethnicity + charlson_score + index_year_f + acs_pct_poverty + acs_pct_unemployed + acs_pct_no_vehicle + acs_pct_nonwhite + acs_median_household_income_10k + acs_pct_bachelor_plus
UCMC,PM2.5,Q4,9.654820511370527,Extubation,1,19.75,0.478211094940879,PM2.5 single-pollutant,age_10 + sex + race_ethnicity + charlson_score + index_year_f + acs_pct_poverty + acs_pct_unemployed + acs_pct_no_vehicle + acs_pct_nonwhite + acs_median_household_income_10k + acs_pct_bachelor_plus
UCMC,PM2.5,Q4,9.654820511370527,Extubation,1,20,0.47892611210675207,PM2.5 single-pollutant,age_10 + sex + race_ethnicity + charlson_score + index_year_f + acs_pct_poverty + acs_pct_unemployed + acs_pct_no_vehicle + acs_pct_nonwhite + acs_median_household_income_10k + acs_pct_bachelor_plus
UCMC,PM2.5,Q4,9.654820511370527,Extubation,1,20.25,0.47923257826323684,PM2.5 single-pollutant,age_10 + sex + race_ethnicity + charlson_score + index_year_f + acs_pct_poverty + acs_pct_unemployed + acs_pct_no_vehicle + acs_pct_nonwhite + acs_median_household_income_10k + acs_pct_bachelor_plus
UCMC,PM2.5,Q4,9.654820511370527,Extubation,1,20.5,0.4794368698586974,PM2.5 single-pollutant,age_10 + sex + race_ethnicity + charlson_score + index_year_f + acs_pct_poverty + acs_pct_unemployed + acs_pct_no_vehicle + acs_pct_nonwhite + acs_median_household_income_10k + acs_pct_bachelor_plus
UCMC,PM2.5,Q4,9.654820511370527,Extubation,1,20.75,0.4795390163658636,PM2.5 single-pollutant,age_10 + sex + race_ethnicity + charlson_score + index_year_f + acs_pct_poverty + acs_pct_unemployed + acs_pct_no_vehicle + acs_pct_nonwhite + acs_median_household_income_10k + acs_pct_bachelor_plus
UCMC,PM2.5,Q4,9.654820511370527,Extubation,1,21,0.47984547596131677,PM2.5 single-pollutant,age_10 + sex + race_ethnicity + charlson_score + index_year_f + acs_pct_poverty + acs_pct_unemployed + acs_pct_no_vehicle + acs_pct_nonwhite + acs_median_household_income_10k + acs_pct_bachelor_plus
UCMC,PM2.5,Q4,9.654820511370527,Extubation,1,21.25,0.48004978074207505,PM2.5 single-pollutant,age_10 + sex + race_ethnicity + charlson_score + index_year_f + acs_pct_poverty + acs_pct_unemployed + acs_pct_no_vehicle + acs_pct_nonwhite + acs_median_household_income_10k + acs_pct_bachelor_plus
UCMC,PM2.5,Q4,9.654820511370527,Extubation,1,21.5,0.4804584050477496,PM2.5 single-pollutant,age_10 + sex + race_ethnicity + charlson_score + index_year_f + acs_pct_poverty + acs_pct_unemployed + acs_pct_no_vehicle + acs_pct_nonwhite + acs_median_household_income_10k + acs_pct_bachelor_plus
UCMC,PM2.5,Q4,9.654820511370527,Extubation,1,21.75,0.4807648570974684,PM2.5 single-pollutant,age_10 + sex + race_ethnicity + charlson_score + index_year_f + acs_pct_poverty + acs_pct_unemployed + acs_pct_no_vehicle + acs_pct_nonwhite + acs_median_household_income_10k + acs_pct_bachelor_plus
UCMC,PM2.5,Q4,9.654820511370527,Extubation,1,22,0.4809691717962309,PM2.5 single-pollutant,age_10 + sex + race_ethnicity + charlson_score + index_year_f + acs_pct_poverty + acs_pct_unemployed + acs_pct_no_vehicle + acs_pct_nonwhite + acs_median_household_income_10k + acs_pct_bachelor_plus
UCMC,PM2.5,Q4,9.654820511370527,Extubation,1,22.25,0.48107132454743495,PM2.5 single-pollutant,age_10 + sex + race_ethnicity + charlson_score + index_year_f + acs_pct_poverty + acs_pct_unemployed + acs_pct_no_vehicle + acs_pct_nonwhite + acs_median_household_income_10k + acs_pct_bachelor_plus
UCMC,PM2.5,Q4,9.654820511370527,Extubation,1,22.5,0.48107132454743495,PM2.5 single-pollutant,age_10 + sex + race_ethnicity + charlson_score + index_year_f + acs_pct_poverty + acs_pct_unemployed + acs_pct_no_vehicle + acs_pct_nonwhite + acs_median_household_income_10k + acs_pct_bachelor_plus
UCMC,PM2.5,Q4,9.654820511370527,Extubation,1,22.75,0.4811734782375646,PM2.5 single-pollutant,age_10 + sex + race_ethnicity + charlson_score + index_year_f + acs_pct_poverty + acs_pct_unemployed + acs_pct_no_vehicle + acs_pct_nonwhite + acs_median_household_income_10k + acs_pct_bachelor_plus
UCMC,PM2.5,Q4,9.654820511370527,Extubation,1,23,0.4813777699850428,PM2.5 single-pollutant,age_10 + sex + race_ethnicity + charlson_score + index_year_f + acs_pct_poverty + acs_pct_unemployed + acs_pct_no_vehicle + acs_pct_nonwhite + acs_median_household_income_10k + acs_pct_bachelor_plus
UCMC,PM2.5,Q4,9.654820511370527,Extubation,1,23.25,0.4814799154403494,PM2.5 single-pollutant,age_10 + sex + race_ethnicity + charlson_score + index_year_f + acs_pct_poverty + acs_pct_unemployed + acs_pct_no_vehicle + acs_pct_nonwhite + acs_median_household_income_10k + acs_pct_bachelor_plus
UCMC,PM2.5,Q4,9.654820511370527,Extubation,1,23.5,0.4818884948568205,PM2.5 single-pollutant,age_10 + sex + race_ethnicity + charlson_score + index_year_f + acs_pct_poverty + acs_pct_unemployed + acs_pct_no_vehicle + acs_pct_nonwhite + acs_median_household_income_10k + acs_pct_bachelor_plus
UCMC,PM2.5,Q4,9.654820511370527,Extubation,1,23.75,0.4819906642263606,PM2.5 single-pollutant,age_10 + sex + race_ethnicity + charlson_score + index_year_f + acs_pct_poverty + acs_pct_unemployed + acs_pct_no_vehicle + acs_pct_nonwhite + acs_median_household_income_10k + acs_pct_bachelor_plus
UCMC,PM2.5,Q4,9.654820511370527,Extubation,1,24,0.48260375914497833,PM2.5 single-pollutant,age_10 + sex + race_ethnicity + charlson_score + index_year_f + acs_pct_poverty + acs_pct_unemployed + acs_pct_no_vehicle + acs_pct_nonwhite + acs_median_household_income_10k + acs_pct_bachelor_plus
UCMC,PM2.5,Q4,9.654820511370527,Extubation,1,24.25,0.48280816830150886,PM2.5 single-pollutant,age_10 + sex + race_ethnicity + charlson_score + index_year_f + acs_pct_poverty + acs_pct_unemployed + acs_pct_no_vehicle + acs_pct_nonwhite + acs_median_household_income_10k + acs_pct_bachelor_plus
UCMC,PM2.5,Q4,9.654820511370527,Extubation,1,24.5,0.48280816830150886,PM2.5 single-pollutant,age_10 + sex + race_ethnicity + charlson_score + index_year_f + acs_pct_poverty + acs_pct_unemployed + acs_pct_no_vehicle + acs_pct_nonwhite + acs_median_household_income_10k + acs_pct_bachelor_plus
UCMC,PM2.5,Q4,9.654820511370527,Extubation,1,24.75,0.4832169933570515,PM2.5 single-pollutant,age_10 + sex + race_ethnicity + charlson_score + index_year_f + acs_pct_poverty + acs_pct_unemployed + acs_pct_no_vehicle + acs_pct_nonwhite + acs_median_household_income_10k + acs_pct_bachelor_plus
UCMC,PM2.5,Q4,9.654820511370527,Extubation,1,25,0.4832169933570515,PM2.5 single-pollutant,age_10 + sex + race_ethnicity + charlson_score + index_year_f + acs_pct_poverty + acs_pct_unemployed + acs_pct_no_vehicle + acs_pct_nonwhite + acs_median_household_income_10k + acs_pct_bachelor_plus
UCMC,PM2.5,Q4,9.654820511370527,Extubation,1,25.25,0.4836258918784143,PM2.5 single-pollutant,age_10 + sex + race_ethnicity + charlson_score + index_year_f + acs_pct_poverty + acs_pct_unemployed + acs_pct_no_vehicle + acs_pct_nonwhite + acs_median_household_income_10k + acs_pct_bachelor_plus
UCMC,PM2.5,Q4,9.654820511370527,Extubation,1,25.5,0.48383035263895746,PM2.5 single-pollutant,age_10 + sex + race_ethnicity + charlson_score + index_year_f + acs_pct_poverty + acs_pct_unemployed + acs_pct_no_vehicle + acs_pct_nonwhite + acs_median_household_income_10k + acs_pct_bachelor_plus
UCMC,PM2.5,Q4,9.654820511370527,Extubation,1,25.75,0.48403482697142886,PM2.5 single-pollutant,age_10 + sex + race_ethnicity + charlson_score + index_year_f + acs_pct_poverty + acs_pct_unemployed + acs_pct_no_vehicle + acs_pct_nonwhite + acs_median_household_income_10k + acs_pct_bachelor_plus
UCMC,PM2.5,Q4,9.654820511370527,Extubation,1,26,0.48423932483088306,PM2.5 single-pollutant,age_10 + sex + race_ethnicity + charlson_score + index_year_f + acs_pct_poverty + acs_pct_unemployed + acs_pct_no_vehicle + acs_pct_nonwhite + acs_median_household_income_10k + acs_pct_bachelor_plus
UCMC,PM2.5,Q4,9.654820511370527,Extubation,1,26.25,0.48434156947099205,PM2.5 single-pollutant,age_10 + sex + race_ethnicity + charlson_score + index_year_f + acs_pct_poverty + acs_pct_unemployed + acs_pct_no_vehicle + acs_pct_nonwhite + acs_median_household_income_10k + acs_pct_bachelor_plus
UCMC,PM2.5,Q4,9.654820511370527,Extubation,1,26.5,0.4846483271812613,PM2.5 single-pollutant,age_10 + sex + race_ethnicity + charlson_score + index_year_f + acs_pct_poverty + acs_pct_unemployed + acs_pct_no_vehicle + acs_pct_nonwhite + acs_median_household_income_10k + acs_pct_bachelor_plus
UCMC,PM2.5,Q4,9.654820511370527,Extubation,1,26.75,0.4847505873963688,PM2.5 single-pollutant,age_10 + sex + race_ethnicity + charlson_score + index_year_f + acs_pct_poverty + acs_pct_unemployed + acs_pct_no_vehicle + acs_pct_nonwhite + acs_median_household_income_10k + acs_pct_bachelor_plus
UCMC,PM2.5,Q4,9.654820511370527,Extubation,1,27,0.48485284343493107,PM2.5 single-pollutant,age_10 + sex + race_ethnicity + charlson_score + index_year_f + acs_pct_poverty + acs_pct_unemployed + acs_pct_no_vehicle + acs_pct_nonwhite + acs_median_household_income_10k + acs_pct_bachelor_plus
UCMC,PM2.5,Q4,9.654820511370527,Extubation,1,27.25,0.48495509940879467,PM2.5 single-pollutant,age_10 + sex + race_ethnicity + charlson_score + index_year_f + acs_pct_poverty + acs_pct_unemployed + acs_pct_no_vehicle + acs_pct_nonwhite + acs_median_household_income_10k + acs_pct_bachelor_plus
UCMC,PM2.5,Q4,9.654820511370527,Extubation,1,27.5,0.48495509940879467,PM2.5 single-pollutant,age_10 + sex + race_ethnicity + charlson_score + index_year_f + acs_pct_poverty + acs_pct_unemployed + acs_pct_no_vehicle + acs_pct_nonwhite + acs_median_household_income_10k + acs_pct_bachelor_plus
UCMC,PM2.5,Q4,9.654820511370527,Extubation,1,27.75,0.4850573508112469,PM2.5 single-pollutant,age_10 + sex + race_ethnicity + charlson_score + index_year_f + acs_pct_poverty + acs_pct_unemployed + acs_pct_no_vehicle + acs_pct_nonwhite + acs_median_household_income_10k + acs_pct_bachelor_plus
UCMC,PM2.5,Q4,9.654820511370527,Extubation,1,28,0.4852618481494311,PM2.5 single-pollutant,age_10 + sex + race_ethnicity + charlson_score + index_year_f + acs_pct_poverty + acs_pct_unemployed + acs_pct_no_vehicle + acs_pct_nonwhite + acs_median_household_income_10k + acs_pct_bachelor_plus
UCMC,PM2.5,Q1,7.5266162057717665,Death,2,0,0,PM2.5 single-pollutant,age_10 + sex + race_ethnicity + charlson_score + index_year_f + acs_pct_poverty + acs_pct_unemployed + acs_pct_no_vehicle + acs_pct_nonwhite + acs_median_household_income_10k + acs_pct_bachelor_plus
UCMC,PM2.5,Q1,7.5266162057717665,Death,2,0.25,0.0010159299746222983,PM2.5 single-pollutant,age_10 + sex + race_ethnicity + charlson_score + index_year_f + acs_pct_poverty + acs_pct_unemployed + acs_pct_no_vehicle + acs_pct_nonwhite + acs_median_household_income_10k + acs_pct_bachelor_plus
UCMC,PM2.5,Q1,7.5266162057717665,Death,2,0.5,0.0033026406841223377,PM2.5 single-pollutant,age_10 + sex + race_ethnicity + charlson_score + index_year_f + acs_pct_poverty + acs_pct_unemployed + acs_pct_no_vehicle + acs_pct_nonwhite + acs_median_household_income_10k + acs_pct_bachelor_plus
UCMC,PM2.5,Q1,7.5266162057717665,Death,2,0.75,0.00593084347205497,PM2.5 single-pollutant,age_10 + sex + race_ethnicity + charlson_score + index_year_f + acs_pct_poverty + acs_pct_unemployed + acs_pct_no_vehicle + acs_pct_nonwhite + acs_median_household_income_10k + acs_pct_bachelor_plus
UCMC,PM2.5,Q1,7.5266162057717665,Death,2,1,0.009496463260246446,PM2.5 single-pollutant,age_10 + sex + race_ethnicity + charlson_score + index_year_f + acs_pct_poverty + acs_pct_unemployed + acs_pct_no_vehicle + acs_pct_nonwhite + acs_median_household_income_10k + acs_pct_bachelor_plus
UCMC,PM2.5,Q1,7.5266162057717665,Death,2,1.25,0.01672859319783393,PM2.5 single-pollutant,age_10 + sex + race_ethnicity + charlson_score + index_year_f + acs_pct_poverty + acs_pct_unemployed + acs_pct_no_vehicle + acs_pct_nonwhite + acs_median_household_income_10k + acs_pct_bachelor_plus
UCMC,PM2.5,Q1,7.5266162057717665,Death,2,1.5,0.023297055063233763,PM2.5 single-pollutant,age_10 + sex + race_ethnicity + charlson_score + index_year_f + acs_pct_poverty + acs_pct_unemployed + acs_pct_no_vehicle + acs_pct_nonwhite + acs_median_household_income_10k + acs_pct_bachelor_plus
UCMC,PM2.5,Q1,7.5266162057717665,Death,2,1.75,0.0287700056567185,PM2.5 single-pollutant,age_10 + sex + race_ethnicity + charlson_score + index_year_f + acs_pct_poverty + acs_pct_unemployed + acs_pct_no_vehicle + acs_pct_nonwhite + acs_median_household_income_10k + acs_pct_bachelor_plus
UCMC,PM2.5,Q1,7.5266162057717665,Death,2,2,0.03425360149213952,PM2.5 single-pollutant,age_10 + sex + race_ethnicity + charlson_score + index_year_f + acs_pct_poverty + acs_pct_unemployed + acs_pct_no_vehicle + acs_pct_nonwhite + acs_median_household_income_10k + acs_pct_bachelor_plus
UCMC,PM2.5,Q1,7.5266162057717665,Death,2,2.25,0.04112405235820871,PM2.5 single-pollutant,age_10 + sex + race_ethnicity + charlson_score + index_year_f + acs_pct_poverty + acs_pct_unemployed + acs_pct_no_vehicle + acs_pct_nonwhite + acs_median_household_income_10k + acs_pct_bachelor_plus
UCMC,PM2.5,Q1,7.5266162057717665,Death,2,2.5,0.047320545745791365,PM2.5 single-pollutant,age_10 + sex + race_ethnicity + charlson_score + index_year_f + acs_pct_poverty + acs_pct_unemployed + acs_pct_no_vehicle + acs_pct_nonwhite + acs_median_household_income_10k + acs_pct_bachelor_plus
UCMC,PM2.5,Q1,7.5266162057717665,Death,2,2.75,0.05241015894129908,PM2.5 single-pollutant,age_10 + sex + race_ethnicity + charlson_score + index_year_f + acs_pct_poverty + acs_pct_unemployed + acs_pct_no_vehicle + acs_pct_nonwhite + acs_median_household_income_10k + acs_pct_bachelor_plus
UCMC,PM2.5,Q1,7.5266162057717665,Death,2,3,0.057165862520711874,PM2.5 single-pollutant,age_10 + sex + race_ethnicity + charlson_score + index_year_f + acs_pct_poverty + acs_pct_unemployed + acs_pct_no_vehicle + acs_pct_nonwhite + acs_median_household_income_10k + acs_pct_bachelor_plus
UCMC,PM2.5,Q1,7.5266162057717665,Death,2,3.25,0.06254205902685772,PM2.5 single-pollutant,age_10 + sex + race_ethnicity + charlson_score + index_year_f + acs_pct_poverty + acs_pct_unemployed + acs_pct_no_vehicle + acs_pct_nonwhite + acs_median_household_income_10k + acs_pct_bachelor_plus
UCMC,PM2.5,Q1,7.5266162057717665,Death,2,3.5,0.06636572025955279,PM2.5 single-pollutant,age_10 + sex + race_ethnicity + charlson_score + index_year_f + acs_pct_poverty + acs_pct_unemployed + acs_pct_no_vehicle + acs_pct_nonwhite + acs_median_household_income_10k + acs_pct_bachelor_plus
UCMC,PM2.5,Q1,7.5266162057717665,Death,2,3.75,0.0698474592047742,PM2.5 single-pollutant,age_10 + sex + race_ethnicity + charlson_score + index_year_f + acs_pct_poverty + acs_pct_unemployed + acs_pct_no_vehicle + acs_pct_nonwhite + acs_median_household_income_10k + acs_pct_bachelor_plus
UCMC,PM2.5,Q1,7.5266162057717665,Death,2,4,0.07446794465780993,PM2.5 single-pollutant,age_10 + sex + race_ethnicity + charlson_score + index_year_f + acs_pct_poverty + acs_pct_unemployed + acs_pct_no_vehicle + acs_pct_nonwhite + acs_median_household_income_10k + acs_pct_bachelor_plus
UCMC,PM2.5,Q1,7.5266162057717665,Death,2,4.25,0.07752241727717413,PM2.5 single-pollutant,age_10 + sex + race_ethnicity + charlson_score + index_year_f + acs_pct_poverty + acs_pct_unemployed + acs_pct_no_vehicle + acs_pct_nonwhite + acs_median_household_income_10k + acs_pct_bachelor_plus
UCMC,PM2.5,Q1,7.5266162057717665,Death,2,4.5,0.08127926416560083,PM2.5 single-pollutant,age_10 + sex + race_ethnicity + charlson_score + index_year_f + acs_pct_poverty + acs_pct_unemployed + acs_pct_no_vehicle + acs_pct_nonwhite + acs_median_household_income_10k + acs_pct_bachelor_plus
UCMC,PM2.5,Q1,7.5266162057717665,Death,2,4.75,0.08469226607321378,PM2.5 single-pollutant,age_10 + sex + race_ethnicity + charlson_score + index_year_f + acs_pct_poverty + acs_pct_unemployed + acs_pct_no_vehicle + acs_pct_nonwhite + acs_median_household_income_10k + acs_pct_bachelor_plus
UCMC,PM2.5,Q1,7.5266162057717665,Death,2,5,0.08749691180608687,PM2.5 single-pollutant,age_10 + sex + race_ethnicity + charlson_score + index_year_f + acs_pct_poverty + acs_pct_unemployed + acs_pct_no_vehicle + acs_pct_nonwhite + acs_median_household_income_10k + acs_pct_bachelor_plus
UCMC,PM2.5,Q1,7.5266162057717665,Death,2,5.25,0.09056821827260397,PM2.5 single-pollutant,age_10 + sex + race_ethnicity + charlson_score + index_year_f + acs_pct_poverty + acs_pct_unemployed + acs_pct_no_vehicle + acs_pct_nonwhite + acs_median_household_income_10k + acs_pct_bachelor_plus
UCMC,PM2.5,Q1,7.5266162057717665,Death,2,5.5,0.09320430286299097,PM2.5 single-pollutant,age_10 + sex + race_ethnicity + charlson_score + index_year_f + acs_pct_poverty + acs_pct_unemployed + acs_pct_no_vehicle + acs_pct_nonwhite + acs_median_household_income_10k + acs_pct_bachelor_plus
UCMC,PM2.5,Q1,7.5266162057717665,Death,2,5.75,0.09637262684258907,PM2.5 single-pollutant,age_10 + sex + race_ethnicity + charlson_score + index_year_f + acs_pct_poverty + acs_pct_unemployed + acs_pct_no_vehicle + acs_pct_nonwhite + acs_median_household_income_10k + acs_pct_bachelor_plus
UCMC,PM2.5,Q1,7.5266162057717665,Death,2,6,0.09901604866646407,PM2.5 single-pollutant,age_10 + sex + race_ethnicity + charlson_score + index_year_f + acs_pct_poverty + acs_pct_unemployed + acs_pct_no_vehicle + acs_pct_nonwhite + acs_median_household_income_10k + acs_pct_bachelor_plus
UCMC,PM2.5,Q1,7.5266162057717665,Death,2,6.25,0.10148608587354657,PM2.5 single-pollutant,age_10 + sex + race_ethnicity + charlson_score + index_year_f + acs_pct_poverty + acs_pct_unemployed + acs_pct_no_vehicle + acs_pct_nonwhite + acs_median_household_income_10k + acs_pct_bachelor_plus
UCMC,PM2.5,Q1,7.5266162057717665,Death,2,6.5,0.10342863077863773,PM2.5 single-pollutant,age_10 + sex + race_ethnicity + charlson_score + index_year_f + acs_pct_poverty + acs_pct_unemployed + acs_pct_no_vehicle + acs_pct_nonwhite + acs_median_household_income_10k + acs_pct_bachelor_plus
UCMC,PM2.5,Q1,7.5266162057717665,Death,2,6.75,0.105637707218456,PM2.5 single-pollutant,age_10 + sex + race_ethnicity + charlson_score + index_year_f + acs_pct_poverty + acs_pct_unemployed + acs_pct_no_vehicle + acs_pct_nonwhite + acs_median_household_income_10k + acs_pct_bachelor_plus
UCMC,PM2.5,Q1,7.5266162057717665,Death,2,7,0.10767078082821402,PM2.5 single-pollutant,age_10 + sex + race_ethnicity + charlson_score + index_year_f + acs_pct_poverty + acs_pct_unemployed + acs_pct_no_vehicle + acs_pct_nonwhite + acs_median_household_income_10k + acs_pct_bachelor_plus
UCMC,PM2.5,Q1,7.5266162057717665,Death,2,7.25,0.10952850038717088,PM2.5 single-pollutant,age_10 + sex + race_ethnicity + charlson_score + index_year_f + acs_pct_poverty + acs_pct_unemployed + acs_pct_no_vehicle + acs_pct_nonwhite + acs_median_household_income_10k + acs_pct_bachelor_plus
UCMC,PM2.5,Q1,7.5266162057717665,Death,2,7.5,0.11262686674347411,PM2.5 single-pollutant,age_10 + sex + race_ethnicity + charlson_score + index_year_f + acs_pct_poverty + acs_pct_unemployed + acs_pct_no_vehicle + acs_pct_nonwhite + acs_median_household_income_10k + acs_pct_bachelor_plus
UCMC,PM2.5,Q1,7.5266162057717665,Death,2,7.75,0.11395605828053446,PM2.5 single-pollutant,age_10 + sex + race_ethnicity + charlson_score + index_year_f + acs_pct_poverty + acs_pct_unemployed + acs_pct_no_vehicle + acs_pct_nonwhite + acs_median_household_income_10k + acs_pct_bachelor_plus
UCMC,PM2.5,Q1,7.5266162057717665,Death,2,8,0.11572915343847101,PM2.5 single-pollutant,age_10 + sex + race_ethnicity + charlson_score + index_year_f + acs_pct_poverty + acs_pct_unemployed + acs_pct_no_vehicle + acs_pct_nonwhite + acs_median_household_income_10k + acs_pct_bachelor_plus
UCMC,PM2.5,Q1,7.5266162057717665,Death,2,8.25,0.1175916144405389,PM2.5 single-pollutant,age_10 + sex + race_ethnicity + charlson_score + index_year_f + acs_pct_poverty + acs_pct_unemployed + acs_pct_no_vehicle + acs_pct_nonwhite + acs_median_household_income_10k + acs_pct_bachelor_plus
UCMC,PM2.5,Q1,7.5266162057717665,Death,2,8.5,0.11892297988286982,PM2.5 single-pollutant,age_10 + sex + race_ethnicity + charlson_score + index_year_f + acs_pct_poverty + acs_pct_unemployed + acs_pct_no_vehicle + acs_pct_nonwhite + acs_median_household_income_10k + acs_pct_bachelor_plus
UCMC,PM2.5,Q1,7.5266162057717665,Death,2,8.75,0.1201662570322729,PM2.5 single-pollutant,age_10 + sex + race_ethnicity + charlson_score + index_year_f + acs_pct_poverty + acs_pct_unemployed + acs_pct_no_vehicle + acs_pct_nonwhite + acs_median_household_income_10k + acs_pct_bachelor_plus
UCMC,PM2.5,Q1,7.5266162057717665,Death,2,9,0.12194294792467153,PM2.5 single-pollutant,age_10 + sex + race_ethnicity + charlson_score + index_year_f + acs_pct_poverty + acs_pct_unemployed + acs_pct_no_vehicle + acs_pct_nonwhite + acs_median_household_income_10k + acs_pct_bachelor_plus
UCMC,PM2.5,Q1,7.5266162057717665,Death,2,9.25,0.12327633659546855,PM2.5 single-pollutant,age_10 + sex + race_ethnicity + charlson_score + index_year_f + acs_pct_poverty + acs_pct_unemployed + acs_pct_no_vehicle + acs_pct_nonwhite + acs_median_household_income_10k + acs_pct_bachelor_plus
UCMC,PM2.5,Q1,7.5266162057717665,Death,2,9.5,0.12452146383231533,PM2.5 single-pollutant,age_10 + sex + race_ethnicity + charlson_score + index_year_f + acs_pct_poverty + acs_pct_unemployed + acs_pct_no_vehicle + acs_pct_nonwhite + acs_median_household_income_10k + acs_pct_bachelor_plus
UCMC,PM2.5,Q1,7.5266162057717665,Death,2,9.75,0.12532226009907943,PM2.5 single-pollutant,age_10 + sex + race_ethnicity + charlson_score + index_year_f + acs_pct_poverty + acs_pct_unemployed + acs_pct_no_vehicle + acs_pct_nonwhite + acs_median_household_income_10k + acs_pct_bachelor_plus
UCMC,PM2.5,Q1,7.5266162057717665,Death,2,10,0.1265686609429052,PM2.5 single-pollutant,age_10 + sex + race_ethnicity + charlson_score + index_year_f + acs_pct_poverty + acs_pct_unemployed + acs_pct_no_vehicle + acs_pct_nonwhite + acs_median_household_income_10k + acs_pct_bachelor_plus
UCMC,PM2.5,Q1,7.5266162057717665,Death,2,10.25,0.12790492353920857,PM2.5 single-pollutant,age_10 + sex + race_ethnicity + charlson_score + index_year_f + acs_pct_poverty + acs_pct_unemployed + acs_pct_no_vehicle + acs_pct_nonwhite + acs_median_household_income_10k + acs_pct_bachelor_plus
UCMC,PM2.5,Q1,7.5266162057717665,Death,2,10.5,0.12906367846374944,PM2.5 single-pollutant,age_10 + sex + race_ethnicity + charlson_score + index_year_f + acs_pct_poverty + acs_pct_unemployed + acs_pct_no_vehicle + acs_pct_nonwhite + acs_median_household_income_10k + acs_pct_bachelor_plus
UCMC,PM2.5,Q1,7.5266162057717665,Death,2,10.75,0.12986606237002518,PM2.5 single-pollutant,age_10 + sex + race_ethnicity + charlson_score + index_year_f + acs_pct_poverty + acs_pct_unemployed + acs_pct_no_vehicle + acs_pct_nonwhite + acs_median_household_income_10k + acs_pct_bachelor_plus
UCMC,PM2.5,Q1,7.5266162057717665,Death,2,11,0.13093627830329202,PM2.5 single-pollutant,age_10 + sex + race_ethnicity + charlson_score + index_year_f + acs_pct_poverty + acs_pct_unemployed + acs_pct_no_vehicle + acs_pct_nonwhite + acs_median_household_income_10k + acs_pct_bachelor_plus
UCMC,PM2.5,Q1,7.5266162057717665,Death,2,11.25,0.1319179315921617,PM2.5 single-pollutant,age_10 + sex + race_ethnicity + charlson_score + index_year_f + acs_pct_poverty + acs_pct_unemployed + acs_pct_no_vehicle + acs_pct_nonwhite + acs_median_household_income_10k + acs_pct_bachelor_plus
UCMC,PM2.5,Q1,7.5266162057717665,Death,2,11.5,0.1326320918733621,PM2.5 single-pollutant,age_10 + sex + race_ethnicity + charlson_score + index_year_f + acs_pct_poverty + acs_pct_unemployed + acs_pct_no_vehicle + acs_pct_nonwhite + acs_median_household_income_10k + acs_pct_bachelor_plus
UCMC,PM2.5,Q1,7.5266162057717665,Death,2,11.75,0.13370380981652485,PM2.5 single-pollutant,age_10 + sex + race_ethnicity + charlson_score + index_year_f + acs_pct_poverty + acs_pct_unemployed + acs_pct_no_vehicle + acs_pct_nonwhite + acs_median_household_income_10k + acs_pct_bachelor_plus
UCMC,PM2.5,Q1,7.5266162057717665,Death,2,12,0.13441861340182948,PM2.5 single-pollutant,age_10 + sex + race_ethnicity + charlson_score + index_year_f + acs_pct_poverty + acs_pct_unemployed + acs_pct_no_vehicle + acs_pct_nonwhite + acs_median_household_income_10k + acs_pct_bachelor_plus
UCMC,PM2.5,Q1,7.5266162057717665,Death,2,12.25,0.13558118489343518,PM2.5 single-pollutant,age_10 + sex + race_ethnicity + charlson_score + index_year_f + acs_pct_poverty + acs_pct_unemployed + acs_pct_no_vehicle + acs_pct_nonwhite + acs_median_household_income_10k + acs_pct_bachelor_plus
UCMC,PM2.5,Q1,7.5266162057717665,Death,2,12.5,0.13611794895881257,PM2.5 single-pollutant,age_10 + sex + race_ethnicity + charlson_score + index_year_f + acs_pct_poverty + acs_pct_unemployed + acs_pct_no_vehicle + acs_pct_nonwhite + acs_median_household_income_10k + acs_pct_bachelor_plus
UCMC,PM2.5,Q1,7.5266162057717665,Death,2,12.75,0.1366548349376604,PM2.5 single-pollutant,age_10 + sex + race_ethnicity + charlson_score + index_year_f + acs_pct_poverty + acs_pct_unemployed + acs_pct_no_vehicle + acs_pct_nonwhite + acs_median_household_income_10k + acs_pct_bachelor_plus
UCMC,PM2.5,Q1,7.5266162057717665,Death,2,13,0.13772888126725358,PM2.5 single-pollutant,age_10 + sex + race_ethnicity + charlson_score + index_year_f + acs_pct_poverty + acs_pct_unemployed + acs_pct_no_vehicle + acs_pct_nonwhite + acs_median_household_income_10k + acs_pct_bachelor_plus
UCMC,PM2.5,Q1,7.5266162057717665,Death,2,13.25,0.13853464623394873,PM2.5 single-pollutant,age_10 + sex + race_ethnicity + charlson_score + index_year_f + acs_pct_poverty + acs_pct_unemployed + acs_pct_no_vehicle + acs_pct_nonwhite + acs_median_household_income_10k + acs_pct_bachelor_plus
UCMC,PM2.5,Q1,7.5266162057717665,Death,2,13.5,0.13889280007561444,PM2.5 single-pollutant,age_10 + sex + race_ethnicity + charlson_score + index_year_f + acs_pct_poverty + acs_pct_unemployed + acs_pct_no_vehicle + acs_pct_nonwhite + acs_median_household_income_10k + acs_pct_bachelor_plus
UCMC,PM2.5,Q1,7.5266162057717665,Death,2,13.75,0.13925102609184214,PM2.5 single-pollutant,age_10 + sex + race_ethnicity + charlson_score + index_year_f + acs_pct_poverty + acs_pct_unemployed + acs_pct_no_vehicle + acs_pct_nonwhite + acs_median_household_income_10k + acs_pct_bachelor_plus
UCMC,PM2.5,Q1,7.5266162057717665,Death,2,14,0.13960925808803903,PM2.5 single-pollutant,age_10 + sex + race_ethnicity + charlson_score + index_year_f + acs_pct_poverty + acs_pct_unemployed + acs_pct_no_vehicle + acs_pct_nonwhite + acs_median_household_income_10k + acs_pct_bachelor_plus
UCMC,PM2.5,Q1,7.5266162057717665,Death,2,14.25,0.14023624434443138,PM2.5 single-pollutant,age_10 + sex + race_ethnicity + charlson_score + index_year_f + acs_pct_poverty + acs_pct_unemployed + acs_pct_no_vehicle + acs_pct_nonwhite + acs_median_household_income_10k + acs_pct_bachelor_plus
UCMC,PM2.5,Q1,7.5266162057717665,Death,2,14.5,0.1411321826562516,PM2.5 single-pollutant,age_10 + sex + race_ethnicity + charlson_score + index_year_f + acs_pct_poverty + acs_pct_unemployed + acs_pct_no_vehicle + acs_pct_nonwhite + acs_median_household_income_10k + acs_pct_bachelor_plus
UCMC,PM2.5,Q1,7.5266162057717665,Death,2,14.75,0.1417594547198351,PM2.5 single-pollutant,age_10 + sex + race_ethnicity + charlson_score + index_year_f + acs_pct_poverty + acs_pct_unemployed + acs_pct_no_vehicle + acs_pct_nonwhite + acs_median_household_income_10k + acs_pct_bachelor_plus
UCMC,PM2.5,Q1,7.5266162057717665,Death,2,15,0.14211795224842727,PM2.5 single-pollutant,age_10 + sex + race_ethnicity + charlson_score + index_year_f + acs_pct_poverty + acs_pct_unemployed + acs_pct_no_vehicle + acs_pct_nonwhite + acs_median_household_income_10k + acs_pct_bachelor_plus
UCMC,PM2.5,Q1,7.5266162057717665,Death,2,15.25,0.1424765052224839,PM2.5 single-pollutant,age_10 + sex + race_ethnicity + charlson_score + index_year_f + acs_pct_poverty + acs_pct_unemployed + acs_pct_no_vehicle + acs_pct_nonwhite + acs_median_household_income_10k + acs_pct_bachelor_plus
UCMC,PM2.5,Q1,7.5266162057717665,Death,2,15.5,0.14283510888061524,PM2.5 single-pollutant,age_10 + sex + race_ethnicity + charlson_score + index_year_f + acs_pct_poverty + acs_pct_unemployed + acs_pct_no_vehicle + acs_pct_nonwhite + acs_median_household_income_10k + acs_pct_bachelor_plus
UCMC,PM2.5,Q1,7.5266162057717665,Death,2,15.75,0.14355250523513008,PM2.5 single-pollutant,age_10 + sex + race_ethnicity + charlson_score + index_year_f + acs_pct_poverty + acs_pct_unemployed + acs_pct_no_vehicle + acs_pct_nonwhite + acs_median_household_income_10k + acs_pct_bachelor_plus
UCMC,PM2.5,Q1,7.5266162057717665,Death,2,16,0.14400099341484485,PM2.5 single-pollutant,age_10 + sex + race_ethnicity + charlson_score + index_year_f + acs_pct_poverty + acs_pct_unemployed + acs_pct_no_vehicle + acs_pct_nonwhite + acs_median_household_income_10k + acs_pct_bachelor_plus
UCMC,PM2.5,Q1,7.5266162057717665,Death,2,16.25,0.14453928959328943,PM2.5 single-pollutant,age_10 + sex + race_ethnicity + charlson_score + index_year_f + acs_pct_poverty + acs_pct_unemployed + acs_pct_no_vehicle + acs_pct_nonwhite + acs_median_household_income_10k + acs_pct_bachelor_plus
UCMC,PM2.5,Q1,7.5266162057717665,Death,2,16.5,0.14489821700861905,PM2.5 single-pollutant,age_10 + sex + race_ethnicity + charlson_score + index_year_f + acs_pct_poverty + acs_pct_unemployed + acs_pct_no_vehicle + acs_pct_nonwhite + acs_median_household_income_10k + acs_pct_bachelor_plus
UCMC,PM2.5,Q1,7.5266162057717665,Death,2,16.75,0.1453469820503186,PM2.5 single-pollutant,age_10 + sex + race_ethnicity + charlson_score + index_year_f + acs_pct_poverty + acs_pct_unemployed + acs_pct_no_vehicle + acs_pct_nonwhite + acs_median_household_income_10k + acs_pct_bachelor_plus
UCMC,PM2.5,Q1,7.5266162057717665,Death,2,17,0.14561625638158182,PM2.5 single-pollutant,age_10 + sex + race_ethnicity + charlson_score + index_year_f + acs_pct_poverty + acs_pct_unemployed + acs_pct_no_vehicle + acs_pct_nonwhite + acs_median_household_income_10k + acs_pct_bachelor_plus
UCMC,PM2.5,Q1,7.5266162057717665,Death,2,17.25,0.14615483906230664,PM2.5 single-pollutant,age_10 + sex + race_ethnicity + charlson_score + index_year_f + acs_pct_poverty + acs_pct_unemployed + acs_pct_no_vehicle + acs_pct_nonwhite + acs_median_household_income_10k + acs_pct_bachelor_plus
UCMC,PM2.5,Q1,7.5266162057717665,Death,2,17.5,0.14660379023458892,PM2.5 single-pollutant,age_10 + sex + race_ethnicity + charlson_score + index_year_f + acs_pct_poverty + acs_pct_unemployed + acs_pct_no_vehicle + acs_pct_nonwhite + acs_median_household_income_10k + acs_pct_bachelor_plus
UCMC,PM2.5,Q1,7.5266162057717665,Death,2,17.75,0.14696300875604562,PM2.5 single-pollutant,age_10 + sex + race_ethnicity + charlson_score + index_year_f + acs_pct_poverty + acs_pct_unemployed + acs_pct_no_vehicle + acs_pct_nonwhite + acs_median_household_income_10k + acs_pct_bachelor_plus
UCMC,PM2.5,Q1,7.5266162057717665,Death,2,18,0.14714262937563272,PM2.5 single-pollutant,age_10 + sex + race_ethnicity + charlson_score + index_year_f + acs_pct_poverty + acs_pct_unemployed + acs_pct_no_vehicle + acs_pct_nonwhite + acs_median_household_income_10k + acs_pct_bachelor_plus
UCMC,PM2.5,Q1,7.5266162057717665,Death,2,18.25,0.1475916845416786,PM2.5 single-pollutant,age_10 + sex + race_ethnicity + charlson_score + index_year_f + acs_pct_poverty + acs_pct_unemployed + acs_pct_no_vehicle + acs_pct_nonwhite + acs_median_household_income_10k + acs_pct_bachelor_plus
UCMC,PM2.5,Q1,7.5266162057717665,Death,2,18.5,0.14786111974298155,PM2.5 single-pollutant,age_10 + sex + race_ethnicity + charlson_score + index_year_f + acs_pct_poverty + acs_pct_unemployed + acs_pct_no_vehicle + acs_pct_nonwhite + acs_median_household_income_10k + acs_pct_bachelor_plus
UCMC,PM2.5,Q1,7.5266162057717665,Death,2,18.75,0.1481305872143721,PM2.5 single-pollutant,age_10 + sex + race_ethnicity + charlson_score + index_year_f + acs_pct_poverty + acs_pct_unemployed + acs_pct_no_vehicle + acs_pct_nonwhite + acs_median_household_income_10k + acs_pct_bachelor_plus
UCMC,PM2.5,Q1,7.5266162057717665,Death,2,19,0.14848989422921643,PM2.5 single-pollutant,age_10 + sex + race_ethnicity + charlson_score + index_year_f + acs_pct_poverty + acs_pct_unemployed + acs_pct_no_vehicle + acs_pct_nonwhite + acs_median_household_income_10k + acs_pct_bachelor_plus
UCMC,PM2.5,Q1,7.5266162057717665,Death,2,19.25,0.14902888914740997,PM2.5 single-pollutant,age_10 + sex + race_ethnicity + charlson_score + index_year_f + acs_pct_poverty + acs_pct_unemployed + acs_pct_no_vehicle + acs_pct_nonwhite + acs_median_household_income_10k + acs_pct_bachelor_plus
UCMC,PM2.5,Q1,7.5266162057717665,Death,2,19.5,0.14929840803885297,PM2.5 single-pollutant,age_10 + sex + race_ethnicity + charlson_score + index_year_f + acs_pct_poverty + acs_pct_unemployed + acs_pct_no_vehicle + acs_pct_nonwhite + acs_median_household_income_10k + acs_pct_bachelor_plus
UCMC,PM2.5,Q1,7.5266162057717665,Death,2,19.75,0.14965776868987046,PM2.5 single-pollutant,age_10 + sex + race_ethnicity + charlson_score + index_year_f + acs_pct_poverty + acs_pct_unemployed + acs_pct_no_vehicle + acs_pct_nonwhite + acs_median_household_income_10k + acs_pct_bachelor_plus
UCMC,PM2.5,Q1,7.5266162057717665,Death,2,20,0.14983747040578355,PM2.5 single-pollutant,age_10 + sex + race_ethnicity + charlson_score + index_year_f + acs_pct_poverty + acs_pct_unemployed + acs_pct_no_vehicle + acs_pct_nonwhite + acs_median_household_income_10k + acs_pct_bachelor_plus
UCMC,PM2.5,Q1,7.5266162057717665,Death,2,20.25,0.1500171888709354,PM2.5 single-pollutant,age_10 + sex + race_ethnicity + charlson_score + index_year_f + acs_pct_poverty + acs_pct_unemployed + acs_pct_no_vehicle + acs_pct_nonwhite + acs_median_household_income_10k + acs_pct_bachelor_plus
UCMC,PM2.5,Q1,7.5266162057717665,Death,2,20.5,0.15019691691292303,PM2.5 single-pollutant,age_10 + sex + race_ethnicity + charlson_score + index_year_f + acs_pct_poverty + acs_pct_unemployed + acs_pct_no_vehicle + acs_pct_nonwhite + acs_median_household_income_10k + acs_pct_bachelor_plus
UCMC,PM2.5,Q1,7.5266162057717665,Death,2,20.75,0.15055643714196743,PM2.5 single-pollutant,age_10 + sex + race_ethnicity + charlson_score + index_year_f + acs_pct_poverty + acs_pct_unemployed + acs_pct_no_vehicle + acs_pct_nonwhite + acs_median_household_income_10k + acs_pct_bachelor_plus
UCMC,PM2.5,Q1,7.5266162057717665,Death,2,21,0.1509160666480064,PM2.5 single-pollutant,age_10 + sex + race_ethnicity + charlson_score + index_year_f + acs_pct_poverty + acs_pct_unemployed + acs_pct_no_vehicle + acs_pct_nonwhite + acs_median_household_income_10k + acs_pct_bachelor_plus
UCMC,PM2.5,Q1,7.5266162057717665,Death,2,21.25,0.1509160666480064,PM2.5 single-pollutant,age_10 + sex + race_ethnicity + charlson_score + index_year_f + acs_pct_poverty + acs_pct_unemployed + acs_pct_no_vehicle + acs_pct_nonwhite + acs_median_household_income_10k + acs_pct_bachelor_plus
UCMC,PM2.5,Q1,7.5266162057717665,Death,2,21.5,0.1513656894613381,PM2.5 single-pollutant,age_10 + sex + race_ethnicity + charlson_score + index_year_f + acs_pct_poverty + acs_pct_unemployed + acs_pct_no_vehicle + acs_pct_nonwhite + acs_median_household_income_10k + acs_pct_bachelor_plus
UCMC,PM2.5,Q1,7.5266162057717665,Death,2,21.75,0.15145561421895626,PM2.5 single-pollutant,age_10 + sex + race_ethnicity + charlson_score + index_year_f + acs_pct_poverty + acs_pct_unemployed + acs_pct_no_vehicle + acs_pct_nonwhite + acs_median_household_income_10k + acs_pct_bachelor_plus
UCMC,PM2.5,Q1,7.5266162057717665,Death,2,22,0.15154553800527182,PM2.5 single-pollutant,age_10 + sex + race_ethnicity + charlson_score + index_year_f + acs_pct_poverty + acs_pct_unemployed + acs_pct_no_vehicle + acs_pct_nonwhite + acs_median_household_income_10k + acs_pct_bachelor_plus
UCMC,PM2.5,Q1,7.5266162057717665,Death,2,22.25,0.15154553800527182,PM2.5 single-pollutant,age_10 + sex + race_ethnicity + charlson_score + index_year_f + acs_pct_poverty + acs_pct_unemployed + acs_pct_no_vehicle + acs_pct_nonwhite + acs_median_household_income_10k + acs_pct_bachelor_plus
UCMC,PM2.5,Q1,7.5266162057717665,Death,2,22.5,0.1516354585281715,PM2.5 single-pollutant,age_10 + sex + race_ethnicity + charlson_score + index_year_f + acs_pct_poverty + acs_pct_unemployed + acs_pct_no_vehicle + acs_pct_nonwhite + acs_median_household_income_10k + acs_pct_bachelor_plus
UCMC,PM2.5,Q1,7.5266162057717665,Death,2,22.75,0.15181532321090674,PM2.5 single-pollutant,age_10 + sex + race_ethnicity + charlson_score + index_year_f + acs_pct_poverty + acs_pct_unemployed + acs_pct_no_vehicle + acs_pct_nonwhite + acs_median_household_income_10k + acs_pct_bachelor_plus
UCMC,PM2.5,Q1,7.5266162057717665,Death,2,23,0.15199521157656803,PM2.5 single-pollutant,age_10 + sex + race_ethnicity + charlson_score + index_year_f + acs_pct_poverty + acs_pct_unemployed + acs_pct_no_vehicle + acs_pct_nonwhite + acs_median_household_income_10k + acs_pct_bachelor_plus
UCMC,PM2.5,Q1,7.5266162057717665,Death,2,23.25,0.15199521157656803,PM2.5 single-pollutant,age_10 + sex + race_ethnicity + charlson_score + index_year_f + acs_pct_poverty + acs_pct_unemployed + acs_pct_no_vehicle + acs_pct_nonwhite + acs_median_household_income_10k + acs_pct_bachelor_plus
UCMC,PM2.5,Q1,7.5266162057717665,Death,2,23.5,0.15217512098828712,PM2.5 single-pollutant,age_10 + sex + race_ethnicity + charlson_score + index_year_f + acs_pct_poverty + acs_pct_unemployed + acs_pct_no_vehicle + acs_pct_nonwhite + acs_median_household_income_10k + acs_pct_bachelor_plus
UCMC,PM2.5,Q1,7.5266162057717665,Death,2,23.75,0.15244501785441,PM2.5 single-pollutant,age_10 + sex + race_ethnicity + charlson_score + index_year_f + acs_pct_poverty + acs_pct_unemployed + acs_pct_no_vehicle + acs_pct_nonwhite + acs_median_household_income_10k + acs_pct_bachelor_plus
UCMC,PM2.5,Q1,7.5266162057717665,Death,2,24,0.152624970436253,PM2.5 single-pollutant,age_10 + sex + race_ethnicity + charlson_score + index_year_f + acs_pct_poverty + acs_pct_unemployed + acs_pct_no_vehicle + acs_pct_nonwhite + acs_median_household_income_10k + acs_pct_bachelor_plus
UCMC,PM2.5,Q1,7.5266162057717665,Death,2,24.25,0.152624970436253,PM2.5 single-pollutant,age_10 + sex + race_ethnicity + charlson_score + index_year_f + acs_pct_poverty + acs_pct_unemployed + acs_pct_no_vehicle + acs_pct_nonwhite + acs_median_household_income_10k + acs_pct_bachelor_plus
UCMC,PM2.5,Q1,7.5266162057717665,Death,2,24.5,0.15298492429760624,PM2.5 single-pollutant,age_10 + sex + race_ethnicity + charlson_score + index_year_f + acs_pct_poverty + acs_pct_unemployed + acs_pct_no_vehicle + acs_pct_nonwhite + acs_median_household_income_10k + acs_pct_bachelor_plus
UCMC,PM2.5,Q1,7.5266162057717665,Death,2,24.75,0.15307492036353398,PM2.5 single-pollutant,age_10 + sex + race_ethnicity + charlson_score + index_year_f + acs_pct_poverty + acs_pct_unemployed + acs_pct_no_vehicle + acs_pct_nonwhite + acs_median_household_income_10k + acs_pct_bachelor_plus
UCMC,PM2.5,Q1,7.5266162057717665,Death,2,25,0.15334493150769068,PM2.5 single-pollutant,age_10 + sex + race_ethnicity + charlson_score + index_year_f + acs_pct_poverty + acs_pct_unemployed + acs_pct_no_vehicle + acs_pct_nonwhite + acs_median_household_income_10k + acs_pct_bachelor_plus
UCMC,PM2.5,Q1,7.5266162057717665,Death,2,25.25,0.15334493150769068,PM2.5 single-pollutant,age_10 + sex + race_ethnicity + charlson_score + index_year_f + acs_pct_poverty + acs_pct_unemployed + acs_pct_no_vehicle + acs_pct_nonwhite + acs_median_household_income_10k + acs_pct_bachelor_plus
UCMC,PM2.5,Q1,7.5266162057717665,Death,2,25.5,0.15343493689803178,PM2.5 single-pollutant,age_10 + sex + race_ethnicity + charlson_score + index_year_f + acs_pct_poverty + acs_pct_unemployed + acs_pct_no_vehicle + acs_pct_nonwhite + acs_median_household_income_10k + acs_pct_bachelor_plus
UCMC,PM2.5,Q1,7.5266162057717665,Death,2,25.75,0.15352494296047403,PM2.5 single-pollutant,age_10 + sex + race_ethnicity + charlson_score + index_year_f + acs_pct_poverty + acs_pct_unemployed + acs_pct_no_vehicle + acs_pct_nonwhite + acs_median_household_income_10k + acs_pct_bachelor_plus
UCMC,PM2.5,Q1,7.5266162057717665,Death,2,26,0.1537949809055904,PM2.5 single-pollutant,age_10 + sex + race_ethnicity + charlson_score + index_year_f + acs_pct_poverty + acs_pct_unemployed + acs_pct_no_vehicle + acs_pct_nonwhite + acs_median_household_income_10k + acs_pct_bachelor_plus
UCMC,PM2.5,Q1,7.5266162057717665,Death,2,26.25,0.1537949809055904,PM2.5 single-pollutant,age_10 + sex + race_ethnicity + charlson_score + index_year_f + acs_pct_poverty + acs_pct_unemployed + acs_pct_no_vehicle + acs_pct_nonwhite + acs_median_household_income_10k + acs_pct_bachelor_plus
UCMC,PM2.5,Q1,7.5266162057717665,Death,2,26.5,0.1538849970569076,PM2.5 single-pollutant,age_10 + sex + race_ethnicity + charlson_score + index_year_f + acs_pct_poverty + acs_pct_unemployed + acs_pct_no_vehicle + acs_pct_nonwhite + acs_median_household_income_10k + acs_pct_bachelor_plus
UCMC,PM2.5,Q1,7.5266162057717665,Death,2,26.75,0.15406504138955468,PM2.5 single-pollutant,age_10 + sex + race_ethnicity + charlson_score + index_year_f + acs_pct_poverty + acs_pct_unemployed + acs_pct_no_vehicle + acs_pct_nonwhite + acs_median_household_income_10k + acs_pct_bachelor_plus
UCMC,PM2.5,Q1,7.5266162057717665,Death,2,27,0.15406504138955468,PM2.5 single-pollutant,age_10 + sex + race_ethnicity + charlson_score + index_year_f + acs_pct_poverty + acs_pct_unemployed + acs_pct_no_vehicle + acs_pct_nonwhite + acs_median_household_income_10k + acs_pct_bachelor_plus
UCMC,PM2.5,Q1,7.5266162057717665,Death,2,27.25,0.154245103626644,PM2.5 single-pollutant,age_10 + sex + race_ethnicity + charlson_score + index_year_f + acs_pct_poverty + acs_pct_unemployed + acs_pct_no_vehicle + acs_pct_nonwhite + acs_median_household_income_10k + acs_pct_bachelor_plus
UCMC,PM2.5,Q1,7.5266162057717665,Death,2,27.5,0.15433513489453765,PM2.5 single-pollutant,age_10 + sex + race_ethnicity + charlson_score + index_year_f + acs_pct_poverty + acs_pct_unemployed + acs_pct_no_vehicle + acs_pct_nonwhite + acs_median_household_income_10k + acs_pct_bachelor_plus
UCMC,PM2.5,Q1,7.5266162057717665,Death,2,27.75,0.15442517163104108,PM2.5 single-pollutant,age_10 + sex + race_ethnicity + charlson_score + index_year_f + acs_pct_poverty + acs_pct_unemployed + acs_pct_no_vehicle + acs_pct_nonwhite + acs_median_household_income_10k + acs_pct_bachelor_plus
UCMC,PM2.5,Q1,7.5266162057717665,Death,2,28,0.15442517163104108,PM2.5 single-pollutant,age_10 + sex + race_ethnicity + charlson_score + index_year_f + acs_pct_poverty + acs_pct_unemployed + acs_pct_no_vehicle + acs_pct_nonwhite + acs_median_household_income_10k + acs_pct_bachelor_plus
UCMC,PM2.5,Q2,8.223672812547143,Death,2,0,0,PM2.5 single-pollutant,age_10 + sex + race_ethnicity + charlson_score + index_year_f + acs_pct_poverty + acs_pct_unemployed + acs_pct_no_vehicle + acs_pct_nonwhite + acs_median_household_income_10k + acs_pct_bachelor_plus
UCMC,PM2.5,Q2,8.223672812547143,Death,2,0.25,0.0010828537975273722,PM2.5 single-pollutant,age_10 + sex + race_ethnicity + charlson_score + index_year_f + acs_pct_poverty + acs_pct_unemployed + acs_pct_no_vehicle + acs_pct_nonwhite + acs_median_household_income_10k + acs_pct_bachelor_plus
UCMC,PM2.5,Q2,8.223672812547143,Death,2,0.5,0.0035199346611610727,PM2.5 single-pollutant,age_10 + sex + race_ethnicity + charlson_score + index_year_f + acs_pct_poverty + acs_pct_unemployed + acs_pct_no_vehicle + acs_pct_nonwhite + acs_median_household_income_10k + acs_pct_bachelor_plus
UCMC,PM2.5,Q2,8.223672812547143,Death,2,0.75,0.006320508329322183,PM2.5 single-pollutant,age_10 + sex + race_ethnicity + charlson_score + index_year_f + acs_pct_poverty + acs_pct_unemployed + acs_pct_no_vehicle + acs_pct_nonwhite + acs_median_household_income_10k + acs_pct_bachelor_plus
UCMC,PM2.5,Q2,8.223672812547143,Death,2,1,0.010119199233813436,PM2.5 single-pollutant,age_10 + sex + race_ethnicity + charlson_score + index_year_f + acs_pct_poverty + acs_pct_unemployed + acs_pct_no_vehicle + acs_pct_nonwhite + acs_median_household_income_10k + acs_pct_bachelor_plus
UCMC,PM2.5,Q2,8.223672812547143,Death,2,1.25,0.017821295356990507,PM2.5 single-pollutant,age_10 + sex + race_ethnicity + charlson_score + index_year_f + acs_pct_poverty + acs_pct_unemployed + acs_pct_no_vehicle + acs_pct_nonwhite + acs_median_household_income_10k + acs_pct_bachelor_plus
UCMC,PM2.5,Q2,8.223672812547143,Death,2,1.5,0.02481336205464657,PM2.5 single-pollutant,age_10 + sex + race_ethnicity + charlson_score + index_year_f + acs_pct_poverty + acs_pct_unemployed + acs_pct_no_vehicle + acs_pct_nonwhite + acs_median_household_income_10k + acs_pct_bachelor_plus
UCMC,PM2.5,Q2,8.223672812547143,Death,2,1.75,0.030636901493387603,PM2.5 single-pollutant,age_10 + sex + race_ethnicity + charlson_score + index_year_f + acs_pct_poverty + acs_pct_unemployed + acs_pct_no_vehicle + acs_pct_nonwhite + acs_median_household_income_10k + acs_pct_bachelor_plus
UCMC,PM2.5,Q2,8.223672812547143,Death,2,2,0.03646959925033055,PM2.5 single-pollutant,age_10 + sex + race_ethnicity + charlson_score + index_year_f + acs_pct_poverty + acs_pct_unemployed + acs_pct_no_vehicle + acs_pct_nonwhite + acs_median_household_income_10k + acs_pct_bachelor_plus
UCMC,PM2.5,Q2,8.223672812547143,Death,2,2.25,0.043774361748781576,PM2.5 single-pollutant,age_10 + sex + race_ethnicity + charlson_score + index_year_f + acs_pct_poverty + acs_pct_unemployed + acs_pct_no_vehicle + acs_pct_nonwhite + acs_median_household_income_10k + acs_pct_bachelor_plus
UCMC,PM2.5,Q2,8.223672812547143,Death,2,2.5,0.05035960555604935,PM2.5 single-pollutant,age_10 + sex + race_ethnicity + charlson_score + index_year_f + acs_pct_poverty + acs_pct_unemployed + acs_pct_no_vehicle + acs_pct_nonwhite + acs_median_household_income_10k + acs_pct_bachelor_plus
UCMC,PM2.5,Q2,8.223672812547143,Death,2,2.75,0.05576641616100675,PM2.5 single-pollutant,age_10 + sex + race_ethnicity + charlson_score + index_year_f + acs_pct_poverty + acs_pct_unemployed + acs_pct_no_vehicle + acs_pct_nonwhite + acs_median_household_income_10k + acs_pct_bachelor_plus
UCMC,PM2.5,Q2,8.223672812547143,Death,2,3,0.06081677772958338,PM2.5 single-pollutant,age_10 + sex + race_ethnicity + charlson_score + index_year_f + acs_pct_poverty + acs_pct_unemployed + acs_pct_no_vehicle + acs_pct_nonwhite + acs_median_household_income_10k + acs_pct_bachelor_plus
UCMC,PM2.5,Q2,8.223672812547143,Death,2,3.25,0.06652405526913885,PM2.5 single-pollutant,age_10 + sex + race_ethnicity + charlson_score + index_year_f + acs_pct_poverty + acs_pct_unemployed + acs_pct_no_vehicle + acs_pct_nonwhite + acs_median_household_income_10k + acs_pct_bachelor_plus
UCMC,PM2.5,Q2,8.223672812547143,Death,2,3.5,0.07058187628474,PM2.5 single-pollutant,age_10 + sex + race_ethnicity + charlson_score + index_year_f + acs_pct_poverty + acs_pct_unemployed + acs_pct_no_vehicle + acs_pct_nonwhite + acs_median_household_income_10k + acs_pct_bachelor_plus
UCMC,PM2.5,Q2,8.223672812547143,Death,2,3.75,0.0742758832425714,PM2.5 single-pollutant,age_10 + sex + race_ethnicity + charlson_score + index_year_f + acs_pct_poverty + acs_pct_unemployed + acs_pct_no_vehicle + acs_pct_nonwhite + acs_median_household_income_10k + acs_pct_bachelor_plus
UCMC,PM2.5,Q2,8.223672812547143,Death,2,4,0.07917665404569763,PM2.5 single-pollutant,age_10 + sex + race_ethnicity + charlson_score + index_year_f + acs_pct_poverty + acs_pct_unemployed + acs_pct_no_vehicle + acs_pct_nonwhite + acs_median_household_income_10k + acs_pct_bachelor_plus
UCMC,PM2.5,Q2,8.223672812547143,Death,2,4.25,0.08241553065433604,PM2.5 single-pollutant,age_10 + sex + race_ethnicity + charlson_score + index_year_f + acs_pct_poverty + acs_pct_unemployed + acs_pct_no_vehicle + acs_pct_nonwhite + acs_median_household_income_10k + acs_pct_bachelor_plus
UCMC,PM2.5,Q2,8.223672812547143,Death,2,4.5,0.08639821565279204,PM2.5 single-pollutant,age_10 + sex + race_ethnicity + charlson_score + index_year_f + acs_pct_poverty + acs_pct_unemployed + acs_pct_no_vehicle + acs_pct_nonwhite + acs_median_household_income_10k + acs_pct_bachelor_plus
UCMC,PM2.5,Q2,8.223672812547143,Death,2,4.75,0.09001545554905765,PM2.5 single-pollutant,age_10 + sex + race_ethnicity + charlson_score + index_year_f + acs_pct_poverty + acs_pct_unemployed + acs_pct_no_vehicle + acs_pct_nonwhite + acs_median_household_income_10k + acs_pct_bachelor_plus
UCMC,PM2.5,Q2,8.223672812547143,Death,2,5,0.09298726932398371,PM2.5 single-pollutant,age_10 + sex + race_ethnicity + charlson_score + index_year_f + acs_pct_poverty + acs_pct_unemployed + acs_pct_no_vehicle + acs_pct_nonwhite + acs_median_household_income_10k + acs_pct_bachelor_plus
UCMC,PM2.5,Q2,8.223672812547143,Death,2,5.25,0.09624094726890631,PM2.5 single-pollutant,age_10 + sex + race_ethnicity + charlson_score + index_year_f + acs_pct_poverty + acs_pct_unemployed + acs_pct_no_vehicle + acs_pct_nonwhite + acs_median_household_income_10k + acs_pct_bachelor_plus
UCMC,PM2.5,Q2,8.223672812547143,Death,2,5.5,0.09903298283010054,PM2.5 single-pollutant,age_10 + sex + race_ethnicity + charlson_score + index_year_f + acs_pct_poverty + acs_pct_unemployed + acs_pct_no_vehicle + acs_pct_nonwhite + acs_median_household_income_10k + acs_pct_bachelor_plus
UCMC,PM2.5,Q2,8.223672812547143,Death,2,5.75,0.10238803715793576,PM2.5 single-pollutant,age_10 + sex + race_ethnicity + charlson_score + index_year_f + acs_pct_poverty + acs_pct_unemployed + acs_pct_no_vehicle + acs_pct_nonwhite + acs_median_household_income_10k + acs_pct_bachelor_plus
UCMC,PM2.5,Q2,8.223672812547143,Death,2,6,0.10518666023688972,PM2.5 single-pollutant,age_10 + sex + race_ethnicity + charlson_score + index_year_f + acs_pct_poverty + acs_pct_unemployed + acs_pct_no_vehicle + acs_pct_nonwhite + acs_median_household_income_10k + acs_pct_bachelor_plus
UCMC,PM2.5,Q2,8.223672812547143,Death,2,6.25,0.10780122986901386,PM2.5 single-pollutant,age_10 + sex + race_ethnicity + charlson_score + index_year_f + acs_pct_poverty + acs_pct_unemployed + acs_pct_no_vehicle + acs_pct_nonwhite + acs_median_household_income_10k + acs_pct_bachelor_plus
UCMC,PM2.5,Q2,8.223672812547143,Death,2,6.5,0.10985710868195564,PM2.5 single-pollutant,age_10 + sex + race_ethnicity + charlson_score + index_year_f + acs_pct_poverty + acs_pct_unemployed + acs_pct_no_vehicle + acs_pct_nonwhite + acs_median_household_income_10k + acs_pct_bachelor_plus
UCMC,PM2.5,Q2,8.223672812547143,Death,2,6.75,0.11219471249925783,PM2.5 single-pollutant,age_10 + sex + race_ethnicity + charlson_score + index_year_f + acs_pct_poverty + acs_pct_unemployed + acs_pct_no_vehicle + acs_pct_nonwhite + acs_median_household_income_10k + acs_pct_bachelor_plus
UCMC,PM2.5,Q2,8.223672812547143,Death,2,7,0.11434573714033791,PM2.5 single-pollutant,age_10 + sex + race_ethnicity + charlson_score + index_year_f + acs_pct_poverty + acs_pct_unemployed + acs_pct_no_vehicle + acs_pct_nonwhite + acs_median_household_income_10k + acs_pct_bachelor_plus
UCMC,PM2.5,Q2,8.223672812547143,Death,2,7.25,0.11631095198021191,PM2.5 single-pollutant,age_10 + sex + race_ethnicity + charlson_score + index_year_f + acs_pct_poverty + acs_pct_unemployed + acs_pct_no_vehicle + acs_pct_nonwhite + acs_median_household_income_10k + acs_pct_bachelor_plus
UCMC,PM2.5,Q2,8.223672812547143,Death,2,7.5,0.11958800113566925,PM2.5 single-pollutant,age_10 + sex + race_ethnicity + charlson_score + index_year_f + acs_pct_poverty + acs_pct_unemployed + acs_pct_no_vehicle + acs_pct_nonwhite + acs_median_household_income_10k + acs_pct_bachelor_plus
UCMC,PM2.5,Q2,8.223672812547143,Death,2,7.75,0.12099361616046655,PM2.5 single-pollutant,age_10 + sex + race_ethnicity + charlson_score + index_year_f + acs_pct_poverty + acs_pct_unemployed + acs_pct_no_vehicle + acs_pct_nonwhite + acs_median_household_income_10k + acs_pct_bachelor_plus
UCMC,PM2.5,Q2,8.223672812547143,Death,2,8,0.12286844121134588,PM2.5 single-pollutant,age_10 + sex + race_ethnicity + charlson_score + index_year_f + acs_pct_poverty + acs_pct_unemployed + acs_pct_no_vehicle + acs_pct_nonwhite + acs_median_household_income_10k + acs_pct_bachelor_plus
UCMC,PM2.5,Q2,8.223672812547143,Death,2,8.25,0.12483749258478449,PM2.5 single-pollutant,age_10 + sex + race_ethnicity + charlson_score + index_year_f + acs_pct_poverty + acs_pct_unemployed + acs_pct_no_vehicle + acs_pct_nonwhite + acs_median_household_income_10k + acs_pct_bachelor_plus
UCMC,PM2.5,Q2,8.223672812547143,Death,2,8.5,0.12624488545740986,PM2.5 single-pollutant,age_10 + sex + race_ethnicity + charlson_score + index_year_f + acs_pct_poverty + acs_pct_unemployed + acs_pct_no_vehicle + acs_pct_nonwhite + acs_median_household_income_10k + acs_pct_bachelor_plus
UCMC,PM2.5,Q2,8.223672812547143,Death,2,8.75,0.12755903321378914,PM2.5 single-pollutant,age_10 + sex + race_ethnicity + charlson_score + index_year_f + acs_pct_poverty + acs_pct_unemployed + acs_pct_no_vehicle + acs_pct_nonwhite + acs_median_household_income_10k + acs_pct_bachelor_plus
UCMC,PM2.5,Q2,8.223672812547143,Death,2,9,0.12943678847243434,PM2.5 single-pollutant,age_10 + sex + race_ethnicity + charlson_score + index_year_f + acs_pct_poverty + acs_pct_unemployed + acs_pct_no_vehicle + acs_pct_nonwhite + acs_median_household_income_10k + acs_pct_bachelor_plus
UCMC,PM2.5,Q2,8.223672812547143,Death,2,9.25,0.13084586047597946,PM2.5 single-pollutant,age_10 + sex + race_ethnicity + charlson_score + index_year_f + acs_pct_poverty + acs_pct_unemployed + acs_pct_no_vehicle + acs_pct_nonwhite + acs_median_household_income_10k + acs_pct_bachelor_plus
UCMC,PM2.5,Q2,8.223672812547143,Death,2,9.5,0.1321615337921349,PM2.5 single-pollutant,age_10 + sex + race_ethnicity + charlson_score + index_year_f + acs_pct_poverty + acs_pct_unemployed + acs_pct_no_vehicle + acs_pct_nonwhite + acs_median_household_income_10k + acs_pct_bachelor_plus
UCMC,PM2.5,Q2,8.223672812547143,Death,2,9.75,0.13300763620243727,PM2.5 single-pollutant,age_10 + sex + race_ethnicity + charlson_score + index_year_f + acs_pct_poverty + acs_pct_unemployed + acs_pct_no_vehicle + acs_pct_nonwhite + acs_median_household_income_10k + acs_pct_bachelor_plus
UCMC,PM2.5,Q2,8.223672812547143,Death,2,10,0.1343244522885314,PM2.5 single-pollutant,age_10 + sex + race_ethnicity + charlson_score + index_year_f + acs_pct_poverty + acs_pct_unemployed + acs_pct_no_vehicle + acs_pct_nonwhite + acs_median_household_income_10k + acs_pct_bachelor_plus
UCMC,PM2.5,Q2,8.223672812547143,Death,2,10.25,0.1357360692873466,PM2.5 single-pollutant,age_10 + sex + race_ethnicity + charlson_score + index_year_f + acs_pct_poverty + acs_pct_unemployed + acs_pct_no_vehicle + acs_pct_nonwhite + acs_median_household_income_10k + acs_pct_bachelor_plus
UCMC,PM2.5,Q2,8.223672812547143,Death,2,10.5,0.13696005321913407,PM2.5 single-pollutant,age_10 + sex + race_ethnicity + charlson_score + index_year_f + acs_pct_poverty + acs_pct_unemployed + acs_pct_no_vehicle + acs_pct_nonwhite + acs_median_household_income_10k + acs_pct_bachelor_plus
UCMC,PM2.5,Q2,8.223672812547143,Death,2,10.75,0.13780754229652192,PM2.5 single-pollutant,age_10 + sex + race_ethnicity + charlson_score + index_year_f + acs_pct_poverty + acs_pct_unemployed + acs_pct_no_vehicle + acs_pct_nonwhite + acs_median_household_income_10k + acs_pct_bachelor_plus
UCMC,PM2.5,Q2,8.223672812547143,Death,2,11,0.1389378391239614,PM2.5 single-pollutant,age_10 + sex + race_ethnicity + charlson_score + index_year_f + acs_pct_poverty + acs_pct_unemployed + acs_pct_no_vehicle + acs_pct_nonwhite + acs_median_household_income_10k + acs_pct_bachelor_plus
UCMC,PM2.5,Q2,8.223672812547143,Death,2,11.25,0.1399745208233839,PM2.5 single-pollutant,age_10 + sex + race_ethnicity + charlson_score + index_year_f + acs_pct_poverty + acs_pct_unemployed + acs_pct_no_vehicle + acs_pct_nonwhite + acs_median_household_income_10k + acs_pct_bachelor_plus
UCMC,PM2.5,Q2,8.223672812547143,Death,2,11.5,0.14072866614717938,PM2.5 single-pollutant,age_10 + sex + race_ethnicity + charlson_score + index_year_f + acs_pct_poverty + acs_pct_unemployed + acs_pct_no_vehicle + acs_pct_nonwhite + acs_median_household_income_10k + acs_pct_bachelor_plus
UCMC,PM2.5,Q2,8.223672812547143,Death,2,11.75,0.14186031159129087,PM2.5 single-pollutant,age_10 + sex + race_ethnicity + charlson_score + index_year_f + acs_pct_poverty + acs_pct_unemployed + acs_pct_no_vehicle + acs_pct_nonwhite + acs_median_household_income_10k + acs_pct_bachelor_plus
UCMC,PM2.5,Q2,8.223672812547143,Death,2,12,0.1426150337275558,PM2.5 single-pollutant,age_10 + sex + race_ethnicity + charlson_score + index_year_f + acs_pct_poverty + acs_pct_unemployed + acs_pct_no_vehicle + acs_pct_nonwhite + acs_median_household_income_10k + acs_pct_bachelor_plus
UCMC,PM2.5,Q2,8.223672812547143,Death,2,12.25,0.14384244183550288,PM2.5 single-pollutant,age_10 + sex + race_ethnicity + charlson_score + index_year_f + acs_pct_poverty + acs_pct_unemployed + acs_pct_no_vehicle + acs_pct_nonwhite + acs_median_household_income_10k + acs_pct_bachelor_plus
UCMC,PM2.5,Q2,8.223672812547143,Death,2,12.5,0.14440910453081413,PM2.5 single-pollutant,age_10 + sex + race_ethnicity + charlson_score + index_year_f + acs_pct_poverty + acs_pct_unemployed + acs_pct_no_vehicle + acs_pct_nonwhite + acs_median_household_income_10k + acs_pct_bachelor_plus
UCMC,PM2.5,Q2,8.223672812547143,Death,2,12.75,0.14497587271664247,PM2.5 single-pollutant,age_10 + sex + race_ethnicity + charlson_score + index_year_f + acs_pct_poverty + acs_pct_unemployed + acs_pct_no_vehicle + acs_pct_nonwhite + acs_median_household_income_10k + acs_pct_bachelor_plus
UCMC,PM2.5,Q2,8.223672812547143,Death,2,13,0.1461096289985413,PM2.5 single-pollutant,age_10 + sex + race_ethnicity + charlson_score + index_year_f + acs_pct_poverty + acs_pct_unemployed + acs_pct_no_vehicle + acs_pct_nonwhite + acs_median_household_income_10k + acs_pct_bachelor_plus
UCMC,PM2.5,Q2,8.223672812547143,Death,2,13.25,0.1469601281286259,PM2.5 single-pollutant,age_10 + sex + race_ethnicity + charlson_score + index_year_f + acs_pct_poverty + acs_pct_unemployed + acs_pct_no_vehicle + acs_pct_nonwhite + acs_median_household_income_10k + acs_pct_bachelor_plus
UCMC,PM2.5,Q2,8.223672812547143,Death,2,13.5,0.147338148994678,PM2.5 single-pollutant,age_10 + sex + race_ethnicity + charlson_score + index_year_f + acs_pct_poverty + acs_pct_unemployed + acs_pct_no_vehicle + acs_pct_nonwhite + acs_median_household_income_10k + acs_pct_bachelor_plus
UCMC,PM2.5,Q2,8.223672812547143,Death,2,13.75,0.14771623567299164,PM2.5 single-pollutant,age_10 + sex + race_ethnicity + charlson_score + index_year_f + acs_pct_poverty + acs_pct_unemployed + acs_pct_no_vehicle + acs_pct_nonwhite + acs_median_household_income_10k + acs_pct_bachelor_plus
UCMC,PM2.5,Q2,8.223672812547143,Death,2,14,0.14809431829161046,PM2.5 single-pollutant,age_10 + sex + race_ethnicity + charlson_score + index_year_f + acs_pct_poverty + acs_pct_unemployed + acs_pct_no_vehicle + acs_pct_nonwhite + acs_median_household_income_10k + acs_pct_bachelor_plus
UCMC,PM2.5,Q2,8.223672812547143,Death,2,14.25,0.14875602261155463,PM2.5 single-pollutant,age_10 + sex + race_ethnicity + charlson_score + index_year_f + acs_pct_poverty + acs_pct_unemployed + acs_pct_no_vehicle + acs_pct_nonwhite + acs_median_household_income_10k + acs_pct_bachelor_plus
UCMC,PM2.5,Q2,8.223672812547143,Death,2,14.5,0.14970151644937957,PM2.5 single-pollutant,age_10 + sex + race_ethnicity + charlson_score + index_year_f + acs_pct_poverty + acs_pct_unemployed + acs_pct_no_vehicle + acs_pct_nonwhite + acs_median_household_income_10k + acs_pct_bachelor_plus
UCMC,PM2.5,Q2,8.223672812547143,Death,2,14.75,0.15036344507119648,PM2.5 single-pollutant,age_10 + sex + race_ethnicity + charlson_score + index_year_f + acs_pct_poverty + acs_pct_unemployed + acs_pct_no_vehicle + acs_pct_nonwhite + acs_median_household_income_10k + acs_pct_bachelor_plus
UCMC,PM2.5,Q2,8.223672812547143,Death,2,15,0.15074173514280353,PM2.5 single-pollutant,age_10 + sex + race_ethnicity + charlson_score + index_year_f + acs_pct_poverty + acs_pct_unemployed + acs_pct_no_vehicle + acs_pct_nonwhite + acs_median_household_income_10k + acs_pct_bachelor_plus
UCMC,PM2.5,Q2,8.223672812547143,Death,2,15.25,0.15112007329949484,PM2.5 single-pollutant,age_10 + sex + race_ethnicity + charlson_score + index_year_f + acs_pct_poverty + acs_pct_unemployed + acs_pct_no_vehicle + acs_pct_nonwhite + acs_median_household_income_10k + acs_pct_bachelor_plus
UCMC,PM2.5,Q2,8.223672812547143,Death,2,15.5,0.15149845450844523,PM2.5 single-pollutant,age_10 + sex + race_ethnicity + charlson_score + index_year_f + acs_pct_poverty + acs_pct_unemployed + acs_pct_no_vehicle + acs_pct_nonwhite + acs_median_household_income_10k + acs_pct_bachelor_plus
UCMC,PM2.5,Q2,8.223672812547143,Death,2,15.75,0.1522553850722952,PM2.5 single-pollutant,age_10 + sex + race_ethnicity + charlson_score + index_year_f + acs_pct_poverty + acs_pct_unemployed + acs_pct_no_vehicle + acs_pct_nonwhite + acs_median_household_income_10k + acs_pct_bachelor_plus
UCMC,PM2.5,Q2,8.223672812547143,Death,2,16,0.15272856726938522,PM2.5 single-pollutant,age_10 + sex + race_ethnicity + charlson_score + index_year_f + acs_pct_poverty + acs_pct_unemployed + acs_pct_no_vehicle + acs_pct_nonwhite + acs_median_household_income_10k + acs_pct_bachelor_plus
UCMC,PM2.5,Q2,8.223672812547143,Death,2,16.25,0.15329648076903446,PM2.5 single-pollutant,age_10 + sex + race_ethnicity + charlson_score + index_year_f + acs_pct_poverty + acs_pct_unemployed + acs_pct_no_vehicle + acs_pct_nonwhite + acs_median_household_income_10k + acs_pct_bachelor_plus
UCMC,PM2.5,Q2,8.223672812547143,Death,2,16.5,0.1536751434603738,PM2.5 single-pollutant,age_10 + sex + race_ethnicity + charlson_score + index_year_f + acs_pct_poverty + acs_pct_unemployed + acs_pct_no_vehicle + acs_pct_nonwhite + acs_median_household_income_10k + acs_pct_bachelor_plus
UCMC,PM2.5,Q2,8.223672812547143,Death,2,16.75,0.15414856867539373,PM2.5 single-pollutant,age_10 + sex + race_ethnicity + charlson_score + index_year_f + acs_pct_poverty + acs_pct_unemployed + acs_pct_no_vehicle + acs_pct_nonwhite + acs_median_household_income_10k + acs_pct_bachelor_plus
UCMC,PM2.5,Q2,8.223672812547143,Death,2,17,0.15443263208722768,PM2.5 single-pollutant,age_10 + sex + race_ethnicity + charlson_score + index_year_f + acs_pct_poverty + acs_pct_unemployed + acs_pct_no_vehicle + acs_pct_nonwhite + acs_median_household_income_10k + acs_pct_bachelor_plus
UCMC,PM2.5,Q2,8.223672812547143,Death,2,17.25,0.15500077709167814,PM2.5 single-pollutant,age_10 + sex + race_ethnicity + charlson_score + index_year_f + acs_pct_poverty + acs_pct_unemployed + acs_pct_no_vehicle + acs_pct_nonwhite + acs_median_household_income_10k + acs_pct_bachelor_plus
UCMC,PM2.5,Q2,8.223672812547143,Death,2,17.5,0.1554743527439798,PM2.5 single-pollutant,age_10 + sex + race_ethnicity + charlson_score + index_year_f + acs_pct_poverty + acs_pct_unemployed + acs_pct_no_vehicle + acs_pct_nonwhite + acs_median_household_income_10k + acs_pct_bachelor_plus
UCMC,PM2.5,Q2,8.223672812547143,Death,2,17.75,0.15585326218284556,PM2.5 single-pollutant,age_10 + sex + race_ethnicity + charlson_score + index_year_f + acs_pct_poverty + acs_pct_unemployed + acs_pct_no_vehicle + acs_pct_nonwhite + acs_median_household_income_10k + acs_pct_bachelor_plus
UCMC,PM2.5,Q2,8.223672812547143,Death,2,18,0.15604272494001103,PM2.5 single-pollutant,age_10 + sex + race_ethnicity + charlson_score + index_year_f + acs_pct_poverty + acs_pct_unemployed + acs_pct_no_vehicle + acs_pct_nonwhite + acs_median_household_income_10k + acs_pct_bachelor_plus
UCMC,PM2.5,Q2,8.223672812547143,Death,2,18.25,0.15651637414073216,PM2.5 single-pollutant,age_10 + sex + race_ethnicity + charlson_score + index_year_f + acs_pct_poverty + acs_pct_unemployed + acs_pct_no_vehicle + acs_pct_nonwhite + acs_median_household_income_10k + acs_pct_bachelor_plus
UCMC,PM2.5,Q2,8.223672812547143,Death,2,18.5,0.15680055798442127,PM2.5 single-pollutant,age_10 + sex + race_ethnicity + charlson_score + index_year_f + acs_pct_poverty + acs_pct_unemployed + acs_pct_no_vehicle + acs_pct_nonwhite + acs_median_household_income_10k + acs_pct_bachelor_plus
UCMC,PM2.5,Q2,8.223672812547143,Death,2,18.75,0.15708476994126064,PM2.5 single-pollutant,age_10 + sex + race_ethnicity + charlson_score + index_year_f + acs_pct_poverty + acs_pct_unemployed + acs_pct_no_vehicle + acs_pct_nonwhite + acs_median_household_income_10k + acs_pct_bachelor_plus
UCMC,PM2.5,Q2,8.223672812547143,Death,2,19,0.15746372798472663,PM2.5 single-pollutant,age_10 + sex + race_ethnicity + charlson_score + index_year_f + acs_pct_poverty + acs_pct_unemployed + acs_pct_no_vehicle + acs_pct_nonwhite + acs_median_household_income_10k + acs_pct_bachelor_plus
UCMC,PM2.5,Q2,8.223672812547143,Death,2,19.25,0.1580321815624448,PM2.5 single-pollutant,age_10 + sex + race_ethnicity + charlson_score + index_year_f + acs_pct_poverty + acs_pct_unemployed + acs_pct_no_vehicle + acs_pct_nonwhite + acs_median_household_income_10k + acs_pct_bachelor_plus
UCMC,PM2.5,Q2,8.223672812547143,Death,2,19.5,0.15831642205600316,PM2.5 single-pollutant,age_10 + sex + race_ethnicity + charlson_score + index_year_f + acs_pct_poverty + acs_pct_unemployed + acs_pct_no_vehicle + acs_pct_nonwhite + acs_median_household_income_10k + acs_pct_bachelor_plus
UCMC,PM2.5,Q2,8.223672812547143,Death,2,19.75,0.1586954023929944,PM2.5 single-pollutant,age_10 + sex + race_ethnicity + charlson_score + index_year_f + acs_pct_poverty + acs_pct_unemployed + acs_pct_no_vehicle + acs_pct_nonwhite + acs_median_household_income_10k + acs_pct_bachelor_plus
UCMC,PM2.5,Q2,8.223672812547143,Death,2,20,0.15888491116085612,PM2.5 single-pollutant,age_10 + sex + race_ethnicity + charlson_score + index_year_f + acs_pct_poverty + acs_pct_unemployed + acs_pct_no_vehicle + acs_pct_nonwhite + acs_median_household_income_10k + acs_pct_bachelor_plus
UCMC,PM2.5,Q2,8.223672812547143,Death,2,20.25,0.1590744349515103,PM2.5 single-pollutant,age_10 + sex + race_ethnicity + charlson_score + index_year_f + acs_pct_poverty + acs_pct_unemployed + acs_pct_no_vehicle + acs_pct_nonwhite + acs_median_household_income_10k + acs_pct_bachelor_plus
UCMC,PM2.5,Q2,8.223672812547143,Death,2,20.5,0.1592639662001304,PM2.5 single-pollutant,age_10 + sex + race_ethnicity + charlson_score + index_year_f + acs_pct_poverty + acs_pct_unemployed + acs_pct_no_vehicle + acs_pct_nonwhite + acs_median_household_income_10k + acs_pct_bachelor_plus
UCMC,PM2.5,Q2,8.223672812547143,Death,2,20.75,0.15964308841242658,PM2.5 single-pollutant,age_10 + sex + race_ethnicity + charlson_score + index_year_f + acs_pct_poverty + acs_pct_unemployed + acs_pct_no_vehicle + acs_pct_nonwhite + acs_median_household_income_10k + acs_pct_bachelor_plus
UCMC,PM2.5,Q2,8.223672812547143,Death,2,21,0.16002231527913768,PM2.5 single-pollutant,age_10 + sex + race_ethnicity + charlson_score + index_year_f + acs_pct_poverty + acs_pct_unemployed + acs_pct_no_vehicle + acs_pct_nonwhite + acs_median_household_income_10k + acs_pct_bachelor_plus
UCMC,PM2.5,Q2,8.223672812547143,Death,2,21.25,0.16002231527913768,PM2.5 single-pollutant,age_10 + sex + race_ethnicity + charlson_score + index_year_f + acs_pct_poverty + acs_pct_unemployed + acs_pct_no_vehicle + acs_pct_nonwhite + acs_median_household_income_10k + acs_pct_bachelor_plus
UCMC,PM2.5,Q2,8.223672812547143,Death,2,21.5,0.16049642458385072,PM2.5 single-pollutant,age_10 + sex + race_ethnicity + charlson_score + index_year_f + acs_pct_poverty + acs_pct_unemployed + acs_pct_no_vehicle + acs_pct_nonwhite + acs_median_household_income_10k + acs_pct_bachelor_plus
UCMC,PM2.5,Q2,8.223672812547143,Death,2,21.75,0.16059124466391994,PM2.5 single-pollutant,age_10 + sex + race_ethnicity + charlson_score + index_year_f + acs_pct_poverty + acs_pct_unemployed + acs_pct_no_vehicle + acs_pct_nonwhite + acs_median_household_income_10k + acs_pct_bachelor_plus
UCMC,PM2.5,Q2,8.223672812547143,Death,2,22,0.1606860630575201,PM2.5 single-pollutant,age_10 + sex + race_ethnicity + charlson_score + index_year_f + acs_pct_poverty + acs_pct_unemployed + acs_pct_no_vehicle + acs_pct_nonwhite + acs_median_household_income_10k + acs_pct_bachelor_plus
UCMC,PM2.5,Q2,8.223672812547143,Death,2,22.25,0.1606860630575201,PM2.5 single-pollutant,age_10 + sex + race_ethnicity + charlson_score + index_year_f + acs_pct_poverty + acs_pct_unemployed + acs_pct_no_vehicle + acs_pct_nonwhite + acs_median_household_income_10k + acs_pct_bachelor_plus
UCMC,PM2.5,Q2,8.223672812547143,Death,2,22.5,0.1607808773477578,PM2.5 single-pollutant,age_10 + sex + race_ethnicity + charlson_score + index_year_f + acs_pct_poverty + acs_pct_unemployed + acs_pct_no_vehicle + acs_pct_nonwhite + acs_median_household_income_10k + acs_pct_bachelor_plus
UCMC,PM2.5,Q2,8.223672812547143,Death,2,22.75,0.16097052886395624,PM2.5 single-pollutant,age_10 + sex + race_ethnicity + charlson_score + index_year_f + acs_pct_poverty + acs_pct_unemployed + acs_pct_no_vehicle + acs_pct_nonwhite + acs_median_household_income_10k + acs_pct_bachelor_plus
UCMC,PM2.5,Q2,8.223672812547143,Death,2,23,0.1611602027004947,PM2.5 single-pollutant,age_10 + sex + race_ethnicity + charlson_score + index_year_f + acs_pct_poverty + acs_pct_unemployed + acs_pct_no_vehicle + acs_pct_nonwhite + acs_median_household_income_10k + acs_pct_bachelor_plus
UCMC,PM2.5,Q2,8.223672812547143,Death,2,23.25,0.1611602027004947,PM2.5 single-pollutant,age_10 + sex + race_ethnicity + charlson_score + index_year_f + acs_pct_poverty + acs_pct_unemployed + acs_pct_no_vehicle + acs_pct_nonwhite + acs_median_household_income_10k + acs_pct_bachelor_plus
UCMC,PM2.5,Q2,8.223672812547143,Death,2,23.5,0.1613498960755515,PM2.5 single-pollutant,age_10 + sex + race_ethnicity + charlson_score + index_year_f + acs_pct_poverty + acs_pct_unemployed + acs_pct_no_vehicle + acs_pct_nonwhite + acs_median_household_income_10k + acs_pct_bachelor_plus
UCMC,PM2.5,Q2,8.223672812547143,Death,2,23.75,0.1616344656919948,PM2.5 single-pollutant,age_10 + sex + race_ethnicity + charlson_score + index_year_f + acs_pct_poverty + acs_pct_unemployed + acs_pct_no_vehicle + acs_pct_nonwhite + acs_median_household_income_10k + acs_pct_bachelor_plus
UCMC,PM2.5,Q2,8.223672812547143,Death,2,24,0.16182419794882352,PM2.5 single-pollutant,age_10 + sex + race_ethnicity + charlson_score + index_year_f + acs_pct_poverty + acs_pct_unemployed + acs_pct_no_vehicle + acs_pct_nonwhite + acs_median_household_income_10k + acs_pct_bachelor_plus
UCMC,PM2.5,Q2,8.223672812547143,Death,2,24.25,0.16182419794882352,PM2.5 single-pollutant,age_10 + sex + race_ethnicity + charlson_score + index_year_f + acs_pct_poverty + acs_pct_unemployed + acs_pct_no_vehicle + acs_pct_nonwhite + acs_median_household_income_10k + acs_pct_bachelor_plus
UCMC,PM2.5,Q2,8.223672812547143,Death,2,24.5,0.16220370583735388,PM2.5 single-pollutant,age_10 + sex + race_ethnicity + charlson_score + index_year_f + acs_pct_poverty + acs_pct_unemployed + acs_pct_no_vehicle + acs_pct_nonwhite + acs_median_household_income_10k + acs_pct_bachelor_plus
UCMC,PM2.5,Q2,8.223672812547143,Death,2,24.75,0.16229858916206752,PM2.5 single-pollutant,age_10 + sex + race_ethnicity + charlson_score + index_year_f + acs_pct_poverty + acs_pct_unemployed + acs_pct_no_vehicle + acs_pct_nonwhite + acs_median_household_income_10k + acs_pct_bachelor_plus
UCMC,PM2.5,Q2,8.223672812547143,Death,2,25,0.16258325934061146,PM2.5 single-pollutant,age_10 + sex + race_ethnicity + charlson_score + index_year_f + acs_pct_poverty + acs_pct_unemployed + acs_pct_no_vehicle + acs_pct_nonwhite + acs_median_household_income_10k + acs_pct_bachelor_plus
UCMC,PM2.5,Q2,8.223672812547143,Death,2,25.25,0.16258325934061146,PM2.5 single-pollutant,age_10 + sex + race_ethnicity + charlson_score + index_year_f + acs_pct_poverty + acs_pct_unemployed + acs_pct_no_vehicle + acs_pct_nonwhite + acs_median_household_income_10k + acs_pct_bachelor_plus
UCMC,PM2.5,Q2,8.223672812547143,Death,2,25.5,0.16267814983707984,PM2.5 single-pollutant,age_10 + sex + race_ethnicity + charlson_score + index_year_f + acs_pct_poverty + acs_pct_unemployed + acs_pct_no_vehicle + acs_pct_nonwhite + acs_median_household_income_10k + acs_pct_bachelor_plus
UCMC,PM2.5,Q2,8.223672812547143,Death,2,25.75,0.162773040377182,PM2.5 single-pollutant,age_10 + sex + race_ethnicity + charlson_score + index_year_f + acs_pct_poverty + acs_pct_unemployed + acs_pct_no_vehicle + acs_pct_nonwhite + acs_median_household_income_10k + acs_pct_bachelor_plus
UCMC,PM2.5,Q2,8.223672812547143,Death,2,26,0.1630577288366366,PM2.5 single-pollutant,age_10 + sex + race_ethnicity + charlson_score + index_year_f + acs_pct_poverty + acs_pct_unemployed + acs_pct_no_vehicle + acs_pct_nonwhite + acs_median_household_income_10k + acs_pct_bachelor_plus
UCMC,PM2.5,Q2,8.223672812547143,Death,2,26.25,0.1630577288366366,PM2.5 single-pollutant,age_10 + sex + race_ethnicity + charlson_score + index_year_f + acs_pct_poverty + acs_pct_unemployed + acs_pct_no_vehicle + acs_pct_nonwhite + acs_median_household_income_10k + acs_pct_bachelor_plus
UCMC,PM2.5,Q2,8.223672812547143,Death,2,26.5,0.16315262735218306,PM2.5 single-pollutant,age_10 + sex + race_ethnicity + charlson_score + index_year_f + acs_pct_poverty + acs_pct_unemployed + acs_pct_no_vehicle + acs_pct_nonwhite + acs_median_household_income_10k + acs_pct_bachelor_plus
UCMC,PM2.5,Q2,8.223672812547143,Death,2,26.75,0.16334243506920898,PM2.5 single-pollutant,age_10 + sex + race_ethnicity + charlson_score + index_year_f + acs_pct_poverty + acs_pct_unemployed + acs_pct_no_vehicle + acs_pct_nonwhite + acs_median_household_income_10k + acs_pct_bachelor_plus
UCMC,PM2.5,Q2,8.223672812547143,Death,2,27,0.16334243506920898,PM2.5 single-pollutant,age_10 + sex + race_ethnicity + charlson_score + index_year_f + acs_pct_poverty + acs_pct_unemployed + acs_pct_no_vehicle + acs_pct_nonwhite + acs_median_household_income_10k + acs_pct_bachelor_plus
UCMC,PM2.5,Q2,8.223672812547143,Death,2,27.25,0.16353225899859802,PM2.5 single-pollutant,age_10 + sex + race_ethnicity + charlson_score + index_year_f + acs_pct_poverty + acs_pct_unemployed + acs_pct_no_vehicle + acs_pct_nonwhite + acs_median_household_income_10k + acs_pct_bachelor_plus
UCMC,PM2.5,Q2,8.223672812547143,Death,2,27.5,0.16362717012189798,PM2.5 single-pollutant,age_10 + sex + race_ethnicity + charlson_score + index_year_f + acs_pct_poverty + acs_pct_unemployed + acs_pct_no_vehicle + acs_pct_nonwhite + acs_median_household_income_10k + acs_pct_bachelor_plus
UCMC,PM2.5,Q2,8.223672812547143,Death,2,27.75,0.1637220863441725,PM2.5 single-pollutant,age_10 + sex + race_ethnicity + charlson_score + index_year_f + acs_pct_poverty + acs_pct_unemployed + acs_pct_no_vehicle + acs_pct_nonwhite + acs_median_household_income_10k + acs_pct_bachelor_plus
UCMC,PM2.5,Q2,8.223672812547143,Death,2,28,0.1637220863441725,PM2.5 single-pollutant,age_10 + sex + race_ethnicity + charlson_score + index_year_f + acs_pct_poverty + acs_pct_unemployed + acs_pct_no_vehicle + acs_pct_nonwhite + acs_median_household_income_10k + acs_pct_bachelor_plus
UCMC,PM2.5,Q3,8.850210054715468,Death,2,0,0,PM2.5 single-pollutant,age_10 + sex + race_ethnicity + charlson_score + index_year_f + acs_pct_poverty + acs_pct_unemployed + acs_pct_no_vehicle + acs_pct_nonwhite + acs_median_household_income_10k + acs_pct_bachelor_plus
UCMC,PM2.5,Q3,8.850210054715468,Death,2,0.25,0.0011467588754098257,PM2.5 single-pollutant,age_10 + sex + race_ethnicity + charlson_score + index_year_f + acs_pct_poverty + acs_pct_unemployed + acs_pct_no_vehicle + acs_pct_nonwhite + acs_median_household_income_10k + acs_pct_bachelor_plus
UCMC,PM2.5,Q3,8.850210054715468,Death,2,0.5,0.003727396487022361,PM2.5 single-pollutant,age_10 + sex + race_ethnicity + charlson_score + index_year_f + acs_pct_poverty + acs_pct_unemployed + acs_pct_no_vehicle + acs_pct_nonwhite + acs_median_household_income_10k + acs_pct_bachelor_plus
UCMC,PM2.5,Q3,8.850210054715468,Death,2,0.75,0.006692478290351245,PM2.5 single-pollutant,age_10 + sex + race_ethnicity + charlson_score + index_year_f + acs_pct_poverty + acs_pct_unemployed + acs_pct_no_vehicle + acs_pct_nonwhite + acs_median_household_income_10k + acs_pct_bachelor_plus
UCMC,PM2.5,Q3,8.850210054715468,Death,2,1,0.01071351881958571,PM2.5 single-pollutant,age_10 + sex + race_ethnicity + charlson_score + index_year_f + acs_pct_poverty + acs_pct_unemployed + acs_pct_no_vehicle + acs_pct_nonwhite + acs_median_household_income_10k + acs_pct_bachelor_plus
UCMC,PM2.5,Q3,8.850210054715468,Death,2,1.25,0.018863643616829573,PM2.5 single-pollutant,age_10 + sex + race_ethnicity + charlson_score + index_year_f + acs_pct_poverty + acs_pct_unemployed + acs_pct_no_vehicle + acs_pct_nonwhite + acs_median_household_income_10k + acs_pct_bachelor_plus
UCMC,PM2.5,Q3,8.850210054715468,Death,2,1.5,0.026259170117753028,PM2.5 single-pollutant,age_10 + sex + race_ethnicity + charlson_score + index_year_f + acs_pct_poverty + acs_pct_unemployed + acs_pct_no_vehicle + acs_pct_nonwhite + acs_median_household_income_10k + acs_pct_bachelor_plus
UCMC,PM2.5,Q3,8.850210054715468,Death,2,1.75,0.032416353851448365,PM2.5 single-pollutant,age_10 + sex + race_ethnicity + charlson_score + index_year_f + acs_pct_poverty + acs_pct_unemployed + acs_pct_no_vehicle + acs_pct_nonwhite + acs_median_household_income_10k + acs_pct_bachelor_plus
UCMC,PM2.5,Q3,8.850210054715468,Death,2,2,0.03858103159377757,PM2.5 single-pollutant,age_10 + sex + race_ethnicity + charlson_score + index_year_f + acs_pct_poverty + acs_pct_unemployed + acs_pct_no_vehicle + acs_pct_nonwhite + acs_median_household_income_10k + acs_pct_bachelor_plus
UCMC,PM2.5,Q3,8.850210054715468,Death,2,2.25,0.046298450734995056,PM2.5 single-pollutant,age_10 + sex + race_ethnicity + charlson_score + index_year_f + acs_pct_poverty + acs_pct_unemployed + acs_pct_no_vehicle + acs_pct_nonwhite + acs_median_household_income_10k + acs_pct_bachelor_plus
UCMC,PM2.5,Q3,8.850210054715468,Death,2,2.5,0.05325272211515364,PM2.5 single-pollutant,age_10 + sex + race_ethnicity + charlson_score + index_year_f + acs_pct_poverty + acs_pct_unemployed + acs_pct_no_vehicle + acs_pct_nonwhite + acs_median_household_income_10k + acs_pct_bachelor_plus
UCMC,PM2.5,Q3,8.850210054715468,Death,2,2.75,0.058960395019010514,PM2.5 single-pollutant,age_10 + sex + race_ethnicity + charlson_score + index_year_f + acs_pct_poverty + acs_pct_unemployed + acs_pct_no_vehicle + acs_pct_nonwhite + acs_median_household_income_10k + acs_pct_bachelor_plus
UCMC,PM2.5,Q3,8.850210054715468,Death,2,3,0.06429004149988216,PM2.5 single-pollutant,age_10 + sex + race_ethnicity + charlson_score + index_year_f + acs_pct_poverty + acs_pct_unemployed + acs_pct_no_vehicle + acs_pct_nonwhite + acs_median_household_income_10k + acs_pct_bachelor_plus
UCMC,PM2.5,Q3,8.850210054715468,Death,2,3.25,0.0703108944228189,PM2.5 single-pollutant,age_10 + sex + race_ethnicity + charlson_score + index_year_f + acs_pct_poverty + acs_pct_unemployed + acs_pct_no_vehicle + acs_pct_nonwhite + acs_median_household_income_10k + acs_pct_bachelor_plus
UCMC,PM2.5,Q3,8.850210054715468,Death,2,3.5,0.07459034342333659,PM2.5 single-pollutant,age_10 + sex + race_ethnicity + charlson_score + index_year_f + acs_pct_poverty + acs_pct_unemployed + acs_pct_no_vehicle + acs_pct_nonwhite + acs_median_household_income_10k + acs_pct_bachelor_plus
UCMC,PM2.5,Q3,8.850210054715468,Death,2,3.75,0.0784851486601198,PM2.5 single-pollutant,age_10 + sex + race_ethnicity + charlson_score + index_year_f + acs_pct_poverty + acs_pct_unemployed + acs_pct_no_vehicle + acs_pct_nonwhite + acs_median_household_income_10k + acs_pct_bachelor_plus
UCMC,PM2.5,Q3,8.850210054715468,Death,2,4,0.08365089799980707,PM2.5 single-pollutant,age_10 + sex + race_ethnicity + charlson_score + index_year_f + acs_pct_poverty + acs_pct_unemployed + acs_pct_no_vehicle + acs_pct_nonwhite + acs_median_household_income_10k + acs_pct_bachelor_plus
UCMC,PM2.5,Q3,8.850210054715468,Death,2,4.25,0.08706400625011523,PM2.5 single-pollutant,age_10 + sex + race_ethnicity + charlson_score + index_year_f + acs_pct_poverty + acs_pct_unemployed + acs_pct_no_vehicle + acs_pct_nonwhite + acs_median_household_income_10k + acs_pct_bachelor_plus
UCMC,PM2.5,Q3,8.850210054715468,Death,2,4.5,0.09125995984089008,PM2.5 single-pollutant,age_10 + sex + race_ethnicity + charlson_score + index_year_f + acs_pct_poverty + acs_pct_unemployed + acs_pct_no_vehicle + acs_pct_nonwhite + acs_median_household_income_10k + acs_pct_bachelor_plus
UCMC,PM2.5,Q3,8.850210054715468,Death,2,4.75,0.09506996337838614,PM2.5 single-pollutant,age_10 + sex + race_ethnicity + charlson_score + index_year_f + acs_pct_poverty + acs_pct_unemployed + acs_pct_no_vehicle + acs_pct_nonwhite + acs_median_household_income_10k + acs_pct_bachelor_plus
UCMC,PM2.5,Q3,8.850210054715468,Death,2,5,0.09819947691629793,PM2.5 single-pollutant,age_10 + sex + race_ethnicity + charlson_score + index_year_f + acs_pct_poverty + acs_pct_unemployed + acs_pct_no_vehicle + acs_pct_nonwhite + acs_median_household_income_10k + acs_pct_bachelor_plus
UCMC,PM2.5,Q3,8.850210054715468,Death,2,5.25,0.10162511744446157,PM2.5 single-pollutant,age_10 + sex + race_ethnicity + charlson_score + index_year_f + acs_pct_poverty + acs_pct_unemployed + acs_pct_no_vehicle + acs_pct_nonwhite + acs_median_household_income_10k + acs_pct_bachelor_plus
UCMC,PM2.5,Q3,8.850210054715468,Death,2,5.5,0.10456413654561525,PM2.5 single-pollutant,age_10 + sex + race_ethnicity + charlson_score + index_year_f + acs_pct_poverty + acs_pct_unemployed + acs_pct_no_vehicle + acs_pct_nonwhite + acs_median_household_income_10k + acs_pct_bachelor_plus
UCMC,PM2.5,Q3,8.850210054715468,Death,2,5.75,0.10809510240043818,PM2.5 single-pollutant,age_10 + sex + race_ethnicity + charlson_score + index_year_f + acs_pct_poverty + acs_pct_unemployed + acs_pct_no_vehicle + acs_pct_nonwhite + acs_median_household_income_10k + acs_pct_bachelor_plus
UCMC,PM2.5,Q3,8.850210054715468,Death,2,6,0.11103986632795437,PM2.5 single-pollutant,age_10 + sex + race_ethnicity + charlson_score + index_year_f + acs_pct_poverty + acs_pct_unemployed + acs_pct_no_vehicle + acs_pct_nonwhite + acs_median_household_income_10k + acs_pct_bachelor_plus
UCMC,PM2.5,Q3,8.850210054715468,Death,2,6.25,0.113790474453768,PM2.5 single-pollutant,age_10 + sex + race_ethnicity + charlson_score + index_year_f + acs_pct_poverty + acs_pct_unemployed + acs_pct_no_vehicle + acs_pct_nonwhite + acs_median_household_income_10k + acs_pct_bachelor_plus
UCMC,PM2.5,Q3,8.850210054715468,Death,2,6.5,0.11595298837284518,PM2.5 single-pollutant,age_10 + sex + race_ethnicity + charlson_score + index_year_f + acs_pct_poverty + acs_pct_unemployed + acs_pct_no_vehicle + acs_pct_nonwhite + acs_median_household_income_10k + acs_pct_bachelor_plus
UCMC,PM2.5,Q3,8.850210054715468,Death,2,6.75,0.11841148158871828,PM2.5 single-pollutant,age_10 + sex + race_ethnicity + charlson_score + index_year_f + acs_pct_poverty + acs_pct_unemployed + acs_pct_no_vehicle + acs_pct_nonwhite + acs_median_household_income_10k + acs_pct_bachelor_plus
UCMC,PM2.5,Q3,8.850210054715468,Death,2,7,0.12067340902246637,PM2.5 single-pollutant,age_10 + sex + race_ethnicity + charlson_score + index_year_f + acs_pct_poverty + acs_pct_unemployed + acs_pct_no_vehicle + acs_pct_nonwhite + acs_median_household_income_10k + acs_pct_bachelor_plus
UCMC,PM2.5,Q3,8.850210054715468,Death,2,7.25,0.12273966311646667,PM2.5 single-pollutant,age_10 + sex + race_ethnicity + charlson_score + index_year_f + acs_pct_poverty + acs_pct_unemployed + acs_pct_no_vehicle + acs_pct_nonwhite + acs_median_household_income_10k + acs_pct_bachelor_plus
UCMC,PM2.5,Q3,8.850210054715468,Death,2,7.5,0.12618459425475947,PM2.5 single-pollutant,age_10 + sex + race_ethnicity + charlson_score + index_year_f + acs_pct_poverty + acs_pct_unemployed + acs_pct_no_vehicle + acs_pct_nonwhite + acs_median_household_income_10k + acs_pct_bachelor_plus
UCMC,PM2.5,Q3,8.850210054715468,Death,2,7.75,0.1276619865466605,PM2.5 single-pollutant,age_10 + sex + race_ethnicity + charlson_score + index_year_f + acs_pct_poverty + acs_pct_unemployed + acs_pct_no_vehicle + acs_pct_nonwhite + acs_median_household_income_10k + acs_pct_bachelor_plus
UCMC,PM2.5,Q3,8.850210054715468,Death,2,8,0.12963233176588274,PM2.5 single-pollutant,age_10 + sex + race_ethnicity + charlson_score + index_year_f + acs_pct_poverty + acs_pct_unemployed + acs_pct_no_vehicle + acs_pct_nonwhite + acs_median_household_income_10k + acs_pct_bachelor_plus
UCMC,PM2.5,Q3,8.850210054715468,Death,2,8.25,0.13170143628839726,PM2.5 single-pollutant,age_10 + sex + race_ethnicity + charlson_score + index_year_f + acs_pct_poverty + acs_pct_unemployed + acs_pct_no_vehicle + acs_pct_nonwhite + acs_median_household_income_10k + acs_pct_bachelor_plus
UCMC,PM2.5,Q3,8.850210054715468,Death,2,8.5,0.13318017441555718,PM2.5 single-pollutant,age_10 + sex + race_ethnicity + charlson_score + index_year_f + acs_pct_poverty + acs_pct_unemployed + acs_pct_no_vehicle + acs_pct_nonwhite + acs_median_household_income_10k + acs_pct_bachelor_plus
UCMC,PM2.5,Q3,8.850210054715468,Death,2,8.75,0.13456081356454763,PM2.5 single-pollutant,age_10 + sex + race_ethnicity + charlson_score + index_year_f + acs_pct_poverty + acs_pct_unemployed + acs_pct_no_vehicle + acs_pct_nonwhite + acs_median_household_income_10k + acs_pct_bachelor_plus
UCMC,PM2.5,Q3,8.850210054715468,Death,2,9,0.1365333637035332,PM2.5 single-pollutant,age_10 + sex + race_ethnicity + charlson_score + index_year_f + acs_pct_poverty + acs_pct_unemployed + acs_pct_no_vehicle + acs_pct_nonwhite + acs_median_household_income_10k + acs_pct_bachelor_plus
UCMC,PM2.5,Q3,8.850210054715468,Death,2,9.25,0.1380134050487274,PM2.5 single-pollutant,age_10 + sex + race_ethnicity + charlson_score + index_year_f + acs_pct_poverty + acs_pct_unemployed + acs_pct_no_vehicle + acs_pct_nonwhite + acs_median_household_income_10k + acs_pct_bachelor_plus
UCMC,PM2.5,Q3,8.850210054715468,Death,2,9.5,0.13939521568779334,PM2.5 single-pollutant,age_10 + sex + race_ethnicity + charlson_score + index_year_f + acs_pct_poverty + acs_pct_unemployed + acs_pct_no_vehicle + acs_pct_nonwhite + acs_median_household_income_10k + acs_pct_bachelor_plus
UCMC,PM2.5,Q3,8.850210054715468,Death,2,9.75,0.1402837853124248,PM2.5 single-pollutant,age_10 + sex + race_ethnicity + charlson_score + index_year_f + acs_pct_poverty + acs_pct_unemployed + acs_pct_no_vehicle + acs_pct_nonwhite + acs_median_household_income_10k + acs_pct_bachelor_plus
UCMC,PM2.5,Q3,8.850210054715468,Death,2,10,0.1416665926002375,PM2.5 single-pollutant,age_10 + sex + race_ethnicity + charlson_score + index_year_f + acs_pct_poverty + acs_pct_unemployed + acs_pct_no_vehicle + acs_pct_nonwhite + acs_median_household_income_10k + acs_pct_bachelor_plus
UCMC,PM2.5,Q3,8.850210054715468,Death,2,10.25,0.1431488137333673,PM2.5 single-pollutant,age_10 + sex + race_ethnicity + charlson_score + index_year_f + acs_pct_poverty + acs_pct_unemployed + acs_pct_no_vehicle + acs_pct_nonwhite + acs_median_household_income_10k + acs_pct_bachelor_plus
UCMC,PM2.5,Q3,8.850210054715468,Death,2,10.5,0.14443390134951262,PM2.5 single-pollutant,age_10 + sex + race_ethnicity + charlson_score + index_year_f + acs_pct_poverty + acs_pct_unemployed + acs_pct_no_vehicle + acs_pct_nonwhite + acs_median_household_income_10k + acs_pct_bachelor_plus
UCMC,PM2.5,Q3,8.850210054715468,Death,2,10.75,0.14532363570346507,PM2.5 single-pollutant,age_10 + sex + race_ethnicity + charlson_score + index_year_f + acs_pct_poverty + acs_pct_unemployed + acs_pct_no_vehicle + acs_pct_nonwhite + acs_median_household_income_10k + acs_pct_bachelor_plus
UCMC,PM2.5,Q3,8.850210054715468,Death,2,11,0.14651019471530724,PM2.5 single-pollutant,age_10 + sex + race_ethnicity + charlson_score + index_year_f + acs_pct_poverty + acs_pct_unemployed + acs_pct_no_vehicle + acs_pct_nonwhite + acs_median_household_income_10k + acs_pct_bachelor_plus
UCMC,PM2.5,Q3,8.850210054715468,Death,2,11.25,0.14759839791204632,PM2.5 single-pollutant,age_10 + sex + race_ethnicity + charlson_score + index_year_f + acs_pct_poverty + acs_pct_unemployed + acs_pct_no_vehicle + acs_pct_nonwhite + acs_median_household_income_10k + acs_pct_bachelor_plus
UCMC,PM2.5,Q3,8.850210054715468,Death,2,11.5,0.14838997444514235,PM2.5 single-pollutant,age_10 + sex + race_ethnicity + charlson_score + index_year_f + acs_pct_poverty + acs_pct_unemployed + acs_pct_no_vehicle + acs_pct_nonwhite + acs_median_household_income_10k + acs_pct_bachelor_plus
UCMC,PM2.5,Q3,8.850210054715468,Death,2,11.75,0.14957771094551464,PM2.5 single-pollutant,age_10 + sex + race_ethnicity + charlson_score + index_year_f + acs_pct_poverty + acs_pct_unemployed + acs_pct_no_vehicle + acs_pct_nonwhite + acs_median_household_income_10k + acs_pct_bachelor_plus
UCMC,PM2.5,Q3,8.850210054715468,Death,2,12,0.15036979018342012,PM2.5 single-pollutant,age_10 + sex + race_ethnicity + charlson_score + index_year_f + acs_pct_poverty + acs_pct_unemployed + acs_pct_no_vehicle + acs_pct_nonwhite + acs_median_household_income_10k + acs_pct_bachelor_plus
UCMC,PM2.5,Q3,8.850210054715468,Death,2,12.25,0.15165786438111661,PM2.5 single-pollutant,age_10 + sex + race_ethnicity + charlson_score + index_year_f + acs_pct_poverty + acs_pct_unemployed + acs_pct_no_vehicle + acs_pct_nonwhite + acs_median_household_income_10k + acs_pct_bachelor_plus
UCMC,PM2.5,Q3,8.850210054715468,Death,2,12.5,0.15225249826579212,PM2.5 single-pollutant,age_10 + sex + race_ethnicity + charlson_score + index_year_f + acs_pct_poverty + acs_pct_unemployed + acs_pct_no_vehicle + acs_pct_nonwhite + acs_median_household_income_10k + acs_pct_bachelor_plus
UCMC,PM2.5,Q3,8.850210054715468,Death,2,12.75,0.1528472195867403,PM2.5 single-pollutant,age_10 + sex + race_ethnicity + charlson_score + index_year_f + acs_pct_poverty + acs_pct_unemployed + acs_pct_no_vehicle + acs_pct_nonwhite + acs_median_household_income_10k + acs_pct_bachelor_plus
UCMC,PM2.5,Q3,8.850210054715468,Death,2,13,0.15403682311358902,PM2.5 single-pollutant,age_10 + sex + race_ethnicity + charlson_score + index_year_f + acs_pct_poverty + acs_pct_unemployed + acs_pct_no_vehicle + acs_pct_nonwhite + acs_median_household_income_10k + acs_pct_bachelor_plus
UCMC,PM2.5,Q3,8.850210054715468,Death,2,13.25,0.15492915542109986,PM2.5 single-pollutant,age_10 + sex + race_ethnicity + charlson_score + index_year_f + acs_pct_poverty + acs_pct_unemployed + acs_pct_no_vehicle + acs_pct_nonwhite + acs_median_household_income_10k + acs_pct_bachelor_plus
UCMC,PM2.5,Q3,8.850210054715468,Death,2,13.5,0.15532575299500861,PM2.5 single-pollutant,age_10 + sex + race_ethnicity + charlson_score + index_year_f + acs_pct_poverty + acs_pct_unemployed + acs_pct_no_vehicle + acs_pct_nonwhite + acs_median_household_income_10k + acs_pct_bachelor_plus
UCMC,PM2.5,Q3,8.850210054715468,Death,2,13.75,0.15572240923020753,PM2.5 single-pollutant,age_10 + sex + race_ethnicity + charlson_score + index_year_f + acs_pct_poverty + acs_pct_unemployed + acs_pct_no_vehicle + acs_pct_nonwhite + acs_median_household_income_10k + acs_pct_bachelor_plus
UCMC,PM2.5,Q3,8.850210054715468,Death,2,14,0.1561190508161312,PM2.5 single-pollutant,age_10 + sex + race_ethnicity + charlson_score + index_year_f + acs_pct_poverty + acs_pct_unemployed + acs_pct_no_vehicle + acs_pct_nonwhite + acs_median_household_income_10k + acs_pct_bachelor_plus
UCMC,PM2.5,Q3,8.850210054715468,Death,2,14.25,0.15681321124318082,PM2.5 single-pollutant,age_10 + sex + race_ethnicity + charlson_score + index_year_f + acs_pct_poverty + acs_pct_unemployed + acs_pct_no_vehicle + acs_pct_nonwhite + acs_median_household_income_10k + acs_pct_bachelor_plus
UCMC,PM2.5,Q3,8.850210054715468,Death,2,14.5,0.15780502555835296,PM2.5 single-pollutant,age_10 + sex + race_ethnicity + charlson_score + index_year_f + acs_pct_poverty + acs_pct_unemployed + acs_pct_no_vehicle + acs_pct_nonwhite + acs_median_household_income_10k + acs_pct_bachelor_plus
UCMC,PM2.5,Q3,8.850210054715468,Death,2,14.75,0.15849934382783804,PM2.5 single-pollutant,age_10 + sex + race_ethnicity + charlson_score + index_year_f + acs_pct_poverty + acs_pct_unemployed + acs_pct_no_vehicle + acs_pct_nonwhite + acs_median_household_income_10k + acs_pct_bachelor_plus
UCMC,PM2.5,Q3,8.850210054715468,Death,2,15,0.15889613013712744,PM2.5 single-pollutant,age_10 + sex + race_ethnicity + charlson_score + index_year_f + acs_pct_poverty + acs_pct_unemployed + acs_pct_no_vehicle + acs_pct_nonwhite + acs_median_household_income_10k + acs_pct_bachelor_plus
UCMC,PM2.5,Q3,8.850210054715468,Death,2,15.25,0.15929295644419506,PM2.5 single-pollutant,age_10 + sex + race_ethnicity + charlson_score + index_year_f + acs_pct_poverty + acs_pct_unemployed + acs_pct_no_vehicle + acs_pct_nonwhite + acs_median_household_income_10k + acs_pct_bachelor_plus
UCMC,PM2.5,Q3,8.850210054715468,Death,2,15.5,0.15968981746212763,PM2.5 single-pollutant,age_10 + sex + race_ethnicity + charlson_score + index_year_f + acs_pct_poverty + acs_pct_unemployed + acs_pct_no_vehicle + acs_pct_nonwhite + acs_median_household_income_10k + acs_pct_bachelor_plus
UCMC,PM2.5,Q3,8.850210054715468,Death,2,15.75,0.16048368448945804,PM2.5 single-pollutant,age_10 + sex + race_ethnicity + charlson_score + index_year_f + acs_pct_poverty + acs_pct_unemployed + acs_pct_no_vehicle + acs_pct_nonwhite + acs_median_household_income_10k + acs_pct_bachelor_plus
UCMC,PM2.5,Q3,8.850210054715468,Death,2,16,0.16097993562675084,PM2.5 single-pollutant,age_10 + sex + race_ethnicity + charlson_score + index_year_f + acs_pct_poverty + acs_pct_unemployed + acs_pct_no_vehicle + acs_pct_nonwhite + acs_median_household_income_10k + acs_pct_bachelor_plus
UCMC,PM2.5,Q3,8.850210054715468,Death,2,16.25,0.16157551487140154,PM2.5 single-pollutant,age_10 + sex + race_ethnicity + charlson_score + index_year_f + acs_pct_poverty + acs_pct_unemployed + acs_pct_no_vehicle + acs_pct_nonwhite + acs_median_household_income_10k + acs_pct_bachelor_plus
UCMC,PM2.5,Q3,8.850210054715468,Death,2,16.5,0.16197261090202109,PM2.5 single-pollutant,age_10 + sex + race_ethnicity + charlson_score + index_year_f + acs_pct_poverty + acs_pct_unemployed + acs_pct_no_vehicle + acs_pct_nonwhite + acs_median_household_income_10k + acs_pct_bachelor_plus
UCMC,PM2.5,Q3,8.850210054715468,Death,2,16.75,0.1624690677475623,PM2.5 single-pollutant,age_10 + sex + race_ethnicity + charlson_score + index_year_f + acs_pct_poverty + acs_pct_unemployed + acs_pct_no_vehicle + acs_pct_nonwhite + acs_median_household_income_10k + acs_pct_bachelor_plus
UCMC,PM2.5,Q3,8.850210054715468,Death,2,17,0.16276694266522507,PM2.5 single-pollutant,age_10 + sex + race_ethnicity + charlson_score + index_year_f + acs_pct_poverty + acs_pct_unemployed + acs_pct_no_vehicle + acs_pct_nonwhite + acs_median_household_income_10k + acs_pct_bachelor_plus
UCMC,PM2.5,Q3,8.850210054715468,Death,2,17.25,0.16336269383559454,PM2.5 single-pollutant,age_10 + sex + race_ethnicity + charlson_score + index_year_f + acs_pct_poverty + acs_pct_unemployed + acs_pct_no_vehicle + acs_pct_nonwhite + acs_median_household_income_10k + acs_pct_bachelor_plus
UCMC,PM2.5,Q3,8.850210054715468,Death,2,17.5,0.16385926245510807,PM2.5 single-pollutant,age_10 + sex + race_ethnicity + charlson_score + index_year_f + acs_pct_poverty + acs_pct_unemployed + acs_pct_no_vehicle + acs_pct_nonwhite + acs_median_household_income_10k + acs_pct_bachelor_plus
UCMC,PM2.5,Q3,8.850210054715468,Death,2,17.75,0.16425655680248563,PM2.5 single-pollutant,age_10 + sex + race_ethnicity + charlson_score + index_year_f + acs_pct_poverty + acs_pct_unemployed + acs_pct_no_vehicle + acs_pct_nonwhite + acs_median_household_income_10k + acs_pct_bachelor_plus
UCMC,PM2.5,Q3,8.850210054715468,Death,2,18,0.16445520845511197,PM2.5 single-pollutant,age_10 + sex + race_ethnicity + charlson_score + index_year_f + acs_pct_poverty + acs_pct_unemployed + acs_pct_no_vehicle + acs_pct_nonwhite + acs_median_household_income_10k + acs_pct_bachelor_plus
UCMC,PM2.5,Q3,8.850210054715468,Death,2,18.25,0.1649518179996441,PM2.5 single-pollutant,age_10 + sex + race_ethnicity + charlson_score + index_year_f + acs_pct_poverty + acs_pct_unemployed + acs_pct_no_vehicle + acs_pct_nonwhite + acs_median_household_income_10k + acs_pct_bachelor_plus
UCMC,PM2.5,Q3,8.850210054715468,Death,2,18.5,0.1652497698712646,PM2.5 single-pollutant,age_10 + sex + race_ethnicity + charlson_score + index_year_f + acs_pct_poverty + acs_pct_unemployed + acs_pct_no_vehicle + acs_pct_nonwhite + acs_median_household_income_10k + acs_pct_bachelor_plus
UCMC,PM2.5,Q3,8.850210054715468,Death,2,18.75,0.16554774528756766,PM2.5 single-pollutant,age_10 + sex + race_ethnicity + charlson_score + index_year_f + acs_pct_poverty + acs_pct_unemployed + acs_pct_no_vehicle + acs_pct_nonwhite + acs_median_household_income_10k + acs_pct_bachelor_plus
UCMC,PM2.5,Q3,8.850210054715468,Death,2,19,0.16594504580566904,PM2.5 single-pollutant,age_10 + sex + race_ethnicity + charlson_score + index_year_f + acs_pct_poverty + acs_pct_unemployed + acs_pct_no_vehicle + acs_pct_nonwhite + acs_median_household_income_10k + acs_pct_bachelor_plus
UCMC,PM2.5,Q3,8.850210054715468,Death,2,19.25,0.16654099410745948,PM2.5 single-pollutant,age_10 + sex + race_ethnicity + charlson_score + index_year_f + acs_pct_poverty + acs_pct_unemployed + acs_pct_no_vehicle + acs_pct_nonwhite + acs_median_household_income_10k + acs_pct_bachelor_plus
UCMC,PM2.5,Q3,8.850210054715468,Death,2,19.5,0.1668389737169491,PM2.5 single-pollutant,age_10 + sex + race_ethnicity + charlson_score + index_year_f + acs_pct_poverty + acs_pct_unemployed + acs_pct_no_vehicle + acs_pct_nonwhite + acs_median_household_income_10k + acs_pct_bachelor_plus
UCMC,PM2.5,Q3,8.850210054715468,Death,2,19.75,0.16723626329422103,PM2.5 single-pollutant,age_10 + sex + race_ethnicity + charlson_score + index_year_f + acs_pct_poverty + acs_pct_unemployed + acs_pct_no_vehicle + acs_pct_nonwhite + acs_median_household_income_10k + acs_pct_bachelor_plus
UCMC,PM2.5,Q3,8.850210054715468,Death,2,20,0.1674349236176752,PM2.5 single-pollutant,age_10 + sex + race_ethnicity + charlson_score + index_year_f + acs_pct_poverty + acs_pct_unemployed + acs_pct_no_vehicle + acs_pct_nonwhite + acs_median_household_income_10k + acs_pct_bachelor_plus
UCMC,PM2.5,Q3,8.850210054715468,Death,2,20.25,0.16763359704607395,PM2.5 single-pollutant,age_10 + sex + race_ethnicity + charlson_score + index_year_f + acs_pct_poverty + acs_pct_unemployed + acs_pct_no_vehicle + acs_pct_nonwhite + acs_median_household_income_10k + acs_pct_bachelor_plus
UCMC,PM2.5,Q3,8.850210054715468,Death,2,20.5,0.1678322756483529,PM2.5 single-pollutant,age_10 + sex + race_ethnicity + charlson_score + index_year_f + acs_pct_poverty + acs_pct_unemployed + acs_pct_no_vehicle + acs_pct_nonwhite + acs_median_household_income_10k + acs_pct_bachelor_plus
UCMC,PM2.5,Q3,8.850210054715468,Death,2,20.75,0.16822968751311174,PM2.5 single-pollutant,age_10 + sex + race_ethnicity + charlson_score + index_year_f + acs_pct_poverty + acs_pct_unemployed + acs_pct_no_vehicle + acs_pct_nonwhite + acs_median_household_income_10k + acs_pct_bachelor_plus
UCMC,PM2.5,Q3,8.850210054715468,Death,2,21,0.1686271984898371,PM2.5 single-pollutant,age_10 + sex + race_ethnicity + charlson_score + index_year_f + acs_pct_poverty + acs_pct_unemployed + acs_pct_no_vehicle + acs_pct_nonwhite + acs_median_household_income_10k + acs_pct_bachelor_plus
UCMC,PM2.5,Q3,8.850210054715468,Death,2,21.25,0.1686271984898371,PM2.5 single-pollutant,age_10 + sex + race_ethnicity + charlson_score + index_year_f + acs_pct_poverty + acs_pct_unemployed + acs_pct_no_vehicle + acs_pct_nonwhite + acs_median_household_income_10k + acs_pct_bachelor_plus
UCMC,PM2.5,Q3,8.850210054715468,Death,2,21.5,0.1691241516764237,PM2.5 single-pollutant,age_10 + sex + race_ethnicity + charlson_score + index_year_f + acs_pct_poverty + acs_pct_unemployed + acs_pct_no_vehicle + acs_pct_nonwhite + acs_median_household_income_10k + acs_pct_bachelor_plus
UCMC,PM2.5,Q3,8.850210054715468,Death,2,21.75,0.1692235384587274,PM2.5 single-pollutant,age_10 + sex + race_ethnicity + charlson_score + index_year_f + acs_pct_poverty + acs_pct_unemployed + acs_pct_no_vehicle + acs_pct_nonwhite + acs_median_household_income_10k + acs_pct_bachelor_plus
UCMC,PM2.5,Q3,8.850210054715468,Death,2,22,0.16932292281042483,PM2.5 single-pollutant,age_10 + sex + race_ethnicity + charlson_score + index_year_f + acs_pct_poverty + acs_pct_unemployed + acs_pct_no_vehicle + acs_pct_nonwhite + acs_median_household_income_10k + acs_pct_bachelor_plus
UCMC,PM2.5,Q3,8.850210054715468,Death,2,22.25,0.16932292281042483,PM2.5 single-pollutant,age_10 + sex + race_ethnicity + charlson_score + index_year_f + acs_pct_poverty + acs_pct_unemployed + acs_pct_no_vehicle + acs_pct_nonwhite + acs_median_household_income_10k + acs_pct_bachelor_plus
UCMC,PM2.5,Q3,8.850210054715468,Death,2,22.5,0.16942230219822785,PM2.5 single-pollutant,age_10 + sex + race_ethnicity + charlson_score + index_year_f + acs_pct_poverty + acs_pct_unemployed + acs_pct_no_vehicle + acs_pct_nonwhite + acs_median_household_income_10k + acs_pct_bachelor_plus
UCMC,PM2.5,Q3,8.850210054715468,Death,2,22.75,0.1696210830244148,PM2.5 single-pollutant,age_10 + sex + race_ethnicity + charlson_score + index_year_f + acs_pct_poverty + acs_pct_unemployed + acs_pct_no_vehicle + acs_pct_nonwhite + acs_median_household_income_10k + acs_pct_bachelor_plus
UCMC,PM2.5,Q3,8.850210054715468,Death,2,23,0.1698198845917418,PM2.5 single-pollutant,age_10 + sex + race_ethnicity + charlson_score + index_year_f + acs_pct_poverty + acs_pct_unemployed + acs_pct_no_vehicle + acs_pct_nonwhite + acs_median_household_income_10k + acs_pct_bachelor_plus
UCMC,PM2.5,Q3,8.850210054715468,Death,2,23.25,0.1698198845917418,PM2.5 single-pollutant,age_10 + sex + race_ethnicity + charlson_score + index_year_f + acs_pct_poverty + acs_pct_unemployed + acs_pct_no_vehicle + acs_pct_nonwhite + acs_median_household_income_10k + acs_pct_bachelor_plus
UCMC,PM2.5,Q3,8.850210054715468,Death,2,23.5,0.17001870398307384,PM2.5 single-pollutant,age_10 + sex + race_ethnicity + charlson_score + index_year_f + acs_pct_poverty + acs_pct_unemployed + acs_pct_no_vehicle + acs_pct_nonwhite + acs_median_household_income_10k + acs_pct_bachelor_plus
UCMC,PM2.5,Q3,8.850210054715468,Death,2,23.75,0.17031695906572886,PM2.5 single-pollutant,age_10 + sex + race_ethnicity + charlson_score + index_year_f + acs_pct_poverty + acs_pct_unemployed + acs_pct_no_vehicle + acs_pct_nonwhite + acs_median_household_income_10k + acs_pct_bachelor_plus
UCMC,PM2.5,Q3,8.850210054715468,Death,2,24,0.1705158125676174,PM2.5 single-pollutant,age_10 + sex + race_ethnicity + charlson_score + index_year_f + acs_pct_poverty + acs_pct_unemployed + acs_pct_no_vehicle + acs_pct_nonwhite + acs_median_household_income_10k + acs_pct_bachelor_plus
UCMC,PM2.5,Q3,8.850210054715468,Death,2,24.25,0.1705158125676174,PM2.5 single-pollutant,age_10 + sex + race_ethnicity + charlson_score + index_year_f + acs_pct_poverty + acs_pct_unemployed + acs_pct_no_vehicle + acs_pct_nonwhite + acs_median_household_income_10k + acs_pct_bachelor_plus
UCMC,PM2.5,Q3,8.850210054715468,Death,2,24.5,0.17091355705546896,PM2.5 single-pollutant,age_10 + sex + race_ethnicity + charlson_score + index_year_f + acs_pct_poverty + acs_pct_unemployed + acs_pct_no_vehicle + acs_pct_nonwhite + acs_median_household_income_10k + acs_pct_bachelor_plus
UCMC,PM2.5,Q3,8.850210054715468,Death,2,24.75,0.17101299817299553,PM2.5 single-pollutant,age_10 + sex + race_ethnicity + charlson_score + index_year_f + acs_pct_poverty + acs_pct_unemployed + acs_pct_no_vehicle + acs_pct_nonwhite + acs_median_household_income_10k + acs_pct_bachelor_plus
UCMC,PM2.5,Q3,8.850210054715468,Death,2,25,0.17131133870919757,PM2.5 single-pollutant,age_10 + sex + race_ethnicity + charlson_score + index_year_f + acs_pct_poverty + acs_pct_unemployed + acs_pct_no_vehicle + acs_pct_nonwhite + acs_median_household_income_10k + acs_pct_bachelor_plus
UCMC,PM2.5,Q3,8.850210054715468,Death,2,25.25,0.17131133870919757,PM2.5 single-pollutant,age_10 + sex + race_ethnicity + charlson_score + index_year_f + acs_pct_poverty + acs_pct_unemployed + acs_pct_no_vehicle + acs_pct_nonwhite + acs_median_household_income_10k + acs_pct_bachelor_plus
UCMC,PM2.5,Q3,8.850210054715468,Death,2,25.5,0.17141078468182924,PM2.5 single-pollutant,age_10 + sex + race_ethnicity + charlson_score + index_year_f + acs_pct_poverty + acs_pct_unemployed + acs_pct_no_vehicle + acs_pct_nonwhite + acs_median_household_income_10k + acs_pct_bachelor_plus
UCMC,PM2.5,Q3,8.850210054715468,Death,2,25.75,0.17151023003471555,PM2.5 single-pollutant,age_10 + sex + race_ethnicity + charlson_score + index_year_f + acs_pct_poverty + acs_pct_unemployed + acs_pct_no_vehicle + acs_pct_nonwhite + acs_median_household_income_10k + acs_pct_bachelor_plus
UCMC,PM2.5,Q3,8.850210054715468,Death,2,26,0.1718085797468456,PM2.5 single-pollutant,age_10 + sex + race_ethnicity + charlson_score + index_year_f + acs_pct_poverty + acs_pct_unemployed + acs_pct_no_vehicle + acs_pct_nonwhite + acs_median_household_income_10k + acs_pct_bachelor_plus
UCMC,PM2.5,Q3,8.850210054715468,Death,2,26.25,0.1718085797468456,PM2.5 single-pollutant,age_10 + sex + race_ethnicity + charlson_score + index_year_f + acs_pct_poverty + acs_pct_unemployed + acs_pct_no_vehicle + acs_pct_nonwhite + acs_median_household_income_10k + acs_pct_bachelor_plus
UCMC,PM2.5,Q3,8.850210054715468,Death,2,26.5,0.17190803079502703,PM2.5 single-pollutant,age_10 + sex + race_ethnicity + charlson_score + index_year_f + acs_pct_poverty + acs_pct_unemployed + acs_pct_no_vehicle + acs_pct_nonwhite + acs_median_household_income_10k + acs_pct_bachelor_plus
UCMC,PM2.5,Q3,8.850210054715468,Death,2,26.75,0.17210694209187327,PM2.5 single-pollutant,age_10 + sex + race_ethnicity + charlson_score + index_year_f + acs_pct_poverty + acs_pct_unemployed + acs_pct_no_vehicle + acs_pct_nonwhite + acs_median_household_income_10k + acs_pct_bachelor_plus
UCMC,PM2.5,Q3,8.850210054715468,Death,2,27,0.17210694209187327,PM2.5 single-pollutant,age_10 + sex + race_ethnicity + charlson_score + index_year_f + acs_pct_poverty + acs_pct_unemployed + acs_pct_no_vehicle + acs_pct_nonwhite + acs_median_household_income_10k + acs_pct_bachelor_plus
UCMC,PM2.5,Q3,8.850210054715468,Death,2,27.25,0.17230586771368772,PM2.5 single-pollutant,age_10 + sex + race_ethnicity + charlson_score + index_year_f + acs_pct_poverty + acs_pct_unemployed + acs_pct_no_vehicle + acs_pct_nonwhite + acs_median_household_income_10k + acs_pct_bachelor_plus
UCMC,PM2.5,Q3,8.850210054715468,Death,2,27.5,0.17240532864328295,PM2.5 single-pollutant,age_10 + sex + race_ethnicity + charlson_score + index_year_f + acs_pct_poverty + acs_pct_unemployed + acs_pct_no_vehicle + acs_pct_nonwhite + acs_median_household_income_10k + acs_pct_bachelor_plus
UCMC,PM2.5,Q3,8.850210054715468,Death,2,27.75,0.17250479424975795,PM2.5 single-pollutant,age_10 + sex + race_ethnicity + charlson_score + index_year_f + acs_pct_poverty + acs_pct_unemployed + acs_pct_no_vehicle + acs_pct_nonwhite + acs_median_household_income_10k + acs_pct_bachelor_plus
UCMC,PM2.5,Q3,8.850210054715468,Death,2,28,0.17250479424975795,PM2.5 single-pollutant,age_10 + sex + race_ethnicity + charlson_score + index_year_f + acs_pct_poverty + acs_pct_unemployed + acs_pct_no_vehicle + acs_pct_nonwhite + acs_median_household_income_10k + acs_pct_bachelor_plus
UCMC,PM2.5,Q4,9.654820511370527,Death,2,0,0,PM2.5 single-pollutant,age_10 + sex + race_ethnicity + charlson_score + index_year_f + acs_pct_poverty + acs_pct_unemployed + acs_pct_no_vehicle + acs_pct_nonwhite + acs_median_household_income_10k + acs_pct_bachelor_plus
UCMC,PM2.5,Q4,9.654820511370527,Death,2,0.25,0.0012343856572530898,PM2.5 single-pollutant,age_10 + sex + race_ethnicity + charlson_score + index_year_f + acs_pct_poverty + acs_pct_unemployed + acs_pct_no_vehicle + acs_pct_nonwhite + acs_median_household_income_10k + acs_pct_bachelor_plus
UCMC,PM2.5,Q4,9.654820511370527,Death,2,0.5,0.0040118199486280925,PM2.5 single-pollutant,age_10 + sex + race_ethnicity + charlson_score + index_year_f + acs_pct_poverty + acs_pct_unemployed + acs_pct_no_vehicle + acs_pct_nonwhite + acs_median_household_income_10k + acs_pct_bachelor_plus
UCMC,PM2.5,Q4,9.654820511370527,Death,2,0.75,0.007202336618884697,PM2.5 single-pollutant,age_10 + sex + race_ethnicity + charlson_score + index_year_f + acs_pct_poverty + acs_pct_unemployed + acs_pct_no_vehicle + acs_pct_nonwhite + acs_median_household_income_10k + acs_pct_bachelor_plus
UCMC,PM2.5,Q4,9.654820511370527,Death,2,1,0.011527932827863019,PM2.5 single-pollutant,age_10 + sex + race_ethnicity + charlson_score + index_year_f + acs_pct_poverty + acs_pct_unemployed + acs_pct_no_vehicle + acs_pct_nonwhite + acs_median_household_income_10k + acs_pct_bachelor_plus
UCMC,PM2.5,Q4,9.654820511370527,Death,2,1.25,0.020291223904919442,PM2.5 single-pollutant,age_10 + sex + race_ethnicity + charlson_score + index_year_f + acs_pct_poverty + acs_pct_unemployed + acs_pct_no_vehicle + acs_pct_nonwhite + acs_median_household_income_10k + acs_pct_bachelor_plus
UCMC,PM2.5,Q4,9.654820511370527,Death,2,1.5,0.028238331121460902,PM2.5 single-pollutant,age_10 + sex + race_ethnicity + charlson_score + index_year_f + acs_pct_poverty + acs_pct_unemployed + acs_pct_no_vehicle + acs_pct_nonwhite + acs_median_household_income_10k + acs_pct_bachelor_plus
UCMC,PM2.5,Q4,9.654820511370527,Death,2,1.75,0.034851218068148615,PM2.5 single-pollutant,age_10 + sex + race_ethnicity + charlson_score + index_year_f + acs_pct_poverty + acs_pct_unemployed + acs_pct_no_vehicle + acs_pct_nonwhite + acs_median_household_income_10k + acs_pct_bachelor_plus
UCMC,PM2.5,Q4,9.654820511370527,Death,2,2,0.04146893105272231,PM2.5 single-pollutant,age_10 + sex + race_ethnicity + charlson_score + index_year_f + acs_pct_poverty + acs_pct_unemployed + acs_pct_no_vehicle + acs_pct_nonwhite + acs_median_household_income_10k + acs_pct_bachelor_plus
UCMC,PM2.5,Q4,9.654820511370527,Death,2,2.25,0.04974892032063827,PM2.5 single-pollutant,age_10 + sex + race_ethnicity + charlson_score + index_year_f + acs_pct_poverty + acs_pct_unemployed + acs_pct_no_vehicle + acs_pct_nonwhite + acs_median_household_income_10k + acs_pct_bachelor_plus
UCMC,PM2.5,Q4,9.654820511370527,Death,2,2.5,0.057205745556139775,PM2.5 single-pollutant,age_10 + sex + race_ethnicity + charlson_score + index_year_f + acs_pct_poverty + acs_pct_unemployed + acs_pct_no_vehicle + acs_pct_nonwhite + acs_median_household_income_10k + acs_pct_bachelor_plus
UCMC,PM2.5,Q4,9.654820511370527,Death,2,2.75,0.06332275920281794,PM2.5 single-pollutant,age_10 + sex + race_ethnicity + charlson_score + index_year_f + acs_pct_poverty + acs_pct_unemployed + acs_pct_no_vehicle + acs_pct_nonwhite + acs_median_household_income_10k + acs_pct_bachelor_plus
UCMC,PM2.5,Q4,9.654820511370527,Death,2,3,0.06903207500111552,PM2.5 single-pollutant,age_10 + sex + race_ethnicity + charlson_score + index_year_f + acs_pct_poverty + acs_pct_unemployed + acs_pct_no_vehicle + acs_pct_nonwhite + acs_median_household_income_10k + acs_pct_bachelor_plus
UCMC,PM2.5,Q4,9.654820511370527,Death,2,3.25,0.07547884580835862,PM2.5 single-pollutant,age_10 + sex + race_ethnicity + charlson_score + index_year_f + acs_pct_poverty + acs_pct_unemployed + acs_pct_no_vehicle + acs_pct_nonwhite + acs_median_household_income_10k + acs_pct_bachelor_plus
UCMC,PM2.5,Q4,9.654820511370527,Death,2,3.5,0.08005908574452425,PM2.5 single-pollutant,age_10 + sex + race_ethnicity + charlson_score + index_year_f + acs_pct_poverty + acs_pct_unemployed + acs_pct_no_vehicle + acs_pct_nonwhite + acs_median_household_income_10k + acs_pct_bachelor_plus
UCMC,PM2.5,Q4,9.654820511370527,Death,2,3.75,0.08422623909034177,PM2.5 single-pollutant,age_10 + sex + race_ethnicity + charlson_score + index_year_f + acs_pct_poverty + acs_pct_unemployed + acs_pct_no_vehicle + acs_pct_nonwhite + acs_median_household_income_10k + acs_pct_bachelor_plus
UCMC,PM2.5,Q4,9.654820511370527,Death,2,4,0.08975113050109396,PM2.5 single-pollutant,age_10 + sex + race_ethnicity + charlson_score + index_year_f + acs_pct_poverty + acs_pct_unemployed + acs_pct_no_vehicle + acs_pct_nonwhite + acs_median_household_income_10k + acs_pct_bachelor_plus
UCMC,PM2.5,Q4,9.654820511370527,Death,2,4.25,0.09340022524523162,PM2.5 single-pollutant,age_10 + sex + race_ethnicity + charlson_score + index_year_f + acs_pct_poverty + acs_pct_unemployed + acs_pct_no_vehicle + acs_pct_nonwhite + acs_median_household_income_10k + acs_pct_bachelor_plus
UCMC,PM2.5,Q4,9.654820511370527,Death,2,4.5,0.09788486262161677,PM2.5 single-pollutant,age_10 + sex + race_ethnicity + charlson_score + index_year_f + acs_pct_poverty + acs_pct_unemployed + acs_pct_no_vehicle + acs_pct_nonwhite + acs_median_household_income_10k + acs_pct_bachelor_plus
UCMC,PM2.5,Q4,9.654820511370527,Death,2,4.75,0.10195562528883606,PM2.5 single-pollutant,age_10 + sex + race_ethnicity + charlson_score + index_year_f + acs_pct_poverty + acs_pct_unemployed + acs_pct_no_vehicle + acs_pct_nonwhite + acs_median_household_income_10k + acs_pct_bachelor_plus
UCMC,PM2.5,Q4,9.654820511370527,Death,2,5,0.10529834489164236,PM2.5 single-pollutant,age_10 + sex + race_ethnicity + charlson_score + index_year_f + acs_pct_poverty + acs_pct_unemployed + acs_pct_no_vehicle + acs_pct_nonwhite + acs_median_household_income_10k + acs_pct_bachelor_plus
UCMC,PM2.5,Q4,9.654820511370527,Death,2,5.25,0.10895634910744223,PM2.5 single-pollutant,age_10 + sex + race_ethnicity + charlson_score + index_year_f + acs_pct_poverty + acs_pct_unemployed + acs_pct_no_vehicle + acs_pct_nonwhite + acs_median_household_income_10k + acs_pct_bachelor_plus
UCMC,PM2.5,Q4,9.654820511370527,Death,2,5.5,0.11209387426224382,PM2.5 single-pollutant,age_10 + sex + race_ethnicity + charlson_score + index_year_f + acs_pct_poverty + acs_pct_unemployed + acs_pct_no_vehicle + acs_pct_nonwhite + acs_median_household_income_10k + acs_pct_bachelor_plus
UCMC,PM2.5,Q4,9.654820511370527,Death,2,5.75,0.11586228588014602,PM2.5 single-pollutant,age_10 + sex + race_ethnicity + charlson_score + index_year_f + acs_pct_poverty + acs_pct_unemployed + acs_pct_no_vehicle + acs_pct_nonwhite + acs_median_household_income_10k + acs_pct_bachelor_plus
UCMC,PM2.5,Q4,9.654820511370527,Death,2,6,0.1190042033931965,PM2.5 single-pollutant,age_10 + sex + race_ethnicity + charlson_score + index_year_f + acs_pct_poverty + acs_pct_unemployed + acs_pct_no_vehicle + acs_pct_nonwhite + acs_median_household_income_10k + acs_pct_bachelor_plus
UCMC,PM2.5,Q4,9.654820511370527,Death,2,6.25,0.12193824759077743,PM2.5 single-pollutant,age_10 + sex + race_ethnicity + charlson_score + index_year_f + acs_pct_poverty + acs_pct_unemployed + acs_pct_no_vehicle + acs_pct_nonwhite + acs_median_household_income_10k + acs_pct_bachelor_plus
UCMC,PM2.5,Q4,9.654820511370527,Death,2,6.5,0.12424448925938081,PM2.5 single-pollutant,age_10 + sex + race_ethnicity + charlson_score + index_year_f + acs_pct_poverty + acs_pct_unemployed + acs_pct_no_vehicle + acs_pct_nonwhite + acs_median_household_income_10k + acs_pct_bachelor_plus
UCMC,PM2.5,Q4,9.654820511370527,Death,2,6.75,0.12686585803439698,PM2.5 single-pollutant,age_10 + sex + race_ethnicity + charlson_score + index_year_f + acs_pct_poverty + acs_pct_unemployed + acs_pct_no_vehicle + acs_pct_nonwhite + acs_median_household_income_10k + acs_pct_bachelor_plus
UCMC,PM2.5,Q4,9.654820511370527,Death,2,7,0.12927714490811626,PM2.5 single-pollutant,age_10 + sex + race_ethnicity + charlson_score + index_year_f + acs_pct_poverty + acs_pct_unemployed + acs_pct_no_vehicle + acs_pct_nonwhite + acs_median_household_income_10k + acs_pct_bachelor_plus
UCMC,PM2.5,Q4,9.654820511370527,Death,2,7.25,0.1314794233338188,PM2.5 single-pollutant,age_10 + sex + race_ethnicity + charlson_score + index_year_f + acs_pct_poverty + acs_pct_unemployed + acs_pct_no_vehicle + acs_pct_nonwhite + acs_median_household_income_10k + acs_pct_bachelor_plus
UCMC,PM2.5,Q4,9.654820511370527,Death,2,7.5,0.13515025681212167,PM2.5 single-pollutant,age_10 + sex + race_ethnicity + charlson_score + index_year_f + acs_pct_poverty + acs_pct_unemployed + acs_pct_no_vehicle + acs_pct_nonwhite + acs_median_household_income_10k + acs_pct_bachelor_plus
UCMC,PM2.5,Q4,9.654820511370527,Death,2,7.75,0.13672419078320508,PM2.5 single-pollutant,age_10 + sex + race_ethnicity + charlson_score + index_year_f + acs_pct_poverty + acs_pct_unemployed + acs_pct_no_vehicle + acs_pct_nonwhite + acs_median_household_income_10k + acs_pct_bachelor_plus
UCMC,PM2.5,Q4,9.654820511370527,Death,2,8,0.13882297298448387,PM2.5 single-pollutant,age_10 + sex + race_ethnicity + charlson_score + index_year_f + acs_pct_poverty + acs_pct_unemployed + acs_pct_no_vehicle + acs_pct_nonwhite + acs_median_household_income_10k + acs_pct_bachelor_plus
UCMC,PM2.5,Q4,9.654820511370527,Death,2,8.25,0.1410265610876651,PM2.5 single-pollutant,age_10 + sex + race_ethnicity + charlson_score + index_year_f + acs_pct_poverty + acs_pct_unemployed + acs_pct_no_vehicle + acs_pct_nonwhite + acs_median_household_income_10k + acs_pct_bachelor_plus
UCMC,PM2.5,Q4,9.654820511370527,Death,2,8.5,0.14260116539559753,PM2.5 single-pollutant,age_10 + sex + race_ethnicity + charlson_score + index_year_f + acs_pct_poverty + acs_pct_unemployed + acs_pct_no_vehicle + acs_pct_nonwhite + acs_median_household_income_10k + acs_pct_bachelor_plus
UCMC,PM2.5,Q4,9.654820511370527,Death,2,8.75,0.14407112561601432,PM2.5 single-pollutant,age_10 + sex + race_ethnicity + charlson_score + index_year_f + acs_pct_poverty + acs_pct_unemployed + acs_pct_no_vehicle + acs_pct_nonwhite + acs_median_household_income_10k + acs_pct_bachelor_plus
UCMC,PM2.5,Q4,9.654820511370527,Death,2,9,0.1461709796435322,PM2.5 single-pollutant,age_10 + sex + race_ethnicity + charlson_score + index_year_f + acs_pct_poverty + acs_pct_unemployed + acs_pct_no_vehicle + acs_pct_nonwhite + acs_median_household_income_10k + acs_pct_bachelor_plus
UCMC,PM2.5,Q4,9.654820511370527,Death,2,9.25,0.1477462987008471,PM2.5 single-pollutant,age_10 + sex + race_ethnicity + charlson_score + index_year_f + acs_pct_poverty + acs_pct_unemployed + acs_pct_no_vehicle + acs_pct_nonwhite + acs_median_household_income_10k + acs_pct_bachelor_plus
UCMC,PM2.5,Q4,9.654820511370527,Death,2,9.5,0.1492168767878137,PM2.5 single-pollutant,age_10 + sex + race_ethnicity + charlson_score + index_year_f + acs_pct_poverty + acs_pct_unemployed + acs_pct_no_vehicle + acs_pct_nonwhite + acs_median_household_income_10k + acs_pct_bachelor_plus
UCMC,PM2.5,Q4,9.654820511370527,Death,2,9.75,0.1501624327305916,PM2.5 single-pollutant,age_10 + sex + race_ethnicity + charlson_score + index_year_f + acs_pct_poverty + acs_pct_unemployed + acs_pct_no_vehicle + acs_pct_nonwhite + acs_median_household_income_10k + acs_pct_bachelor_plus
UCMC,PM2.5,Q4,9.654820511370527,Death,2,10,0.15163377445757675,PM2.5 single-pollutant,age_10 + sex + race_ethnicity + charlson_score + index_year_f + acs_pct_poverty + acs_pct_unemployed + acs_pct_no_vehicle + acs_pct_nonwhite + acs_median_household_income_10k + acs_pct_bachelor_plus
UCMC,PM2.5,Q4,9.654820511370527,Death,2,10.25,0.15321069376874252,PM2.5 single-pollutant,age_10 + sex + race_ethnicity + charlson_score + index_year_f + acs_pct_poverty + acs_pct_unemployed + acs_pct_no_vehicle + acs_pct_nonwhite + acs_median_household_income_10k + acs_pct_bachelor_plus
UCMC,PM2.5,Q4,9.654820511370527,Death,2,10.5,0.15457771604462678,PM2.5 single-pollutant,age_10 + sex + race_ethnicity + charlson_score + index_year_f + acs_pct_poverty + acs_pct_unemployed + acs_pct_no_vehicle + acs_pct_nonwhite + acs_median_household_income_10k + acs_pct_bachelor_plus
UCMC,PM2.5,Q4,9.654820511370527,Death,2,10.75,0.1555240861535927,PM2.5 single-pollutant,age_10 + sex + race_ethnicity + charlson_score + index_year_f + acs_pct_poverty + acs_pct_unemployed + acs_pct_no_vehicle + acs_pct_nonwhite + acs_median_household_income_10k + acs_pct_bachelor_plus
UCMC,PM2.5,Q4,9.654820511370527,Death,2,11,0.15678605797683554,PM2.5 single-pollutant,age_10 + sex + race_ethnicity + charlson_score + index_year_f + acs_pct_poverty + acs_pct_unemployed + acs_pct_no_vehicle + acs_pct_nonwhite + acs_median_household_income_10k + acs_pct_bachelor_plus
UCMC,PM2.5,Q4,9.654820511370527,Death,2,11.25,0.15794330497786424,PM2.5 single-pollutant,age_10 + sex + race_ethnicity + charlson_score + index_year_f + acs_pct_poverty + acs_pct_unemployed + acs_pct_no_vehicle + acs_pct_nonwhite + acs_median_household_income_10k + acs_pct_bachelor_plus
UCMC,PM2.5,Q4,9.654820511370527,Death,2,11.5,0.1587850341273681,PM2.5 single-pollutant,age_10 + sex + race_ethnicity + charlson_score + index_year_f + acs_pct_poverty + acs_pct_unemployed + acs_pct_no_vehicle + acs_pct_nonwhite + acs_median_household_income_10k + acs_pct_bachelor_plus
UCMC,PM2.5,Q4,9.654820511370527,Death,2,11.75,0.16004791086886472,PM2.5 single-pollutant,age_10 + sex + race_ethnicity + charlson_score + index_year_f + acs_pct_poverty + acs_pct_unemployed + acs_pct_no_vehicle + acs_pct_nonwhite + acs_median_household_income_10k + acs_pct_bachelor_plus
UCMC,PM2.5,Q4,9.654820511370527,Death,2,12,0.16089002478633685,PM2.5 single-pollutant,age_10 + sex + race_ethnicity + charlson_score + index_year_f + acs_pct_poverty + acs_pct_unemployed + acs_pct_no_vehicle + acs_pct_nonwhite + acs_median_household_income_10k + acs_pct_bachelor_plus
UCMC,PM2.5,Q4,9.654820511370527,Death,2,12.25,0.1622593368644586,PM2.5 single-pollutant,age_10 + sex + race_ethnicity + charlson_score + index_year_f + acs_pct_poverty + acs_pct_unemployed + acs_pct_no_vehicle + acs_pct_nonwhite + acs_median_household_income_10k + acs_pct_bachelor_plus
UCMC,PM2.5,Q4,9.654820511370527,Death,2,12.5,0.16289142024974546,PM2.5 single-pollutant,age_10 + sex + race_ethnicity + charlson_score + index_year_f + acs_pct_poverty + acs_pct_unemployed + acs_pct_no_vehicle + acs_pct_nonwhite + acs_median_household_income_10k + acs_pct_bachelor_plus
UCMC,PM2.5,Q4,9.654820511370527,Death,2,12.75,0.16352356267210866,PM2.5 single-pollutant,age_10 + sex + race_ethnicity + charlson_score + index_year_f + acs_pct_poverty + acs_pct_unemployed + acs_pct_no_vehicle + acs_pct_nonwhite + acs_median_household_income_10k + acs_pct_bachelor_plus
UCMC,PM2.5,Q4,9.654820511370527,Death,2,13,0.16478791668904347,PM2.5 single-pollutant,age_10 + sex + race_ethnicity + charlson_score + index_year_f + acs_pct_poverty + acs_pct_unemployed + acs_pct_no_vehicle + acs_pct_nonwhite + acs_median_household_income_10k + acs_pct_bachelor_plus
UCMC,PM2.5,Q4,9.654820511370527,Death,2,13.25,0.16573623079585642,PM2.5 single-pollutant,age_10 + sex + race_ethnicity + charlson_score + index_year_f + acs_pct_poverty + acs_pct_unemployed + acs_pct_no_vehicle + acs_pct_nonwhite + acs_median_household_income_10k + acs_pct_bachelor_plus
UCMC,PM2.5,Q4,9.654820511370527,Death,2,13.5,0.16615768493979055,PM2.5 single-pollutant,age_10 + sex + race_ethnicity + charlson_score + index_year_f + acs_pct_poverty + acs_pct_unemployed + acs_pct_no_vehicle + acs_pct_nonwhite + acs_median_household_income_10k + acs_pct_bachelor_plus
UCMC,PM2.5,Q4,9.654820511370527,Death,2,13.75,0.16657918628831703,PM2.5 single-pollutant,age_10 + sex + race_ethnicity + charlson_score + index_year_f + acs_pct_poverty + acs_pct_unemployed + acs_pct_no_vehicle + acs_pct_nonwhite + acs_median_household_income_10k + acs_pct_bachelor_plus
UCMC,PM2.5,Q4,9.654820511370527,Death,2,14,0.1670006569298773,PM2.5 single-pollutant,age_10 + sex + race_ethnicity + charlson_score + index_year_f + acs_pct_poverty + acs_pct_unemployed + acs_pct_no_vehicle + acs_pct_nonwhite + acs_median_household_income_10k + acs_pct_bachelor_plus
UCMC,PM2.5,Q4,9.654820511370527,Death,2,14.25,0.1677382341079876,PM2.5 single-pollutant,age_10 + sex + race_ethnicity + charlson_score + index_year_f + acs_pct_poverty + acs_pct_unemployed + acs_pct_no_vehicle + acs_pct_nonwhite + acs_median_household_income_10k + acs_pct_bachelor_plus
UCMC,PM2.5,Q4,9.654820511370527,Death,2,14.5,0.16879200158138796,PM2.5 single-pollutant,age_10 + sex + race_ethnicity + charlson_score + index_year_f + acs_pct_poverty + acs_pct_unemployed + acs_pct_no_vehicle + acs_pct_nonwhite + acs_median_household_income_10k + acs_pct_bachelor_plus
UCMC,PM2.5,Q4,9.654820511370527,Death,2,14.75,0.16952963362229778,PM2.5 single-pollutant,age_10 + sex + race_ethnicity + charlson_score + index_year_f + acs_pct_poverty + acs_pct_unemployed + acs_pct_no_vehicle + acs_pct_nonwhite + acs_median_household_income_10k + acs_pct_bachelor_plus
UCMC,PM2.5,Q4,9.654820511370527,Death,2,15,0.1699511518249679,PM2.5 single-pollutant,age_10 + sex + race_ethnicity + charlson_score + index_year_f + acs_pct_poverty + acs_pct_unemployed + acs_pct_no_vehicle + acs_pct_nonwhite + acs_median_household_income_10k + acs_pct_bachelor_plus
UCMC,PM2.5,Q4,9.654820511370527,Death,2,15.25,0.1703726973125249,PM2.5 single-pollutant,age_10 + sex + race_ethnicity + charlson_score + index_year_f + acs_pct_poverty + acs_pct_unemployed + acs_pct_no_vehicle + acs_pct_nonwhite + acs_median_household_income_10k + acs_pct_bachelor_plus
UCMC,PM2.5,Q4,9.654820511370527,Death,2,15.5,0.1707942644577981,PM2.5 single-pollutant,age_10 + sex + race_ethnicity + charlson_score + index_year_f + acs_pct_poverty + acs_pct_unemployed + acs_pct_no_vehicle + acs_pct_nonwhite + acs_median_household_income_10k + acs_pct_bachelor_plus
UCMC,PM2.5,Q4,9.654820511370527,Death,2,15.75,0.17163750707753578,PM2.5 single-pollutant,age_10 + sex + race_ethnicity + charlson_score + index_year_f + acs_pct_poverty + acs_pct_unemployed + acs_pct_no_vehicle + acs_pct_nonwhite + acs_median_household_income_10k + acs_pct_bachelor_plus
UCMC,PM2.5,Q4,9.654820511370527,Death,2,16,0.17216459223657032,PM2.5 single-pollutant,age_10 + sex + race_ethnicity + charlson_score + index_year_f + acs_pct_poverty + acs_pct_unemployed + acs_pct_no_vehicle + acs_pct_nonwhite + acs_median_household_income_10k + acs_pct_bachelor_plus
UCMC,PM2.5,Q4,9.654820511370527,Death,2,16.25,0.17279714567528326,PM2.5 single-pollutant,age_10 + sex + race_ethnicity + charlson_score + index_year_f + acs_pct_poverty + acs_pct_unemployed + acs_pct_no_vehicle + acs_pct_nonwhite + acs_median_household_income_10k + acs_pct_bachelor_plus
UCMC,PM2.5,Q4,9.654820511370527,Death,2,16.5,0.17321887476275877,PM2.5 single-pollutant,age_10 + sex + race_ethnicity + charlson_score + index_year_f + acs_pct_poverty + acs_pct_unemployed + acs_pct_no_vehicle + acs_pct_nonwhite + acs_median_household_income_10k + acs_pct_bachelor_plus
UCMC,PM2.5,Q4,9.654820511370527,Death,2,16.75,0.17374610682150715,PM2.5 single-pollutant,age_10 + sex + race_ethnicity + charlson_score + index_year_f + acs_pct_poverty + acs_pct_unemployed + acs_pct_no_vehicle + acs_pct_nonwhite + acs_median_household_income_10k + acs_pct_bachelor_plus
UCMC,PM2.5,Q4,9.654820511370527,Death,2,17,0.17406243544855837,PM2.5 single-pollutant,age_10 + sex + race_ethnicity + charlson_score + index_year_f + acs_pct_poverty + acs_pct_unemployed + acs_pct_no_vehicle + acs_pct_nonwhite + acs_median_household_income_10k + acs_pct_bachelor_plus
UCMC,PM2.5,Q4,9.654820511370527,Death,2,17.25,0.17469506830235226,PM2.5 single-pollutant,age_10 + sex + race_ethnicity + charlson_score + index_year_f + acs_pct_poverty + acs_pct_unemployed + acs_pct_no_vehicle + acs_pct_nonwhite + acs_median_household_income_10k + acs_pct_bachelor_plus
UCMC,PM2.5,Q4,9.654820511370527,Death,2,17.5,0.17522235210718595,PM2.5 single-pollutant,age_10 + sex + race_ethnicity + charlson_score + index_year_f + acs_pct_poverty + acs_pct_unemployed + acs_pct_no_vehicle + acs_pct_nonwhite + acs_median_household_income_10k + acs_pct_bachelor_plus
UCMC,PM2.5,Q4,9.654820511370527,Death,2,17.75,0.17564420380274126,PM2.5 single-pollutant,age_10 + sex + race_ethnicity + charlson_score + index_year_f + acs_pct_poverty + acs_pct_unemployed + acs_pct_no_vehicle + acs_pct_nonwhite + acs_median_household_income_10k + acs_pct_bachelor_plus
UCMC,PM2.5,Q4,9.654820511370527,Death,2,18,0.1758551286567165,PM2.5 single-pollutant,age_10 + sex + race_ethnicity + charlson_score + index_year_f + acs_pct_poverty + acs_pct_unemployed + acs_pct_no_vehicle + acs_pct_nonwhite + acs_median_household_income_10k + acs_pct_bachelor_plus
UCMC,PM2.5,Q4,9.654820511370527,Death,2,18.25,0.17638240321897825,PM2.5 single-pollutant,age_10 + sex + race_ethnicity + charlson_score + index_year_f + acs_pct_poverty + acs_pct_unemployed + acs_pct_no_vehicle + acs_pct_nonwhite + acs_median_household_income_10k + acs_pct_bachelor_plus
UCMC,PM2.5,Q4,9.654820511370527,Death,2,18.5,0.17669874173915134,PM2.5 single-pollutant,age_10 + sex + race_ethnicity + charlson_score + index_year_f + acs_pct_poverty + acs_pct_unemployed + acs_pct_no_vehicle + acs_pct_nonwhite + acs_median_household_income_10k + acs_pct_bachelor_plus
UCMC,PM2.5,Q4,9.654820511370527,Death,2,18.75,0.17701509662279025,PM2.5 single-pollutant,age_10 + sex + race_ethnicity + charlson_score + index_year_f + acs_pct_poverty + acs_pct_unemployed + acs_pct_no_vehicle + acs_pct_nonwhite + acs_median_household_income_10k + acs_pct_bachelor_plus
UCMC,PM2.5,Q4,9.654820511370527,Death,2,19,0.17743688965868987,PM2.5 single-pollutant,age_10 + sex + race_ethnicity + charlson_score + index_year_f + acs_pct_poverty + acs_pct_unemployed + acs_pct_no_vehicle + acs_pct_nonwhite + acs_median_household_income_10k + acs_pct_bachelor_plus
UCMC,PM2.5,Q4,9.654820511370527,Death,2,19.25,0.17806954777882744,PM2.5 single-pollutant,age_10 + sex + race_ethnicity + charlson_score + index_year_f + acs_pct_poverty + acs_pct_unemployed + acs_pct_no_vehicle + acs_pct_nonwhite + acs_median_household_income_10k + acs_pct_bachelor_plus
UCMC,PM2.5,Q4,9.654820511370527,Death,2,19.5,0.1783858696646703,PM2.5 single-pollutant,age_10 + sex + race_ethnicity + charlson_score + index_year_f + acs_pct_poverty + acs_pct_unemployed + acs_pct_no_vehicle + acs_pct_nonwhite + acs_median_household_income_10k + acs_pct_bachelor_plus
UCMC,PM2.5,Q4,9.654820511370527,Death,2,19.75,0.17880760113541883,PM2.5 single-pollutant,age_10 + sex + race_ethnicity + charlson_score + index_year_f + acs_pct_poverty + acs_pct_unemployed + acs_pct_no_vehicle + acs_pct_nonwhite + acs_median_household_income_10k + acs_pct_bachelor_plus
UCMC,PM2.5,Q4,9.654820511370527,Death,2,20,0.17901847759246348,PM2.5 single-pollutant,age_10 + sex + race_ethnicity + charlson_score + index_year_f + acs_pct_poverty + acs_pct_unemployed + acs_pct_no_vehicle + acs_pct_nonwhite + acs_median_household_income_10k + acs_pct_bachelor_plus
UCMC,PM2.5,Q4,9.654820511370527,Death,2,20.25,0.17922936411268175,PM2.5 single-pollutant,age_10 + sex + race_ethnicity + charlson_score + index_year_f + acs_pct_poverty + acs_pct_unemployed + acs_pct_no_vehicle + acs_pct_nonwhite + acs_median_household_income_10k + acs_pct_bachelor_plus
UCMC,PM2.5,Q4,9.654820511370527,Death,2,20.5,0.17944025227608196,PM2.5 single-pollutant,age_10 + sex + race_ethnicity + charlson_score + index_year_f + acs_pct_poverty + acs_pct_unemployed + acs_pct_no_vehicle + acs_pct_nonwhite + acs_median_household_income_10k + acs_pct_bachelor_plus
UCMC,PM2.5,Q4,9.654820511370527,Death,2,20.75,0.1798620750697093,PM2.5 single-pollutant,age_10 + sex + race_ethnicity + charlson_score + index_year_f + acs_pct_poverty + acs_pct_unemployed + acs_pct_no_vehicle + acs_pct_nonwhite + acs_median_household_income_10k + acs_pct_bachelor_plus
UCMC,PM2.5,Q4,9.654820511370527,Death,2,21,0.18028398764782505,PM2.5 single-pollutant,age_10 + sex + race_ethnicity + charlson_score + index_year_f + acs_pct_poverty + acs_pct_unemployed + acs_pct_no_vehicle + acs_pct_nonwhite + acs_median_household_income_10k + acs_pct_bachelor_plus
UCMC,PM2.5,Q4,9.654820511370527,Death,2,21.25,0.18028398764782505,PM2.5 single-pollutant,age_10 + sex + race_ethnicity + charlson_score + index_year_f + acs_pct_poverty + acs_pct_unemployed + acs_pct_no_vehicle + acs_pct_nonwhite + acs_median_household_income_10k + acs_pct_bachelor_plus
UCMC,PM2.5,Q4,9.654820511370527,Death,2,21.5,0.1808114250980708,PM2.5 single-pollutant,age_10 + sex + race_ethnicity + charlson_score + index_year_f + acs_pct_poverty + acs_pct_unemployed + acs_pct_no_vehicle + acs_pct_nonwhite + acs_median_household_income_10k + acs_pct_bachelor_plus
UCMC,PM2.5,Q4,9.654820511370527,Death,2,21.75,0.18091690560281415,PM2.5 single-pollutant,age_10 + sex + race_ethnicity + charlson_score + index_year_f + acs_pct_poverty + acs_pct_unemployed + acs_pct_no_vehicle + acs_pct_nonwhite + acs_median_household_income_10k + acs_pct_bachelor_plus
UCMC,PM2.5,Q4,9.654820511370527,Death,2,22,0.18102238256313552,PM2.5 single-pollutant,age_10 + sex + race_ethnicity + charlson_score + index_year_f + acs_pct_poverty + acs_pct_unemployed + acs_pct_no_vehicle + acs_pct_nonwhite + acs_median_household_income_10k + acs_pct_bachelor_plus
UCMC,PM2.5,Q4,9.654820511370527,Death,2,22.25,0.18102238256313552,PM2.5 single-pollutant,age_10 + sex + race_ethnicity + charlson_score + index_year_f + acs_pct_poverty + acs_pct_unemployed + acs_pct_no_vehicle + acs_pct_nonwhite + acs_median_household_income_10k + acs_pct_bachelor_plus
UCMC,PM2.5,Q4,9.654820511370527,Death,2,22.5,0.18112785329044812,PM2.5 single-pollutant,age_10 + sex + race_ethnicity + charlson_score + index_year_f + acs_pct_poverty + acs_pct_unemployed + acs_pct_no_vehicle + acs_pct_nonwhite + acs_median_household_income_10k + acs_pct_bachelor_plus
UCMC,PM2.5,Q4,9.654820511370527,Death,2,22.75,0.1813388152518982,PM2.5 single-pollutant,age_10 + sex + race_ethnicity + charlson_score + index_year_f + acs_pct_poverty + acs_pct_unemployed + acs_pct_no_vehicle + acs_pct_nonwhite + acs_median_household_income_10k + acs_pct_bachelor_plus
UCMC,PM2.5,Q4,9.654820511370527,Death,2,23,0.1815497953636046,PM2.5 single-pollutant,age_10 + sex + race_ethnicity + charlson_score + index_year_f + acs_pct_poverty + acs_pct_unemployed + acs_pct_no_vehicle + acs_pct_nonwhite + acs_median_household_income_10k + acs_pct_bachelor_plus
UCMC,PM2.5,Q4,9.654820511370527,Death,2,23.25,0.1815497953636046,PM2.5 single-pollutant,age_10 + sex + race_ethnicity + charlson_score + index_year_f + acs_pct_poverty + acs_pct_unemployed + acs_pct_no_vehicle + acs_pct_nonwhite + acs_median_household_income_10k + acs_pct_bachelor_plus
UCMC,PM2.5,Q4,9.654820511370527,Death,2,23.5,0.18176079052775107,PM2.5 single-pollutant,age_10 + sex + race_ethnicity + charlson_score + index_year_f + acs_pct_poverty + acs_pct_unemployed + acs_pct_no_vehicle + acs_pct_nonwhite + acs_median_household_income_10k + acs_pct_bachelor_plus
UCMC,PM2.5,Q4,9.654820511370527,Death,2,23.75,0.18207730361441865,PM2.5 single-pollutant,age_10 + sex + race_ethnicity + charlson_score + index_year_f + acs_pct_poverty + acs_pct_unemployed + acs_pct_no_vehicle + acs_pct_nonwhite + acs_median_household_income_10k + acs_pct_bachelor_plus
UCMC,PM2.5,Q4,9.654820511370527,Death,2,24,0.1822883253127463,PM2.5 single-pollutant,age_10 + sex + race_ethnicity + charlson_score + index_year_f + acs_pct_poverty + acs_pct_unemployed + acs_pct_no_vehicle + acs_pct_nonwhite + acs_median_household_income_10k + acs_pct_bachelor_plus
UCMC,PM2.5,Q4,9.654820511370527,Death,2,24.25,0.1822883253127463,PM2.5 single-pollutant,age_10 + sex + race_ethnicity + charlson_score + index_year_f + acs_pct_poverty + acs_pct_unemployed + acs_pct_no_vehicle + acs_pct_nonwhite + acs_median_household_income_10k + acs_pct_bachelor_plus
UCMC,PM2.5,Q4,9.654820511370527,Death,2,24.5,0.18271039688065227,PM2.5 single-pollutant,age_10 + sex + race_ethnicity + charlson_score + index_year_f + acs_pct_poverty + acs_pct_unemployed + acs_pct_no_vehicle + acs_pct_nonwhite + acs_median_household_income_10k + acs_pct_bachelor_plus
UCMC,PM2.5,Q4,9.654820511370527,Death,2,24.75,0.18281591765485816,PM2.5 single-pollutant,age_10 + sex + race_ethnicity + charlson_score + index_year_f + acs_pct_poverty + acs_pct_unemployed + acs_pct_no_vehicle + acs_pct_nonwhite + acs_median_household_income_10k + acs_pct_bachelor_plus
UCMC,PM2.5,Q4,9.654820511370527,Death,2,25,0.18313249240383855,PM2.5 single-pollutant,age_10 + sex + race_ethnicity + charlson_score + index_year_f + acs_pct_poverty + acs_pct_unemployed + acs_pct_no_vehicle + acs_pct_nonwhite + acs_median_household_income_10k + acs_pct_bachelor_plus
UCMC,PM2.5,Q4,9.654820511370527,Death,2,25.25,0.18313249240383855,PM2.5 single-pollutant,age_10 + sex + race_ethnicity + charlson_score + index_year_f + acs_pct_poverty + acs_pct_unemployed + acs_pct_no_vehicle + acs_pct_nonwhite + acs_median_household_income_10k + acs_pct_bachelor_plus
UCMC,PM2.5,Q4,9.654820511370527,Death,2,25.5,0.18323801445774435,PM2.5 single-pollutant,age_10 + sex + race_ethnicity + charlson_score + index_year_f + acs_pct_poverty + acs_pct_unemployed + acs_pct_no_vehicle + acs_pct_nonwhite + acs_median_household_income_10k + acs_pct_bachelor_plus
UCMC,PM2.5,Q4,9.654820511370527,Death,2,25.75,0.18334353488572053,PM2.5 single-pollutant,age_10 + sex + race_ethnicity + charlson_score + index_year_f + acs_pct_poverty + acs_pct_unemployed + acs_pct_no_vehicle + acs_pct_nonwhite + acs_median_household_income_10k + acs_pct_bachelor_plus
UCMC,PM2.5,Q4,9.654820511370527,Death,2,26,0.18366010484577489,PM2.5 single-pollutant,age_10 + sex + race_ethnicity + charlson_score + index_year_f + acs_pct_poverty + acs_pct_unemployed + acs_pct_no_vehicle + acs_pct_nonwhite + acs_median_household_income_10k + acs_pct_bachelor_plus
UCMC,PM2.5,Q4,9.654820511370527,Death,2,26.25,0.18366010484577489,PM2.5 single-pollutant,age_10 + sex + race_ethnicity + charlson_score + index_year_f + acs_pct_poverty + acs_pct_unemployed + acs_pct_no_vehicle + acs_pct_nonwhite + acs_median_household_income_10k + acs_pct_bachelor_plus
UCMC,PM2.5,Q4,9.654820511370527,Death,2,26.5,0.18376562744225222,PM2.5 single-pollutant,age_10 + sex + race_ethnicity + charlson_score + index_year_f + acs_pct_poverty + acs_pct_unemployed + acs_pct_no_vehicle + acs_pct_nonwhite + acs_median_household_income_10k + acs_pct_bachelor_plus
UCMC,PM2.5,Q4,9.654820511370527,Death,2,26.75,0.18397667949016472,PM2.5 single-pollutant,age_10 + sex + race_ethnicity + charlson_score + index_year_f + acs_pct_poverty + acs_pct_unemployed + acs_pct_no_vehicle + acs_pct_nonwhite + acs_median_household_income_10k + acs_pct_bachelor_plus
UCMC,PM2.5,Q4,9.654820511370527,Death,2,27,0.18397667949016472,PM2.5 single-pollutant,age_10 + sex + race_ethnicity + charlson_score + index_year_f + acs_pct_poverty + acs_pct_unemployed + acs_pct_no_vehicle + acs_pct_nonwhite + acs_median_household_income_10k + acs_pct_bachelor_plus
UCMC,PM2.5,Q4,9.654820511370527,Death,2,27.25,0.18418774285989425,PM2.5 single-pollutant,age_10 + sex + race_ethnicity + charlson_score + index_year_f + acs_pct_poverty + acs_pct_unemployed + acs_pct_no_vehicle + acs_pct_nonwhite + acs_median_household_income_10k + acs_pct_bachelor_plus
UCMC,PM2.5,Q4,9.654820511370527,Death,2,27.5,0.18429327109431248,PM2.5 single-pollutant,age_10 + sex + race_ethnicity + charlson_score + index_year_f + acs_pct_poverty + acs_pct_unemployed + acs_pct_no_vehicle + acs_pct_nonwhite + acs_median_household_income_10k + acs_pct_bachelor_plus
UCMC,PM2.5,Q4,9.654820511370527,Death,2,27.75,0.184398803321147,PM2.5 single-pollutant,age_10 + sex + race_ethnicity + charlson_score + index_year_f + acs_pct_poverty + acs_pct_unemployed + acs_pct_no_vehicle + acs_pct_nonwhite + acs_median_household_income_10k + acs_pct_bachelor_plus
UCMC,PM2.5,Q4,9.654820511370527,Death,2,28,0.184398803321147,PM2.5 single-pollutant,age_10 + sex + race_ethnicity + charlson_score + index_year_f + acs_pct_poverty + acs_pct_unemployed + acs_pct_no_vehicle + acs_pct_nonwhite + acs_median_household_income_10k + acs_pct_bachelor_plus
UCMC,PM2.5,Q1,7.5266162057717665,Persistent RF,3,0,0,PM2.5 single-pollutant,age_10 + sex + race_ethnicity + charlson_score + index_year_f + acs_pct_poverty + acs_pct_unemployed + acs_pct_no_vehicle + acs_pct_nonwhite + acs_median_household_income_10k + acs_pct_bachelor_plus
UCMC,PM2.5,Q1,7.5266162057717665,Persistent RF,3,0.25,1.0464547860322693e-4,PM2.5 single-pollutant,age_10 + sex + race_ethnicity + charlson_score + index_year_f + acs_pct_poverty + acs_pct_unemployed + acs_pct_no_vehicle + acs_pct_nonwhite + acs_median_household_income_10k + acs_pct_bachelor_plus
UCMC,PM2.5,Q1,7.5266162057717665,Persistent RF,3,0.5,3.139332785675464e-4,PM2.5 single-pollutant,age_10 + sex + race_ethnicity + charlson_score + index_year_f + acs_pct_poverty + acs_pct_unemployed + acs_pct_no_vehicle + acs_pct_nonwhite + acs_median_household_income_10k + acs_pct_bachelor_plus
UCMC,PM2.5,Q1,7.5266162057717665,Persistent RF,3,0.75,7.325091789284199e-4,PM2.5 single-pollutant,age_10 + sex + race_ethnicity + charlson_score + index_year_f + acs_pct_poverty + acs_pct_unemployed + acs_pct_no_vehicle + acs_pct_nonwhite + acs_median_household_income_10k + acs_pct_bachelor_plus
UCMC,PM2.5,Q1,7.5266162057717665,Persistent RF,3,1,0.001569664946800109,PM2.5 single-pollutant,age_10 + sex + race_ethnicity + charlson_score + index_year_f + acs_pct_poverty + acs_pct_unemployed + acs_pct_no_vehicle + acs_pct_nonwhite + acs_median_household_income_10k + acs_pct_bachelor_plus
UCMC,PM2.5,Q1,7.5266162057717665,Persistent RF,3,1.25,0.014436172794096591,PM2.5 single-pollutant,age_10 + sex + race_ethnicity + charlson_score + index_year_f + acs_pct_poverty + acs_pct_unemployed + acs_pct_no_vehicle + acs_pct_nonwhite + acs_median_household_income_10k + acs_pct_bachelor_plus
UCMC,PM2.5,Q1,7.5266162057717665,Persistent RF,3,1.5,0.047884260279193014,PM2.5 single-pollutant,age_10 + sex + race_ethnicity + charlson_score + index_year_f + acs_pct_poverty + acs_pct_unemployed + acs_pct_no_vehicle + acs_pct_nonwhite + acs_median_household_income_10k + acs_pct_bachelor_plus
UCMC,PM2.5,Q1,7.5266162057717665,Persistent RF,3,1.75,0.06825857815369851,PM2.5 single-pollutant,age_10 + sex + race_ethnicity + charlson_score + index_year_f + acs_pct_poverty + acs_pct_unemployed + acs_pct_no_vehicle + acs_pct_nonwhite + acs_median_household_income_10k + acs_pct_bachelor_plus
UCMC,PM2.5,Q1,7.5266162057717665,Persistent RF,3,2,0.09584598158718904,PM2.5 single-pollutant,age_10 + sex + race_ethnicity + charlson_score + index_year_f + acs_pct_poverty + acs_pct_unemployed + acs_pct_no_vehicle + acs_pct_nonwhite + acs_median_household_income_10k + acs_pct_bachelor_plus
UCMC,PM2.5,Q1,7.5266162057717665,Persistent RF,3,2.25,0.13917627644436603,PM2.5 single-pollutant,age_10 + sex + race_ethnicity + charlson_score + index_year_f + acs_pct_poverty + acs_pct_unemployed + acs_pct_no_vehicle + acs_pct_nonwhite + acs_median_household_income_10k + acs_pct_bachelor_plus
UCMC,PM2.5,Q1,7.5266162057717665,Persistent RF,3,2.5,0.17078420409841677,PM2.5 single-pollutant,age_10 + sex + race_ethnicity + charlson_score + index_year_f + acs_pct_poverty + acs_pct_unemployed + acs_pct_no_vehicle + acs_pct_nonwhite + acs_median_household_income_10k + acs_pct_bachelor_plus
UCMC,PM2.5,Q1,7.5266162057717665,Persistent RF,3,2.75,0.18496438326695996,PM2.5 single-pollutant,age_10 + sex + race_ethnicity + charlson_score + index_year_f + acs_pct_poverty + acs_pct_unemployed + acs_pct_no_vehicle + acs_pct_nonwhite + acs_median_household_income_10k + acs_pct_bachelor_plus
UCMC,PM2.5,Q1,7.5266162057717665,Persistent RF,3,3,0.19789445654068172,PM2.5 single-pollutant,age_10 + sex + race_ethnicity + charlson_score + index_year_f + acs_pct_poverty + acs_pct_unemployed + acs_pct_no_vehicle + acs_pct_nonwhite + acs_median_household_income_10k + acs_pct_bachelor_plus
UCMC,PM2.5,Q1,7.5266162057717665,Persistent RF,3,3.25,0.21061988746321814,PM2.5 single-pollutant,age_10 + sex + race_ethnicity + charlson_score + index_year_f + acs_pct_poverty + acs_pct_unemployed + acs_pct_no_vehicle + acs_pct_nonwhite + acs_median_household_income_10k + acs_pct_bachelor_plus
UCMC,PM2.5,Q1,7.5266162057717665,Persistent RF,3,3.5,0.22188649597424137,PM2.5 single-pollutant,age_10 + sex + race_ethnicity + charlson_score + index_year_f + acs_pct_poverty + acs_pct_unemployed + acs_pct_no_vehicle + acs_pct_nonwhite + acs_median_household_income_10k + acs_pct_bachelor_plus
UCMC,PM2.5,Q1,7.5266162057717665,Persistent RF,3,3.75,0.22783439152270246,PM2.5 single-pollutant,age_10 + sex + race_ethnicity + charlson_score + index_year_f + acs_pct_poverty + acs_pct_unemployed + acs_pct_no_vehicle + acs_pct_nonwhite + acs_median_household_income_10k + acs_pct_bachelor_plus
UCMC,PM2.5,Q1,7.5266162057717665,Persistent RF,3,4,0.23420022210913505,PM2.5 single-pollutant,age_10 + sex + race_ethnicity + charlson_score + index_year_f + acs_pct_poverty + acs_pct_unemployed + acs_pct_no_vehicle + acs_pct_nonwhite + acs_median_household_income_10k + acs_pct_bachelor_plus
UCMC,PM2.5,Q1,7.5266162057717665,Persistent RF,3,4.25,0.2408799070919998,PM2.5 single-pollutant,age_10 + sex + race_ethnicity + charlson_score + index_year_f + acs_pct_poverty + acs_pct_unemployed + acs_pct_no_vehicle + acs_pct_nonwhite + acs_median_household_income_10k + acs_pct_bachelor_plus
UCMC,PM2.5,Q1,7.5266162057717665,Persistent RF,3,4.5,0.24557725290270582,PM2.5 single-pollutant,age_10 + sex + race_ethnicity + charlson_score + index_year_f + acs_pct_poverty + acs_pct_unemployed + acs_pct_no_vehicle + acs_pct_nonwhite + acs_median_household_income_10k + acs_pct_bachelor_plus
UCMC,PM2.5,Q1,7.5266162057717665,Persistent RF,3,4.75,0.24923146151888453,PM2.5 single-pollutant,age_10 + sex + race_ethnicity + charlson_score + index_year_f + acs_pct_poverty + acs_pct_unemployed + acs_pct_no_vehicle + acs_pct_nonwhite + acs_median_household_income_10k + acs_pct_bachelor_plus
UCMC,PM2.5,Q1,7.5266162057717665,Persistent RF,3,5,0.2522599663606474,PM2.5 single-pollutant,age_10 + sex + race_ethnicity + charlson_score + index_year_f + acs_pct_poverty + acs_pct_unemployed + acs_pct_no_vehicle + acs_pct_nonwhite + acs_median_household_income_10k + acs_pct_bachelor_plus
UCMC,PM2.5,Q1,7.5266162057717665,Persistent RF,3,5.25,0.2554977532173702,PM2.5 single-pollutant,age_10 + sex + race_ethnicity + charlson_score + index_year_f + acs_pct_poverty + acs_pct_unemployed + acs_pct_no_vehicle + acs_pct_nonwhite + acs_median_household_income_10k + acs_pct_bachelor_plus
UCMC,PM2.5,Q1,7.5266162057717665,Persistent RF,3,5.5,0.2573774664732865,PM2.5 single-pollutant,age_10 + sex + race_ethnicity + charlson_score + index_year_f + acs_pct_poverty + acs_pct_unemployed + acs_pct_no_vehicle + acs_pct_nonwhite + acs_median_household_income_10k + acs_pct_bachelor_plus
UCMC,PM2.5,Q1,7.5266162057717665,Persistent RF,3,5.75,0.25967472364148814,PM2.5 single-pollutant,age_10 + sex + race_ethnicity + charlson_score + index_year_f + acs_pct_poverty + acs_pct_unemployed + acs_pct_no_vehicle + acs_pct_nonwhite + acs_median_household_income_10k + acs_pct_bachelor_plus
UCMC,PM2.5,Q1,7.5266162057717665,Persistent RF,3,6,0.26259902864583506,PM2.5 single-pollutant,age_10 + sex + race_ethnicity + charlson_score + index_year_f + acs_pct_poverty + acs_pct_unemployed + acs_pct_no_vehicle + acs_pct_nonwhite + acs_median_household_income_10k + acs_pct_bachelor_plus
UCMC,PM2.5,Q1,7.5266162057717665,Persistent RF,3,6.25,0.26500122259242975,PM2.5 single-pollutant,age_10 + sex + race_ethnicity + charlson_score + index_year_f + acs_pct_poverty + acs_pct_unemployed + acs_pct_no_vehicle + acs_pct_nonwhite + acs_median_household_income_10k + acs_pct_bachelor_plus
UCMC,PM2.5,Q1,7.5266162057717665,Persistent RF,3,6.5,0.267194813930938,PM2.5 single-pollutant,age_10 + sex + race_ethnicity + charlson_score + index_year_f + acs_pct_poverty + acs_pct_unemployed + acs_pct_no_vehicle + acs_pct_nonwhite + acs_median_household_income_10k + acs_pct_bachelor_plus
UCMC,PM2.5,Q1,7.5266162057717665,Persistent RF,3,6.75,0.26928416724243864,PM2.5 single-pollutant,age_10 + sex + race_ethnicity + charlson_score + index_year_f + acs_pct_poverty + acs_pct_unemployed + acs_pct_no_vehicle + acs_pct_nonwhite + acs_median_household_income_10k + acs_pct_bachelor_plus
UCMC,PM2.5,Q1,7.5266162057717665,Persistent RF,3,7,0.27106020148054466,PM2.5 single-pollutant,age_10 + sex + race_ethnicity + charlson_score + index_year_f + acs_pct_poverty + acs_pct_unemployed + acs_pct_no_vehicle + acs_pct_nonwhite + acs_median_household_income_10k + acs_pct_bachelor_plus
UCMC,PM2.5,Q1,7.5266162057717665,Persistent RF,3,7.25,0.2723139083877608,PM2.5 single-pollutant,age_10 + sex + race_ethnicity + charlson_score + index_year_f + acs_pct_poverty + acs_pct_unemployed + acs_pct_no_vehicle + acs_pct_nonwhite + acs_median_household_income_10k + acs_pct_bachelor_plus
UCMC,PM2.5,Q1,7.5266162057717665,Persistent RF,3,7.5,0.2734631532245122,PM2.5 single-pollutant,age_10 + sex + race_ethnicity + charlson_score + index_year_f + acs_pct_poverty + acs_pct_unemployed + acs_pct_no_vehicle + acs_pct_nonwhite + acs_median_household_income_10k + acs_pct_bachelor_plus
UCMC,PM2.5,Q1,7.5266162057717665,Persistent RF,3,7.75,0.2745080376373157,PM2.5 single-pollutant,age_10 + sex + race_ethnicity + charlson_score + index_year_f + acs_pct_poverty + acs_pct_unemployed + acs_pct_no_vehicle + acs_pct_nonwhite + acs_median_household_income_10k + acs_pct_bachelor_plus
UCMC,PM2.5,Q1,7.5266162057717665,Persistent RF,3,8,0.27576192865326565,PM2.5 single-pollutant,age_10 + sex + race_ethnicity + charlson_score + index_year_f + acs_pct_poverty + acs_pct_unemployed + acs_pct_no_vehicle + acs_pct_nonwhite + acs_median_household_income_10k + acs_pct_bachelor_plus
UCMC,PM2.5,Q1,7.5266162057717665,Persistent RF,3,8.25,0.27670227820691695,PM2.5 single-pollutant,age_10 + sex + race_ethnicity + charlson_score + index_year_f + acs_pct_poverty + acs_pct_unemployed + acs_pct_no_vehicle + acs_pct_nonwhite + acs_median_household_income_10k + acs_pct_bachelor_plus
UCMC,PM2.5,Q1,7.5266162057717665,Persistent RF,3,8.5,0.2782694958049451,PM2.5 single-pollutant,age_10 + sex + race_ethnicity + charlson_score + index_year_f + acs_pct_poverty + acs_pct_unemployed + acs_pct_no_vehicle + acs_pct_nonwhite + acs_median_household_income_10k + acs_pct_bachelor_plus
UCMC,PM2.5,Q1,7.5266162057717665,Persistent RF,3,8.75,0.2794187864967159,PM2.5 single-pollutant,age_10 + sex + race_ethnicity + charlson_score + index_year_f + acs_pct_poverty + acs_pct_unemployed + acs_pct_no_vehicle + acs_pct_nonwhite + acs_median_household_income_10k + acs_pct_bachelor_plus
UCMC,PM2.5,Q1,7.5266162057717665,Persistent RF,3,9,0.28015017768407247,PM2.5 single-pollutant,age_10 + sex + race_ethnicity + charlson_score + index_year_f + acs_pct_poverty + acs_pct_unemployed + acs_pct_no_vehicle + acs_pct_nonwhite + acs_median_household_income_10k + acs_pct_bachelor_plus
UCMC,PM2.5,Q1,7.5266162057717665,Persistent RF,3,9.25,0.28129956415131585,PM2.5 single-pollutant,age_10 + sex + race_ethnicity + charlson_score + index_year_f + acs_pct_poverty + acs_pct_unemployed + acs_pct_no_vehicle + acs_pct_nonwhite + acs_median_household_income_10k + acs_pct_bachelor_plus
UCMC,PM2.5,Q1,7.5266162057717665,Persistent RF,3,9.5,0.28182202198495376,PM2.5 single-pollutant,age_10 + sex + race_ethnicity + charlson_score + index_year_f + acs_pct_poverty + acs_pct_unemployed + acs_pct_no_vehicle + acs_pct_nonwhite + acs_median_household_income_10k + acs_pct_bachelor_plus
UCMC,PM2.5,Q1,7.5266162057717665,Persistent RF,3,9.75,0.28297135997114065,PM2.5 single-pollutant,age_10 + sex + race_ethnicity + charlson_score + index_year_f + acs_pct_poverty + acs_pct_unemployed + acs_pct_no_vehicle + acs_pct_nonwhite + acs_median_household_income_10k + acs_pct_bachelor_plus
UCMC,PM2.5,Q1,7.5266162057717665,Persistent RF,3,10,0.2838071674322372,PM2.5 single-pollutant,age_10 + sex + race_ethnicity + charlson_score + index_year_f + acs_pct_poverty + acs_pct_unemployed + acs_pct_no_vehicle + acs_pct_nonwhite + acs_median_household_income_10k + acs_pct_bachelor_plus
UCMC,PM2.5,Q1,7.5266162057717665,Persistent RF,3,10.25,0.28579225139443687,PM2.5 single-pollutant,age_10 + sex + race_ethnicity + charlson_score + index_year_f + acs_pct_poverty + acs_pct_unemployed + acs_pct_no_vehicle + acs_pct_nonwhite + acs_median_household_income_10k + acs_pct_bachelor_plus
UCMC,PM2.5,Q1,7.5266162057717665,Persistent RF,3,10.5,0.2863146353663538,PM2.5 single-pollutant,age_10 + sex + race_ethnicity + charlson_score + index_year_f + acs_pct_poverty + acs_pct_unemployed + acs_pct_no_vehicle + acs_pct_nonwhite + acs_median_household_income_10k + acs_pct_bachelor_plus
UCMC,PM2.5,Q1,7.5266162057717665,Persistent RF,3,10.75,0.2870459112529046,PM2.5 single-pollutant,age_10 + sex + race_ethnicity + charlson_score + index_year_f + acs_pct_poverty + acs_pct_unemployed + acs_pct_no_vehicle + acs_pct_nonwhite + acs_median_household_income_10k + acs_pct_bachelor_plus
UCMC,PM2.5,Q1,7.5266162057717665,Persistent RF,3,11,0.28746380288291273,PM2.5 single-pollutant,age_10 + sex + race_ethnicity + charlson_score + index_year_f + acs_pct_poverty + acs_pct_unemployed + acs_pct_no_vehicle + acs_pct_nonwhite + acs_median_household_income_10k + acs_pct_bachelor_plus
UCMC,PM2.5,Q1,7.5266162057717665,Persistent RF,3,11.25,0.28850857598624624,PM2.5 single-pollutant,age_10 + sex + race_ethnicity + charlson_score + index_year_f + acs_pct_poverty + acs_pct_unemployed + acs_pct_no_vehicle + acs_pct_nonwhite + acs_median_household_income_10k + acs_pct_bachelor_plus
UCMC,PM2.5,Q1,7.5266162057717665,Persistent RF,3,11.5,0.28934439314826,PM2.5 single-pollutant,age_10 + sex + race_ethnicity + charlson_score + index_year_f + acs_pct_poverty + acs_pct_unemployed + acs_pct_no_vehicle + acs_pct_nonwhite + acs_median_household_income_10k + acs_pct_bachelor_plus
UCMC,PM2.5,Q1,7.5266162057717665,Persistent RF,3,11.75,0.2904937228118982,PM2.5 single-pollutant,age_10 + sex + race_ethnicity + charlson_score + index_year_f + acs_pct_poverty + acs_pct_unemployed + acs_pct_no_vehicle + acs_pct_nonwhite + acs_median_household_income_10k + acs_pct_bachelor_plus
UCMC,PM2.5,Q1,7.5266162057717665,Persistent RF,3,12,0.29164312383489543,PM2.5 single-pollutant,age_10 + sex + race_ethnicity + charlson_score + index_year_f + acs_pct_poverty + acs_pct_unemployed + acs_pct_no_vehicle + acs_pct_nonwhite + acs_median_household_income_10k + acs_pct_bachelor_plus
UCMC,PM2.5,Q1,7.5266162057717665,Persistent RF,3,12.25,0.2934195795599698,PM2.5 single-pollutant,age_10 + sex + race_ethnicity + charlson_score + index_year_f + acs_pct_poverty + acs_pct_unemployed + acs_pct_no_vehicle + acs_pct_nonwhite + acs_median_household_income_10k + acs_pct_bachelor_plus
UCMC,PM2.5,Q1,7.5266162057717665,Persistent RF,3,12.5,0.2940466516663156,PM2.5 single-pollutant,age_10 + sex + race_ethnicity + charlson_score + index_year_f + acs_pct_poverty + acs_pct_unemployed + acs_pct_no_vehicle + acs_pct_nonwhite + acs_median_household_income_10k + acs_pct_bachelor_plus
UCMC,PM2.5,Q1,7.5266162057717665,Persistent RF,3,12.75,0.29436018752602233,PM2.5 single-pollutant,age_10 + sex + race_ethnicity + charlson_score + index_year_f + acs_pct_poverty + acs_pct_unemployed + acs_pct_no_vehicle + acs_pct_nonwhite + acs_median_household_income_10k + acs_pct_bachelor_plus
UCMC,PM2.5,Q1,7.5266162057717665,Persistent RF,3,13,0.29477821025293194,PM2.5 single-pollutant,age_10 + sex + race_ethnicity + charlson_score + index_year_f + acs_pct_poverty + acs_pct_unemployed + acs_pct_no_vehicle + acs_pct_nonwhite + acs_median_household_income_10k + acs_pct_bachelor_plus
UCMC,PM2.5,Q1,7.5266162057717665,Persistent RF,3,13.25,0.2953006986451733,PM2.5 single-pollutant,age_10 + sex + race_ethnicity + charlson_score + index_year_f + acs_pct_poverty + acs_pct_unemployed + acs_pct_no_vehicle + acs_pct_nonwhite + acs_median_household_income_10k + acs_pct_bachelor_plus
UCMC,PM2.5,Q1,7.5266162057717665,Persistent RF,3,13.5,0.2959276492508619,PM2.5 single-pollutant,age_10 + sex + race_ethnicity + charlson_score + index_year_f + acs_pct_poverty + acs_pct_unemployed + acs_pct_no_vehicle + acs_pct_nonwhite + acs_median_household_income_10k + acs_pct_bachelor_plus
UCMC,PM2.5,Q1,7.5266162057717665,Persistent RF,3,13.75,0.29624114783492217,PM2.5 single-pollutant,age_10 + sex + race_ethnicity + charlson_score + index_year_f + acs_pct_poverty + acs_pct_unemployed + acs_pct_no_vehicle + acs_pct_nonwhite + acs_median_household_income_10k + acs_pct_bachelor_plus
UCMC,PM2.5,Q1,7.5266162057717665,Persistent RF,3,14,0.2969726476202498,PM2.5 single-pollutant,age_10 + sex + race_ethnicity + charlson_score + index_year_f + acs_pct_poverty + acs_pct_unemployed + acs_pct_no_vehicle + acs_pct_nonwhite + acs_median_household_income_10k + acs_pct_bachelor_plus
UCMC,PM2.5,Q1,7.5266162057717665,Persistent RF,3,14.25,0.2983313000531267,PM2.5 single-pollutant,age_10 + sex + race_ethnicity + charlson_score + index_year_f + acs_pct_poverty + acs_pct_unemployed + acs_pct_no_vehicle + acs_pct_nonwhite + acs_median_household_income_10k + acs_pct_bachelor_plus
UCMC,PM2.5,Q1,7.5266162057717665,Persistent RF,3,14.5,0.29885388650168565,PM2.5 single-pollutant,age_10 + sex + race_ethnicity + charlson_score + index_year_f + acs_pct_poverty + acs_pct_unemployed + acs_pct_no_vehicle + acs_pct_nonwhite + acs_median_household_income_10k + acs_pct_bachelor_plus
UCMC,PM2.5,Q1,7.5266162057717665,Persistent RF,3,14.75,0.2992719441984567,PM2.5 single-pollutant,age_10 + sex + race_ethnicity + charlson_score + index_year_f + acs_pct_poverty + acs_pct_unemployed + acs_pct_no_vehicle + acs_pct_nonwhite + acs_median_household_income_10k + acs_pct_bachelor_plus
UCMC,PM2.5,Q1,7.5266162057717665,Persistent RF,3,15,0.2997945016068182,PM2.5 single-pollutant,age_10 + sex + race_ethnicity + charlson_score + index_year_f + acs_pct_poverty + acs_pct_unemployed + acs_pct_no_vehicle + acs_pct_nonwhite + acs_median_household_income_10k + acs_pct_bachelor_plus
UCMC,PM2.5,Q1,7.5266162057717665,Persistent RF,3,15.25,0.3004215405046423,PM2.5 single-pollutant,age_10 + sex + race_ethnicity + charlson_score + index_year_f + acs_pct_poverty + acs_pct_unemployed + acs_pct_no_vehicle + acs_pct_nonwhite + acs_median_household_income_10k + acs_pct_bachelor_plus
UCMC,PM2.5,Q1,7.5266162057717665,Persistent RF,3,15.5,0.3012575656702353,PM2.5 single-pollutant,age_10 + sex + race_ethnicity + charlson_score + index_year_f + acs_pct_poverty + acs_pct_unemployed + acs_pct_no_vehicle + acs_pct_nonwhite + acs_median_household_income_10k + acs_pct_bachelor_plus
UCMC,PM2.5,Q1,7.5266162057717665,Persistent RF,3,15.75,0.30167558965927166,PM2.5 single-pollutant,age_10 + sex + race_ethnicity + charlson_score + index_year_f + acs_pct_poverty + acs_pct_unemployed + acs_pct_no_vehicle + acs_pct_nonwhite + acs_median_household_income_10k + acs_pct_bachelor_plus
UCMC,PM2.5,Q1,7.5266162057717665,Persistent RF,3,16,0.30240709918424513,PM2.5 single-pollutant,age_10 + sex + race_ethnicity + charlson_score + index_year_f + acs_pct_poverty + acs_pct_unemployed + acs_pct_no_vehicle + acs_pct_nonwhite + acs_median_household_income_10k + acs_pct_bachelor_plus
UCMC,PM2.5,Q1,7.5266162057717665,Persistent RF,3,16.25,0.30292961254634154,PM2.5 single-pollutant,age_10 + sex + race_ethnicity + charlson_score + index_year_f + acs_pct_poverty + acs_pct_unemployed + acs_pct_no_vehicle + acs_pct_nonwhite + acs_median_household_income_10k + acs_pct_bachelor_plus
UCMC,PM2.5,Q1,7.5266162057717665,Persistent RF,3,16.5,0.303661112094911,PM2.5 single-pollutant,age_10 + sex + race_ethnicity + charlson_score + index_year_f + acs_pct_poverty + acs_pct_unemployed + acs_pct_no_vehicle + acs_pct_nonwhite + acs_median_household_income_10k + acs_pct_bachelor_plus
UCMC,PM2.5,Q1,7.5266162057717665,Persistent RF,3,16.75,0.3042880881702783,PM2.5 single-pollutant,age_10 + sex + race_ethnicity + charlson_score + index_year_f + acs_pct_poverty + acs_pct_unemployed + acs_pct_no_vehicle + acs_pct_nonwhite + acs_median_household_income_10k + acs_pct_bachelor_plus
UCMC,PM2.5,Q1,7.5266162057717665,Persistent RF,3,17,0.30481058189842003,PM2.5 single-pollutant,age_10 + sex + race_ethnicity + charlson_score + index_year_f + acs_pct_poverty + acs_pct_unemployed + acs_pct_no_vehicle + acs_pct_nonwhite + acs_median_household_income_10k + acs_pct_bachelor_plus
UCMC,PM2.5,Q1,7.5266162057717665,Persistent RF,3,17.25,0.30543759209463506,PM2.5 single-pollutant,age_10 + sex + race_ethnicity + charlson_score + index_year_f + acs_pct_poverty + acs_pct_unemployed + acs_pct_no_vehicle + acs_pct_nonwhite + acs_median_household_income_10k + acs_pct_bachelor_plus
UCMC,PM2.5,Q1,7.5266162057717665,Persistent RF,3,17.5,0.3060646195810497,PM2.5 single-pollutant,age_10 + sex + race_ethnicity + charlson_score + index_year_f + acs_pct_poverty + acs_pct_unemployed + acs_pct_no_vehicle + acs_pct_nonwhite + acs_median_household_income_10k + acs_pct_bachelor_plus
UCMC,PM2.5,Q1,7.5266162057717665,Persistent RF,3,17.75,0.30627361667797304,PM2.5 single-pollutant,age_10 + sex + race_ethnicity + charlson_score + index_year_f + acs_pct_poverty + acs_pct_unemployed + acs_pct_no_vehicle + acs_pct_nonwhite + acs_median_household_income_10k + acs_pct_bachelor_plus
UCMC,PM2.5,Q1,7.5266162057717665,Persistent RF,3,18,0.306900589829072,PM2.5 single-pollutant,age_10 + sex + race_ethnicity + charlson_score + index_year_f + acs_pct_poverty + acs_pct_unemployed + acs_pct_no_vehicle + acs_pct_nonwhite + acs_median_household_income_10k + acs_pct_bachelor_plus
UCMC,PM2.5,Q1,7.5266162057717665,Persistent RF,3,18.25,0.3083633806824475,PM2.5 single-pollutant,age_10 + sex + race_ethnicity + charlson_score + index_year_f + acs_pct_poverty + acs_pct_unemployed + acs_pct_no_vehicle + acs_pct_nonwhite + acs_median_household_income_10k + acs_pct_bachelor_plus
UCMC,PM2.5,Q1,7.5266162057717665,Persistent RF,3,18.5,0.30867684733343737,PM2.5 single-pollutant,age_10 + sex + race_ethnicity + charlson_score + index_year_f + acs_pct_poverty + acs_pct_unemployed + acs_pct_no_vehicle + acs_pct_nonwhite + acs_median_household_income_10k + acs_pct_bachelor_plus
UCMC,PM2.5,Q1,7.5266162057717665,Persistent RF,3,18.75,0.3090948091247975,PM2.5 single-pollutant,age_10 + sex + race_ethnicity + charlson_score + index_year_f + acs_pct_poverty + acs_pct_unemployed + acs_pct_no_vehicle + acs_pct_nonwhite + acs_median_household_income_10k + acs_pct_bachelor_plus
UCMC,PM2.5,Q1,7.5266162057717665,Persistent RF,3,19,0.3093037886381229,PM2.5 single-pollutant,age_10 + sex + race_ethnicity + charlson_score + index_year_f + acs_pct_poverty + acs_pct_unemployed + acs_pct_no_vehicle + acs_pct_nonwhite + acs_median_household_income_10k + acs_pct_bachelor_plus
UCMC,PM2.5,Q1,7.5266162057717665,Persistent RF,3,19.25,0.3098262608811341,PM2.5 single-pollutant,age_10 + sex + race_ethnicity + charlson_score + index_year_f + acs_pct_poverty + acs_pct_unemployed + acs_pct_no_vehicle + acs_pct_nonwhite + acs_median_household_income_10k + acs_pct_bachelor_plus
UCMC,PM2.5,Q1,7.5266162057717665,Persistent RF,3,19.5,0.31003525343592164,PM2.5 single-pollutant,age_10 + sex + race_ethnicity + charlson_score + index_year_f + acs_pct_poverty + acs_pct_unemployed + acs_pct_no_vehicle + acs_pct_nonwhite + acs_median_household_income_10k + acs_pct_bachelor_plus
UCMC,PM2.5,Q1,7.5266162057717665,Persistent RF,3,19.75,0.3104532661476873,PM2.5 single-pollutant,age_10 + sex + race_ethnicity + charlson_score + index_year_f + acs_pct_poverty + acs_pct_unemployed + acs_pct_no_vehicle + acs_pct_nonwhite + acs_median_household_income_10k + acs_pct_bachelor_plus
UCMC,PM2.5,Q1,7.5266162057717665,Persistent RF,3,20,0.31066227825028425,PM2.5 single-pollutant,age_10 + sex + race_ethnicity + charlson_score + index_year_f + acs_pct_poverty + acs_pct_unemployed + acs_pct_no_vehicle + acs_pct_nonwhite + acs_median_household_income_10k + acs_pct_bachelor_plus
UCMC,PM2.5,Q1,7.5266162057717665,Persistent RF,3,20.25,0.311393851878203,PM2.5 single-pollutant,age_10 + sex + race_ethnicity + charlson_score + index_year_f + acs_pct_poverty + acs_pct_unemployed + acs_pct_no_vehicle + acs_pct_nonwhite + acs_median_household_income_10k + acs_pct_bachelor_plus
UCMC,PM2.5,Q1,7.5266162057717665,Persistent RF,3,20.5,0.31160287201232917,PM2.5 single-pollutant,age_10 + sex + race_ethnicity + charlson_score + index_year_f + acs_pct_poverty + acs_pct_unemployed + acs_pct_no_vehicle + acs_pct_nonwhite + acs_median_household_income_10k + acs_pct_bachelor_plus
UCMC,PM2.5,Q1,7.5266162057717665,Persistent RF,3,20.75,0.31191638158843193,PM2.5 single-pollutant,age_10 + sex + race_ethnicity + charlson_score + index_year_f + acs_pct_poverty + acs_pct_unemployed + acs_pct_no_vehicle + acs_pct_nonwhite + acs_median_household_income_10k + acs_pct_bachelor_plus
UCMC,PM2.5,Q1,7.5266162057717665,Persistent RF,3,21,0.3126479271675917,PM2.5 single-pollutant,age_10 + sex + race_ethnicity + charlson_score + index_year_f + acs_pct_poverty + acs_pct_unemployed + acs_pct_no_vehicle + acs_pct_nonwhite + acs_median_household_income_10k + acs_pct_bachelor_plus
UCMC,PM2.5,Q1,7.5266162057717665,Persistent RF,3,21.25,0.313170428075361,PM2.5 single-pollutant,age_10 + sex + race_ethnicity + charlson_score + index_year_f + acs_pct_poverty + acs_pct_unemployed + acs_pct_no_vehicle + acs_pct_nonwhite + acs_median_household_income_10k + acs_pct_bachelor_plus
UCMC,PM2.5,Q1,7.5266162057717665,Persistent RF,3,21.5,0.3134839184974333,PM2.5 single-pollutant,age_10 + sex + race_ethnicity + charlson_score + index_year_f + acs_pct_poverty + acs_pct_unemployed + acs_pct_no_vehicle + acs_pct_nonwhite + acs_median_household_income_10k + acs_pct_bachelor_plus
UCMC,PM2.5,Q1,7.5266162057717665,Persistent RF,3,21.75,0.3139019333765898,PM2.5 single-pollutant,age_10 + sex + race_ethnicity + charlson_score + index_year_f + acs_pct_poverty + acs_pct_unemployed + acs_pct_no_vehicle + acs_pct_nonwhite + acs_median_household_income_10k + acs_pct_bachelor_plus
UCMC,PM2.5,Q1,7.5266162057717665,Persistent RF,3,22,0.3154694797148695,PM2.5 single-pollutant,age_10 + sex + race_ethnicity + charlson_score + index_year_f + acs_pct_poverty + acs_pct_unemployed + acs_pct_no_vehicle + acs_pct_nonwhite + acs_median_household_income_10k + acs_pct_bachelor_plus
UCMC,PM2.5,Q1,7.5266162057717665,Persistent RF,3,22.25,0.3156784783381692,PM2.5 single-pollutant,age_10 + sex + race_ethnicity + charlson_score + index_year_f + acs_pct_poverty + acs_pct_unemployed + acs_pct_no_vehicle + acs_pct_nonwhite + acs_median_household_income_10k + acs_pct_bachelor_plus
UCMC,PM2.5,Q1,7.5266162057717665,Persistent RF,3,22.5,0.31609650260978117,PM2.5 single-pollutant,age_10 + sex + race_ethnicity + charlson_score + index_year_f + acs_pct_poverty + acs_pct_unemployed + acs_pct_no_vehicle + acs_pct_nonwhite + acs_median_household_income_10k + acs_pct_bachelor_plus
UCMC,PM2.5,Q1,7.5266162057717665,Persistent RF,3,22.75,0.3163055280170838,PM2.5 single-pollutant,age_10 + sex + race_ethnicity + charlson_score + index_year_f + acs_pct_poverty + acs_pct_unemployed + acs_pct_no_vehicle + acs_pct_nonwhite + acs_median_household_income_10k + acs_pct_bachelor_plus
UCMC,PM2.5,Q1,7.5266162057717665,Persistent RF,3,23,0.31672360332951255,PM2.5 single-pollutant,age_10 + sex + race_ethnicity + charlson_score + index_year_f + acs_pct_poverty + acs_pct_unemployed + acs_pct_no_vehicle + acs_pct_nonwhite + acs_median_household_income_10k + acs_pct_bachelor_plus
UCMC,PM2.5,Q1,7.5266162057717665,Persistent RF,3,23.25,0.31714170259346297,PM2.5 single-pollutant,age_10 + sex + race_ethnicity + charlson_score + index_year_f + acs_pct_poverty + acs_pct_unemployed + acs_pct_no_vehicle + acs_pct_nonwhite + acs_median_household_income_10k + acs_pct_bachelor_plus
UCMC,PM2.5,Q1,7.5266162057717665,Persistent RF,3,23.5,0.3180824049273008,PM2.5 single-pollutant,age_10 + sex + race_ethnicity + charlson_score + index_year_f + acs_pct_poverty + acs_pct_unemployed + acs_pct_no_vehicle + acs_pct_nonwhite + acs_median_household_income_10k + acs_pct_bachelor_plus
UCMC,PM2.5,Q1,7.5266162057717665,Persistent RF,3,23.75,0.31818692254638803,PM2.5 single-pollutant,age_10 + sex + race_ethnicity + charlson_score + index_year_f + acs_pct_poverty + acs_pct_unemployed + acs_pct_no_vehicle + acs_pct_nonwhite + acs_median_household_income_10k + acs_pct_bachelor_plus
UCMC,PM2.5,Q1,7.5266162057717665,Persistent RF,3,24,0.3182914345238509,PM2.5 single-pollutant,age_10 + sex + race_ethnicity + charlson_score + index_year_f + acs_pct_poverty + acs_pct_unemployed + acs_pct_no_vehicle + acs_pct_nonwhite + acs_median_household_income_10k + acs_pct_bachelor_plus
UCMC,PM2.5,Q1,7.5266162057717665,Persistent RF,3,24.25,0.31891849912557113,PM2.5 single-pollutant,age_10 + sex + race_ethnicity + charlson_score + index_year_f + acs_pct_poverty + acs_pct_unemployed + acs_pct_no_vehicle + acs_pct_nonwhite + acs_median_household_income_10k + acs_pct_bachelor_plus
UCMC,PM2.5,Q1,7.5266162057717665,Persistent RF,3,24.5,0.319441032307071,PM2.5 single-pollutant,age_10 + sex + race_ethnicity + charlson_score + index_year_f + acs_pct_poverty + acs_pct_unemployed + acs_pct_no_vehicle + acs_pct_nonwhite + acs_median_household_income_10k + acs_pct_bachelor_plus
UCMC,PM2.5,Q1,7.5266162057717665,Persistent RF,3,24.75,0.31975456089863163,PM2.5 single-pollutant,age_10 + sex + race_ethnicity + charlson_score + index_year_f + acs_pct_poverty + acs_pct_unemployed + acs_pct_no_vehicle + acs_pct_nonwhite + acs_median_household_income_10k + acs_pct_bachelor_plus
UCMC,PM2.5,Q1,7.5266162057717665,Persistent RF,3,25,0.3198590683884902,PM2.5 single-pollutant,age_10 + sex + race_ethnicity + charlson_score + index_year_f + acs_pct_poverty + acs_pct_unemployed + acs_pct_no_vehicle + acs_pct_nonwhite + acs_median_household_income_10k + acs_pct_bachelor_plus
UCMC,PM2.5,Q1,7.5266162057717665,Persistent RF,3,25.25,0.3200680813328025,PM2.5 single-pollutant,age_10 + sex + race_ethnicity + charlson_score + index_year_f + acs_pct_poverty + acs_pct_unemployed + acs_pct_no_vehicle + acs_pct_nonwhite + acs_median_household_income_10k + acs_pct_bachelor_plus
UCMC,PM2.5,Q1,7.5266162057717665,Persistent RF,3,25.5,0.32017259024985534,PM2.5 single-pollutant,age_10 + sex + race_ethnicity + charlson_score + index_year_f + acs_pct_poverty + acs_pct_unemployed + acs_pct_no_vehicle + acs_pct_nonwhite + acs_median_household_income_10k + acs_pct_bachelor_plus
UCMC,PM2.5,Q1,7.5266162057717665,Persistent RF,3,25.75,0.3203816118500187,PM2.5 single-pollutant,age_10 + sex + race_ethnicity + charlson_score + index_year_f + acs_pct_poverty + acs_pct_unemployed + acs_pct_no_vehicle + acs_pct_nonwhite + acs_median_household_income_10k + acs_pct_bachelor_plus
UCMC,PM2.5,Q1,7.5266162057717665,Persistent RF,3,26,0.3204861234795484,PM2.5 single-pollutant,age_10 + sex + race_ethnicity + charlson_score + index_year_f + acs_pct_poverty + acs_pct_unemployed + acs_pct_no_vehicle + acs_pct_nonwhite + acs_median_household_income_10k + acs_pct_bachelor_plus
UCMC,PM2.5,Q1,7.5266162057717665,Persistent RF,3,26.25,0.3205906340988145,PM2.5 single-pollutant,age_10 + sex + race_ethnicity + charlson_score + index_year_f + acs_pct_poverty + acs_pct_unemployed + acs_pct_no_vehicle + acs_pct_nonwhite + acs_median_household_income_10k + acs_pct_bachelor_plus
UCMC,PM2.5,Q1,7.5266162057717665,Persistent RF,3,26.5,0.3206951455782576,PM2.5 single-pollutant,age_10 + sex + race_ethnicity + charlson_score + index_year_f + acs_pct_poverty + acs_pct_unemployed + acs_pct_no_vehicle + acs_pct_nonwhite + acs_median_household_income_10k + acs_pct_bachelor_plus
UCMC,PM2.5,Q1,7.5266162057717665,Persistent RF,3,26.75,0.32111317890871927,PM2.5 single-pollutant,age_10 + sex + race_ethnicity + charlson_score + index_year_f + acs_pct_poverty + acs_pct_unemployed + acs_pct_no_vehicle + acs_pct_nonwhite + acs_median_household_income_10k + acs_pct_bachelor_plus
UCMC,PM2.5,Q1,7.5266162057717665,Persistent RF,3,27,0.32111317890871927,PM2.5 single-pollutant,age_10 + sex + race_ethnicity + charlson_score + index_year_f + acs_pct_poverty + acs_pct_unemployed + acs_pct_no_vehicle + acs_pct_nonwhite + acs_median_household_income_10k + acs_pct_bachelor_plus
UCMC,PM2.5,Q1,7.5266162057717665,Persistent RF,3,27.25,0.32132220102362063,PM2.5 single-pollutant,age_10 + sex + race_ethnicity + charlson_score + index_year_f + acs_pct_poverty + acs_pct_unemployed + acs_pct_no_vehicle + acs_pct_nonwhite + acs_median_household_income_10k + acs_pct_bachelor_plus
UCMC,PM2.5,Q1,7.5266162057717665,Persistent RF,3,27.5,0.3216357261843281,PM2.5 single-pollutant,age_10 + sex + race_ethnicity + charlson_score + index_year_f + acs_pct_poverty + acs_pct_unemployed + acs_pct_no_vehicle + acs_pct_nonwhite + acs_median_household_income_10k + acs_pct_bachelor_plus
UCMC,PM2.5,Q1,7.5266162057717665,Persistent RF,3,27.75,0.3217402301304414,PM2.5 single-pollutant,age_10 + sex + race_ethnicity + charlson_score + index_year_f + acs_pct_poverty + acs_pct_unemployed + acs_pct_no_vehicle + acs_pct_nonwhite + acs_median_household_income_10k + acs_pct_bachelor_plus
UCMC,PM2.5,Q1,7.5266162057717665,Persistent RF,3,28,0.3218447346974912,PM2.5 single-pollutant,age_10 + sex + race_ethnicity + charlson_score + index_year_f + acs_pct_poverty + acs_pct_unemployed + acs_pct_no_vehicle + acs_pct_nonwhite + acs_median_household_income_10k + acs_pct_bachelor_plus
UCMC,PM2.5,Q2,8.223672812547143,Persistent RF,3,0,0,PM2.5 single-pollutant,age_10 + sex + race_ethnicity + charlson_score + index_year_f + acs_pct_poverty + acs_pct_unemployed + acs_pct_no_vehicle + acs_pct_nonwhite + acs_median_household_income_10k + acs_pct_bachelor_plus
UCMC,PM2.5,Q2,8.223672812547143,Persistent RF,3,0.25,1.0197244993137566e-4,PM2.5 single-pollutant,age_10 + sex + race_ethnicity + charlson_score + index_year_f + acs_pct_poverty + acs_pct_unemployed + acs_pct_no_vehicle + acs_pct_nonwhite + acs_median_household_income_10k + acs_pct_bachelor_plus
UCMC,PM2.5,Q2,8.223672812547143,Persistent RF,3,0.5,3.059150910624808e-4,PM2.5 single-pollutant,age_10 + sex + race_ethnicity + charlson_score + index_year_f + acs_pct_poverty + acs_pct_unemployed + acs_pct_no_vehicle + acs_pct_nonwhite + acs_median_household_income_10k + acs_pct_bachelor_plus
UCMC,PM2.5,Q2,8.223672812547143,Persistent RF,3,0.75,7.138039383425276e-4,PM2.5 single-pollutant,age_10 + sex + race_ethnicity + charlson_score + index_year_f + acs_pct_poverty + acs_pct_unemployed + acs_pct_no_vehicle + acs_pct_nonwhite + acs_median_household_income_10k + acs_pct_bachelor_plus
UCMC,PM2.5,Q2,8.223672812547143,Persistent RF,3,1,0.0015295985944665524,PM2.5 single-pollutant,age_10 + sex + race_ethnicity + charlson_score + index_year_f + acs_pct_poverty + acs_pct_unemployed + acs_pct_no_vehicle + acs_pct_nonwhite + acs_median_household_income_10k + acs_pct_bachelor_plus
UCMC,PM2.5,Q2,8.223672812547143,Persistent RF,3,1.25,0.014070008004824164,PM2.5 single-pollutant,age_10 + sex + race_ethnicity + charlson_score + index_year_f + acs_pct_poverty + acs_pct_unemployed + acs_pct_no_vehicle + acs_pct_nonwhite + acs_median_household_income_10k + acs_pct_bachelor_plus
UCMC,PM2.5,Q2,8.223672812547143,Persistent RF,3,1.5,0.04669007533134628,PM2.5 single-pollutant,age_10 + sex + race_ethnicity + charlson_score + index_year_f + acs_pct_poverty + acs_pct_unemployed + acs_pct_no_vehicle + acs_pct_nonwhite + acs_median_household_income_10k + acs_pct_bachelor_plus
UCMC,PM2.5,Q2,8.223672812547143,Persistent RF,3,1.75,0.0665743069706457,PM2.5 single-pollutant,age_10 + sex + race_ethnicity + charlson_score + index_year_f + acs_pct_poverty + acs_pct_unemployed + acs_pct_no_vehicle + acs_pct_nonwhite + acs_median_household_income_10k + acs_pct_bachelor_plus
UCMC,PM2.5,Q2,8.223672812547143,Persistent RF,3,2,0.09351587526432237,PM2.5 single-pollutant,age_10 + sex + race_ethnicity + charlson_score + index_year_f + acs_pct_poverty + acs_pct_unemployed + acs_pct_no_vehicle + acs_pct_nonwhite + acs_median_household_income_10k + acs_pct_bachelor_plus
UCMC,PM2.5,Q2,8.223672812547143,Persistent RF,3,2.25,0.1358744606066773,PM2.5 single-pollutant,age_10 + sex + race_ethnicity + charlson_score + index_year_f + acs_pct_poverty + acs_pct_unemployed + acs_pct_no_vehicle + acs_pct_nonwhite + acs_median_household_income_10k + acs_pct_bachelor_plus
UCMC,PM2.5,Q2,8.223672812547143,Persistent RF,3,2.5,0.16680779053742112,PM2.5 single-pollutant,age_10 + sex + race_ethnicity + charlson_score + index_year_f + acs_pct_poverty + acs_pct_unemployed + acs_pct_no_vehicle + acs_pct_nonwhite + acs_median_household_income_10k + acs_pct_bachelor_plus
UCMC,PM2.5,Q2,8.223672812547143,Persistent RF,3,2.75,0.18069505044472822,PM2.5 single-pollutant,age_10 + sex + race_ethnicity + charlson_score + index_year_f + acs_pct_poverty + acs_pct_unemployed + acs_pct_no_vehicle + acs_pct_nonwhite + acs_median_household_income_10k + acs_pct_bachelor_plus
UCMC,PM2.5,Q2,8.223672812547143,Persistent RF,3,3,0.19336340628355075,PM2.5 single-pollutant,age_10 + sex + race_ethnicity + charlson_score + index_year_f + acs_pct_poverty + acs_pct_unemployed + acs_pct_no_vehicle + acs_pct_nonwhite + acs_median_household_income_10k + acs_pct_bachelor_plus
UCMC,PM2.5,Q2,8.223672812547143,Persistent RF,3,3.25,0.20583635625615004,PM2.5 single-pollutant,age_10 + sex + race_ethnicity + charlson_score + index_year_f + acs_pct_poverty + acs_pct_unemployed + acs_pct_no_vehicle + acs_pct_nonwhite + acs_median_household_income_10k + acs_pct_bachelor_plus
UCMC,PM2.5,Q2,8.223672812547143,Persistent RF,3,3.5,0.2168837130868405,PM2.5 single-pollutant,age_10 + sex + race_ethnicity + charlson_score + index_year_f + acs_pct_poverty + acs_pct_unemployed + acs_pct_no_vehicle + acs_pct_nonwhite + acs_median_household_income_10k + acs_pct_bachelor_plus
UCMC,PM2.5,Q2,8.223672812547143,Persistent RF,3,3.75,0.22271750524088607,PM2.5 single-pollutant,age_10 + sex + race_ethnicity + charlson_score + index_year_f + acs_pct_poverty + acs_pct_unemployed + acs_pct_no_vehicle + acs_pct_nonwhite + acs_median_household_income_10k + acs_pct_bachelor_plus
UCMC,PM2.5,Q2,8.223672812547143,Persistent RF,3,4,0.22896248695014532,PM2.5 single-pollutant,age_10 + sex + race_ethnicity + charlson_score + index_year_f + acs_pct_poverty + acs_pct_unemployed + acs_pct_no_vehicle + acs_pct_nonwhite + acs_median_household_income_10k + acs_pct_bachelor_plus
UCMC,PM2.5,Q2,8.223672812547143,Persistent RF,3,4.25,0.23551679099800926,PM2.5 single-pollutant,age_10 + sex + race_ethnicity + charlson_score + index_year_f + acs_pct_poverty + acs_pct_unemployed + acs_pct_no_vehicle + acs_pct_nonwhite + acs_median_household_income_10k + acs_pct_bachelor_plus
UCMC,PM2.5,Q2,8.223672812547143,Persistent RF,3,4.5,0.24012684696556708,PM2.5 single-pollutant,age_10 + sex + race_ethnicity + charlson_score + index_year_f + acs_pct_poverty + acs_pct_unemployed + acs_pct_no_vehicle + acs_pct_nonwhite + acs_median_household_income_10k + acs_pct_bachelor_plus
UCMC,PM2.5,Q2,8.223672812547143,Persistent RF,3,4.75,0.2437136570310965,PM2.5 single-pollutant,age_10 + sex + race_ethnicity + charlson_score + index_year_f + acs_pct_poverty + acs_pct_unemployed + acs_pct_no_vehicle + acs_pct_nonwhite + acs_median_household_income_10k + acs_pct_bachelor_plus
UCMC,PM2.5,Q2,8.223672812547143,Persistent RF,3,5,0.24668664174454524,PM2.5 single-pollutant,age_10 + sex + race_ethnicity + charlson_score + index_year_f + acs_pct_poverty + acs_pct_unemployed + acs_pct_no_vehicle + acs_pct_nonwhite + acs_median_household_income_10k + acs_pct_bachelor_plus
UCMC,PM2.5,Q2,8.223672812547143,Persistent RF,3,5.25,0.2498654120678775,PM2.5 single-pollutant,age_10 + sex + race_ethnicity + charlson_score + index_year_f + acs_pct_poverty + acs_pct_unemployed + acs_pct_no_vehicle + acs_pct_nonwhite + acs_median_household_income_10k + acs_pct_bachelor_plus
UCMC,PM2.5,Q2,8.223672812547143,Persistent RF,3,5.5,0.2517110249106691,PM2.5 single-pollutant,age_10 + sex + race_ethnicity + charlson_score + index_year_f + acs_pct_poverty + acs_pct_unemployed + acs_pct_no_vehicle + acs_pct_nonwhite + acs_median_household_income_10k + acs_pct_bachelor_plus
UCMC,PM2.5,Q2,8.223672812547143,Persistent RF,3,5.75,0.25396676896126225,PM2.5 single-pollutant,age_10 + sex + race_ethnicity + charlson_score + index_year_f + acs_pct_poverty + acs_pct_unemployed + acs_pct_no_vehicle + acs_pct_nonwhite + acs_median_household_income_10k + acs_pct_bachelor_plus
UCMC,PM2.5,Q2,8.223672812547143,Persistent RF,3,6,0.256838488396549,PM2.5 single-pollutant,age_10 + sex + race_ethnicity + charlson_score + index_year_f + acs_pct_poverty + acs_pct_unemployed + acs_pct_no_vehicle + acs_pct_nonwhite + acs_median_household_income_10k + acs_pct_bachelor_plus
UCMC,PM2.5,Q2,8.223672812547143,Persistent RF,3,6.25,0.25919770310294465,PM2.5 single-pollutant,age_10 + sex + race_ethnicity + charlson_score + index_year_f + acs_pct_poverty + acs_pct_unemployed + acs_pct_no_vehicle + acs_pct_nonwhite + acs_median_household_income_10k + acs_pct_bachelor_plus
UCMC,PM2.5,Q2,8.223672812547143,Persistent RF,3,6.5,0.2613522194927226,PM2.5 single-pollutant,age_10 + sex + race_ethnicity + charlson_score + index_year_f + acs_pct_poverty + acs_pct_unemployed + acs_pct_no_vehicle + acs_pct_nonwhite + acs_median_household_income_10k + acs_pct_bachelor_plus
UCMC,PM2.5,Q2,8.223672812547143,Persistent RF,3,6.75,0.2634045078618358,PM2.5 single-pollutant,age_10 + sex + race_ethnicity + charlson_score + index_year_f + acs_pct_poverty + acs_pct_unemployed + acs_pct_no_vehicle + acs_pct_nonwhite + acs_median_household_income_10k + acs_pct_bachelor_plus
UCMC,PM2.5,Q2,8.223672812547143,Persistent RF,3,7,0.2651491532657607,PM2.5 single-pollutant,age_10 + sex + race_ethnicity + charlson_score + index_year_f + acs_pct_poverty + acs_pct_unemployed + acs_pct_no_vehicle + acs_pct_nonwhite + acs_median_household_income_10k + acs_pct_bachelor_plus
UCMC,PM2.5,Q2,8.223672812547143,Persistent RF,3,7.25,0.26638076808373456,PM2.5 single-pollutant,age_10 + sex + race_ethnicity + charlson_score + index_year_f + acs_pct_poverty + acs_pct_unemployed + acs_pct_no_vehicle + acs_pct_nonwhite + acs_median_household_income_10k + acs_pct_bachelor_plus
UCMC,PM2.5,Q2,8.223672812547143,Persistent RF,3,7.5,0.2675098092170579,PM2.5 single-pollutant,age_10 + sex + race_ethnicity + charlson_score + index_year_f + acs_pct_poverty + acs_pct_unemployed + acs_pct_no_vehicle + acs_pct_nonwhite + acs_median_household_income_10k + acs_pct_bachelor_plus
UCMC,PM2.5,Q2,8.223672812547143,Persistent RF,3,7.75,0.26853636417512095,PM2.5 single-pollutant,age_10 + sex + race_ethnicity + charlson_score + index_year_f + acs_pct_poverty + acs_pct_unemployed + acs_pct_no_vehicle + acs_pct_nonwhite + acs_median_household_income_10k + acs_pct_bachelor_plus
UCMC,PM2.5,Q2,8.223672812547143,Persistent RF,3,8,0.26976830918535966,PM2.5 single-pollutant,age_10 + sex + race_ethnicity + charlson_score + index_year_f + acs_pct_poverty + acs_pct_unemployed + acs_pct_no_vehicle + acs_pct_nonwhite + acs_median_household_income_10k + acs_pct_bachelor_plus
UCMC,PM2.5,Q2,8.223672812547143,Persistent RF,3,8.25,0.2706922361846894,PM2.5 single-pollutant,age_10 + sex + race_ethnicity + charlson_score + index_year_f + acs_pct_poverty + acs_pct_unemployed + acs_pct_no_vehicle + acs_pct_nonwhite + acs_median_household_income_10k + acs_pct_bachelor_plus
UCMC,PM2.5,Q2,8.223672812547143,Persistent RF,3,8.5,0.2722321516180415,PM2.5 single-pollutant,age_10 + sex + race_ethnicity + charlson_score + index_year_f + acs_pct_poverty + acs_pct_unemployed + acs_pct_no_vehicle + acs_pct_nonwhite + acs_median_household_income_10k + acs_pct_bachelor_plus
UCMC,PM2.5,Q2,8.223672812547143,Persistent RF,3,8.75,0.273361475040348,PM2.5 single-pollutant,age_10 + sex + race_ethnicity + charlson_score + index_year_f + acs_pct_poverty + acs_pct_unemployed + acs_pct_no_vehicle + acs_pct_nonwhite + acs_median_household_income_10k + acs_pct_bachelor_plus
UCMC,PM2.5,Q2,8.223672812547143,Persistent RF,3,9,0.27408018331335904,PM2.5 single-pollutant,age_10 + sex + race_ethnicity + charlson_score + index_year_f + acs_pct_poverty + acs_pct_unemployed + acs_pct_no_vehicle + acs_pct_nonwhite + acs_median_household_income_10k + acs_pct_bachelor_plus
UCMC,PM2.5,Q2,8.223672812547143,Persistent RF,3,9.25,0.2752096761894274,PM2.5 single-pollutant,age_10 + sex + race_ethnicity + charlson_score + index_year_f + acs_pct_poverty + acs_pct_unemployed + acs_pct_no_vehicle + acs_pct_nonwhite + acs_median_household_income_10k + acs_pct_bachelor_plus
UCMC,PM2.5,Q2,8.223672812547143,Persistent RF,3,9.5,0.2757231065682977,PM2.5 single-pollutant,age_10 + sex + race_ethnicity + charlson_score + index_year_f + acs_pct_poverty + acs_pct_unemployed + acs_pct_no_vehicle + acs_pct_nonwhite + acs_median_household_income_10k + acs_pct_bachelor_plus
UCMC,PM2.5,Q2,8.223672812547143,Persistent RF,3,9.75,0.27685261894270297,PM2.5 single-pollutant,age_10 + sex + race_ethnicity + charlson_score + index_year_f + acs_pct_poverty + acs_pct_unemployed + acs_pct_no_vehicle + acs_pct_nonwhite + acs_median_household_income_10k + acs_pct_bachelor_plus
UCMC,PM2.5,Q2,8.223672812547143,Persistent RF,3,10,0.2776740381076578,PM2.5 single-pollutant,age_10 + sex + race_ethnicity + charlson_score + index_year_f + acs_pct_poverty + acs_pct_unemployed + acs_pct_no_vehicle + acs_pct_nonwhite + acs_median_household_income_10k + acs_pct_bachelor_plus
UCMC,PM2.5,Q2,8.223672812547143,Persistent RF,3,10.25,0.2796250473571682,PM2.5 single-pollutant,age_10 + sex + race_ethnicity + charlson_score + index_year_f + acs_pct_poverty + acs_pct_unemployed + acs_pct_no_vehicle + acs_pct_nonwhite + acs_median_household_income_10k + acs_pct_bachelor_plus
UCMC,PM2.5,Q2,8.223672812547143,Persistent RF,3,10.5,0.2801384874191991,PM2.5 single-pollutant,age_10 + sex + race_ethnicity + charlson_score + index_year_f + acs_pct_poverty + acs_pct_unemployed + acs_pct_no_vehicle + acs_pct_nonwhite + acs_median_household_income_10k + acs_pct_bachelor_plus
UCMC,PM2.5,Q2,8.223672812547143,Persistent RF,3,10.75,0.280857259015721,PM2.5 single-pollutant,age_10 + sex + race_ethnicity + charlson_score + index_year_f + acs_pct_poverty + acs_pct_unemployed + acs_pct_no_vehicle + acs_pct_nonwhite + acs_median_household_income_10k + acs_pct_bachelor_plus
UCMC,PM2.5,Q2,8.223672812547143,Persistent RF,3,11,0.2812680134553207,PM2.5 single-pollutant,age_10 + sex + race_ethnicity + charlson_score + index_year_f + acs_pct_poverty + acs_pct_unemployed + acs_pct_no_vehicle + acs_pct_nonwhite + acs_median_household_income_10k + acs_pct_bachelor_plus
UCMC,PM2.5,Q2,8.223672812547143,Persistent RF,3,11.25,0.2822949697638557,PM2.5 single-pollutant,age_10 + sex + race_ethnicity + charlson_score + index_year_f + acs_pct_poverty + acs_pct_unemployed + acs_pct_no_vehicle + acs_pct_nonwhite + acs_median_household_income_10k + acs_pct_bachelor_plus
UCMC,PM2.5,Q2,8.223672812547143,Persistent RF,3,11.5,0.2831165612461206,PM2.5 single-pollutant,age_10 + sex + race_ethnicity + charlson_score + index_year_f + acs_pct_poverty + acs_pct_unemployed + acs_pct_no_vehicle + acs_pct_nonwhite + acs_median_household_income_10k + acs_pct_bachelor_plus
UCMC,PM2.5,Q2,8.223672812547143,Persistent RF,3,11.75,0.28424636953568183,PM2.5 single-pollutant,age_10 + sex + race_ethnicity + charlson_score + index_year_f + acs_pct_poverty + acs_pct_unemployed + acs_pct_no_vehicle + acs_pct_nonwhite + acs_median_household_income_10k + acs_pct_bachelor_plus
UCMC,PM2.5,Q2,8.223672812547143,Persistent RF,3,12,0.28537629472971593,PM2.5 single-pollutant,age_10 + sex + race_ethnicity + charlson_score + index_year_f + acs_pct_poverty + acs_pct_unemployed + acs_pct_no_vehicle + acs_pct_nonwhite + acs_median_household_income_10k + acs_pct_bachelor_plus
UCMC,PM2.5,Q2,8.223672812547143,Persistent RF,3,12.25,0.2871227417662159,PM2.5 single-pollutant,age_10 + sex + race_ethnicity + charlson_score + index_year_f + acs_pct_poverty + acs_pct_unemployed + acs_pct_no_vehicle + acs_pct_nonwhite + acs_median_household_income_10k + acs_pct_bachelor_plus
UCMC,PM2.5,Q2,8.223672812547143,Persistent RF,3,12.5,0.28773924785904326,PM2.5 single-pollutant,age_10 + sex + race_ethnicity + charlson_score + index_year_f + acs_pct_poverty + acs_pct_unemployed + acs_pct_no_vehicle + acs_pct_nonwhite + acs_median_household_income_10k + acs_pct_bachelor_plus
UCMC,PM2.5,Q2,8.223672812547143,Persistent RF,3,12.75,0.28804750596035433,PM2.5 single-pollutant,age_10 + sex + race_ethnicity + charlson_score + index_year_f + acs_pct_poverty + acs_pct_unemployed + acs_pct_no_vehicle + acs_pct_nonwhite + acs_median_household_income_10k + acs_pct_bachelor_plus
UCMC,PM2.5,Q2,8.223672812547143,Persistent RF,3,13,0.28845849754077524,PM2.5 single-pollutant,age_10 + sex + race_ethnicity + charlson_score + index_year_f + acs_pct_poverty + acs_pct_unemployed + acs_pct_no_vehicle + acs_pct_nonwhite + acs_median_household_income_10k + acs_pct_bachelor_plus
UCMC,PM2.5,Q2,8.223672812547143,Persistent RF,3,13.25,0.28897220642379695,PM2.5 single-pollutant,age_10 + sex + race_ethnicity + charlson_score + index_year_f + acs_pct_poverty + acs_pct_unemployed + acs_pct_no_vehicle + acs_pct_nonwhite + acs_median_household_income_10k + acs_pct_bachelor_plus
UCMC,PM2.5,Q2,8.223672812547143,Persistent RF,3,13.5,0.28958863505707844,PM2.5 single-pollutant,age_10 + sex + race_ethnicity + charlson_score + index_year_f + acs_pct_poverty + acs_pct_unemployed + acs_pct_no_vehicle + acs_pct_nonwhite + acs_median_household_income_10k + acs_pct_bachelor_plus
UCMC,PM2.5,Q2,8.223672812547143,Persistent RF,3,13.75,0.28989687752217175,PM2.5 single-pollutant,age_10 + sex + race_ethnicity + charlson_score + index_year_f + acs_pct_poverty + acs_pct_unemployed + acs_pct_no_vehicle + acs_pct_nonwhite + acs_median_household_income_10k + acs_pct_bachelor_plus
UCMC,PM2.5,Q2,8.223672812547143,Persistent RF,3,14,0.2906161266217119,PM2.5 single-pollutant,age_10 + sex + race_ethnicity + charlson_score + index_year_f + acs_pct_poverty + acs_pct_unemployed + acs_pct_no_vehicle + acs_pct_nonwhite + acs_median_household_income_10k + acs_pct_bachelor_plus
UCMC,PM2.5,Q2,8.223672812547143,Persistent RF,3,14.25,0.2919520759664159,PM2.5 single-pollutant,age_10 + sex + race_ethnicity + charlson_score + index_year_f + acs_pct_poverty + acs_pct_unemployed + acs_pct_no_vehicle + acs_pct_nonwhite + acs_median_household_income_10k + acs_pct_bachelor_plus
UCMC,PM2.5,Q2,8.223672812547143,Persistent RF,3,14.5,0.2924659475829048,PM2.5 single-pollutant,age_10 + sex + race_ethnicity + charlson_score + index_year_f + acs_pct_poverty + acs_pct_unemployed + acs_pct_no_vehicle + acs_pct_nonwhite + acs_median_household_income_10k + acs_pct_bachelor_plus
UCMC,PM2.5,Q2,8.223672812547143,Persistent RF,3,14.75,0.2928770406489629,PM2.5 single-pollutant,age_10 + sex + race_ethnicity + charlson_score + index_year_f + acs_pct_poverty + acs_pct_unemployed + acs_pct_no_vehicle + acs_pct_nonwhite + acs_median_household_income_10k + acs_pct_bachelor_plus
UCMC,PM2.5,Q2,8.223672812547143,Persistent RF,3,15,0.29339090132455004,PM2.5 single-pollutant,age_10 + sex + race_ethnicity + charlson_score + index_year_f + acs_pct_poverty + acs_pct_unemployed + acs_pct_no_vehicle + acs_pct_nonwhite + acs_median_household_income_10k + acs_pct_bachelor_plus
UCMC,PM2.5,Q2,8.223672812547143,Persistent RF,3,15.25,0.29400751757305243,PM2.5 single-pollutant,age_10 + sex + race_ethnicity + charlson_score + index_year_f + acs_pct_poverty + acs_pct_unemployed + acs_pct_no_vehicle + acs_pct_nonwhite + acs_median_household_income_10k + acs_pct_bachelor_plus
UCMC,PM2.5,Q2,8.223672812547143,Persistent RF,3,15.5,0.2948296682796496,PM2.5 single-pollutant,age_10 + sex + race_ethnicity + charlson_score + index_year_f + acs_pct_poverty + acs_pct_unemployed + acs_pct_no_vehicle + acs_pct_nonwhite + acs_median_household_income_10k + acs_pct_bachelor_plus
UCMC,PM2.5,Q2,8.223672812547143,Persistent RF,3,15.75,0.29524076427147694,PM2.5 single-pollutant,age_10 + sex + race_ethnicity + charlson_score + index_year_f + acs_pct_poverty + acs_pct_unemployed + acs_pct_no_vehicle + acs_pct_nonwhite + acs_median_household_income_10k + acs_pct_bachelor_plus
UCMC,PM2.5,Q2,8.223672812547143,Persistent RF,3,16,0.2959601654668921,PM2.5 single-pollutant,age_10 + sex + race_ethnicity + charlson_score + index_year_f + acs_pct_poverty + acs_pct_unemployed + acs_pct_no_vehicle + acs_pct_nonwhite + acs_median_household_income_10k + acs_pct_bachelor_plus
UCMC,PM2.5,Q2,8.223672812547143,Persistent RF,3,16.25,0.29647404171106506,PM2.5 single-pollutant,age_10 + sex + race_ethnicity + charlson_score + index_year_f + acs_pct_poverty + acs_pct_unemployed + acs_pct_no_vehicle + acs_pct_nonwhite + acs_median_household_income_10k + acs_pct_bachelor_plus
UCMC,PM2.5,Q2,8.223672812547143,Persistent RF,3,16.5,0.2971934661431982,PM2.5 single-pollutant,age_10 + sex + race_ethnicity + charlson_score + index_year_f + acs_pct_poverty + acs_pct_unemployed + acs_pct_no_vehicle + acs_pct_nonwhite + acs_median_household_income_10k + acs_pct_bachelor_plus
UCMC,PM2.5,Q2,8.223672812547143,Persistent RF,3,16.75,0.29781010787158746,PM2.5 single-pollutant,age_10 + sex + race_ethnicity + charlson_score + index_year_f + acs_pct_poverty + acs_pct_unemployed + acs_pct_no_vehicle + acs_pct_nonwhite + acs_median_household_income_10k + acs_pct_bachelor_plus
UCMC,PM2.5,Q2,8.223672812547143,Persistent RF,3,17,0.2983240002626629,PM2.5 single-pollutant,age_10 + sex + race_ethnicity + charlson_score + index_year_f + acs_pct_poverty + acs_pct_unemployed + acs_pct_no_vehicle + acs_pct_nonwhite + acs_median_household_income_10k + acs_pct_bachelor_plus
UCMC,PM2.5,Q2,8.223672812547143,Persistent RF,3,17.25,0.2989407015875635,PM2.5 single-pollutant,age_10 + sex + race_ethnicity + charlson_score + index_year_f + acs_pct_poverty + acs_pct_unemployed + acs_pct_no_vehicle + acs_pct_nonwhite + acs_median_household_income_10k + acs_pct_bachelor_plus
UCMC,PM2.5,Q2,8.223672812547143,Persistent RF,3,17.5,0.2995574341405822,PM2.5 single-pollutant,age_10 + sex + race_ethnicity + charlson_score + index_year_f + acs_pct_poverty + acs_pct_unemployed + acs_pct_no_vehicle + acs_pct_nonwhite + acs_median_household_income_10k + acs_pct_bachelor_plus
UCMC,PM2.5,Q2,8.223672812547143,Persistent RF,3,17.75,0.29976300295371416,PM2.5 single-pollutant,age_10 + sex + race_ethnicity + charlson_score + index_year_f + acs_pct_poverty + acs_pct_unemployed + acs_pct_no_vehicle + acs_pct_nonwhite + acs_median_household_income_10k + acs_pct_bachelor_plus
UCMC,PM2.5,Q2,8.223672812547143,Persistent RF,3,18,0.30037970104468203,PM2.5 single-pollutant,age_10 + sex + race_ethnicity + charlson_score + index_year_f + acs_pct_poverty + acs_pct_unemployed + acs_pct_no_vehicle + acs_pct_nonwhite + acs_median_household_income_10k + acs_pct_bachelor_plus
UCMC,PM2.5,Q2,8.223672812547143,Persistent RF,3,18.25,0.3018185745914782,PM2.5 single-pollutant,age_10 + sex + race_ethnicity + charlson_score + index_year_f + acs_pct_poverty + acs_pct_unemployed + acs_pct_no_vehicle + acs_pct_nonwhite + acs_median_household_income_10k + acs_pct_bachelor_plus
UCMC,PM2.5,Q2,8.223672812547143,Persistent RF,3,18.5,0.3021269260266488,PM2.5 single-pollutant,age_10 + sex + race_ethnicity + charlson_score + index_year_f + acs_pct_poverty + acs_pct_unemployed + acs_pct_no_vehicle + acs_pct_nonwhite + acs_median_household_income_10k + acs_pct_bachelor_plus
UCMC,PM2.5,Q2,8.223672812547143,Persistent RF,3,18.75,0.3025380729844074,PM2.5 single-pollutant,age_10 + sex + race_ethnicity + charlson_score + index_year_f + acs_pct_poverty + acs_pct_unemployed + acs_pct_no_vehicle + acs_pct_nonwhite + acs_median_household_income_10k + acs_pct_bachelor_plus
UCMC,PM2.5,Q2,8.223672812547143,Persistent RF,3,19,0.30274364748582583,PM2.5 single-pollutant,age_10 + sex + race_ethnicity + charlson_score + index_year_f + acs_pct_poverty + acs_pct_unemployed + acs_pct_no_vehicle + acs_pct_nonwhite + acs_median_household_income_10k + acs_pct_bachelor_plus
UCMC,PM2.5,Q2,8.223672812547143,Persistent RF,3,19.25,0.30325761376982086,PM2.5 single-pollutant,age_10 + sex + race_ethnicity + charlson_score + index_year_f + acs_pct_poverty + acs_pct_unemployed + acs_pct_no_vehicle + acs_pct_nonwhite + acs_median_household_income_10k + acs_pct_bachelor_plus
UCMC,PM2.5,Q2,8.223672812547143,Persistent RF,3,19.5,0.30346320666404625,PM2.5 single-pollutant,age_10 + sex + race_ethnicity + charlson_score + index_year_f + acs_pct_poverty + acs_pct_unemployed + acs_pct_no_vehicle + acs_pct_nonwhite + acs_median_household_income_10k + acs_pct_bachelor_plus
UCMC,PM2.5,Q2,8.223672812547143,Persistent RF,3,19.75,0.3038744243791429,PM2.5 single-pollutant,age_10 + sex + race_ethnicity + charlson_score + index_year_f + acs_pct_poverty + acs_pct_unemployed + acs_pct_no_vehicle + acs_pct_nonwhite + acs_median_household_income_10k + acs_pct_bachelor_plus
UCMC,PM2.5,Q2,8.223672812547143,Persistent RF,3,20,0.3040800412778477,PM2.5 single-pollutant,age_10 + sex + race_ethnicity + charlson_score + index_year_f + acs_pct_poverty + acs_pct_unemployed + acs_pct_no_vehicle + acs_pct_nonwhite + acs_median_household_income_10k + acs_pct_bachelor_plus
UCMC,PM2.5,Q2,8.223672812547143,Persistent RF,3,20.25,0.30479974373009666,PM2.5 single-pollutant,age_10 + sex + race_ethnicity + charlson_score + index_year_f + acs_pct_poverty + acs_pct_unemployed + acs_pct_no_vehicle + acs_pct_nonwhite + acs_median_household_income_10k + acs_pct_bachelor_plus
UCMC,PM2.5,Q2,8.223672812547143,Persistent RF,3,20.5,0.3050053757009885,PM2.5 single-pollutant,age_10 + sex + race_ethnicity + charlson_score + index_year_f + acs_pct_poverty + acs_pct_unemployed + acs_pct_no_vehicle + acs_pct_nonwhite + acs_median_household_income_10k + acs_pct_bachelor_plus
UCMC,PM2.5,Q2,8.223672812547143,Persistent RF,3,20.75,0.30531380635693617,PM2.5 single-pollutant,age_10 + sex + race_ethnicity + charlson_score + index_year_f + acs_pct_poverty + acs_pct_unemployed + acs_pct_no_vehicle + acs_pct_nonwhite + acs_median_household_income_10k + acs_pct_bachelor_plus
UCMC,PM2.5,Q2,8.223672812547143,Persistent RF,3,21,0.30603351471012985,PM2.5 single-pollutant,age_10 + sex + race_ethnicity + charlson_score + index_year_f + acs_pct_poverty + acs_pct_unemployed + acs_pct_no_vehicle + acs_pct_nonwhite + acs_median_household_income_10k + acs_pct_bachelor_plus
UCMC,PM2.5,Q2,8.223672812547143,Persistent RF,3,21.25,0.3065475729462873,PM2.5 single-pollutant,age_10 + sex + race_ethnicity + charlson_score + index_year_f + acs_pct_poverty + acs_pct_unemployed + acs_pct_no_vehicle + acs_pct_nonwhite + acs_median_household_income_10k + acs_pct_bachelor_plus
UCMC,PM2.5,Q2,8.223672812547143,Persistent RF,3,21.5,0.3068560027233822,PM2.5 single-pollutant,age_10 + sex + race_ethnicity + charlson_score + index_year_f + acs_pct_poverty + acs_pct_unemployed + acs_pct_no_vehicle + acs_pct_nonwhite + acs_median_household_income_10k + acs_pct_bachelor_plus
UCMC,PM2.5,Q2,8.223672812547143,Persistent RF,3,21.75,0.30726727522701525,PM2.5 single-pollutant,age_10 + sex + race_ethnicity + charlson_score + index_year_f + acs_pct_poverty + acs_pct_unemployed + acs_pct_no_vehicle + acs_pct_nonwhite + acs_median_household_income_10k + acs_pct_bachelor_plus
UCMC,PM2.5,Q2,8.223672812547143,Persistent RF,3,22,0.3088095948501106,PM2.5 single-pollutant,age_10 + sex + race_ethnicity + charlson_score + index_year_f + acs_pct_poverty + acs_pct_unemployed + acs_pct_no_vehicle + acs_pct_nonwhite + acs_median_household_income_10k + acs_pct_bachelor_plus
UCMC,PM2.5,Q2,8.223672812547143,Persistent RF,3,22.25,0.3090152368449678,PM2.5 single-pollutant,age_10 + sex + race_ethnicity + charlson_score + index_year_f + acs_pct_poverty + acs_pct_unemployed + acs_pct_no_vehicle + acs_pct_nonwhite + acs_median_household_income_10k + acs_pct_bachelor_plus
UCMC,PM2.5,Q2,8.223672812547143,Persistent RF,3,22.5,0.30942655223976234,PM2.5 single-pollutant,age_10 + sex + race_ethnicity + charlson_score + index_year_f + acs_pct_poverty + acs_pct_unemployed + acs_pct_no_vehicle + acs_pct_nonwhite + acs_median_household_income_10k + acs_pct_bachelor_plus
UCMC,PM2.5,Q2,8.223672812547143,Persistent RF,3,22.75,0.3096322254039753,PM2.5 single-pollutant,age_10 + sex + race_ethnicity + charlson_score + index_year_f + acs_pct_poverty + acs_pct_unemployed + acs_pct_no_vehicle + acs_pct_nonwhite + acs_median_household_income_10k + acs_pct_bachelor_plus
UCMC,PM2.5,Q2,8.223672812547143,Persistent RF,3,23,0.31004360065715986,PM2.5 single-pollutant,age_10 + sex + race_ethnicity + charlson_score + index_year_f + acs_pct_poverty + acs_pct_unemployed + acs_pct_no_vehicle + acs_pct_nonwhite + acs_median_household_income_10k + acs_pct_bachelor_plus
UCMC,PM2.5,Q2,8.223672812547143,Persistent RF,3,23.25,0.31045500590848374,PM2.5 single-pollutant,age_10 + sex + race_ethnicity + charlson_score + index_year_f + acs_pct_poverty + acs_pct_unemployed + acs_pct_no_vehicle + acs_pct_nonwhite + acs_median_household_income_10k + acs_pct_bachelor_plus
UCMC,PM2.5,Q2,8.223672812547143,Persistent RF,3,23.5,0.31138067058238583,PM2.5 single-pollutant,age_10 + sex + race_ethnicity + charlson_score + index_year_f + acs_pct_poverty + acs_pct_unemployed + acs_pct_no_vehicle + acs_pct_nonwhite + acs_median_household_income_10k + acs_pct_bachelor_plus
UCMC,PM2.5,Q2,8.223672812547143,Persistent RF,3,23.75,0.3114835194407458,PM2.5 single-pollutant,age_10 + sex + race_ethnicity + charlson_score + index_year_f + acs_pct_poverty + acs_pct_unemployed + acs_pct_no_vehicle + acs_pct_nonwhite + acs_median_household_income_10k + acs_pct_bachelor_plus
UCMC,PM2.5,Q2,8.223672812547143,Persistent RF,3,24,0.31158636315026944,PM2.5 single-pollutant,age_10 + sex + race_ethnicity + charlson_score + index_year_f + acs_pct_poverty + acs_pct_unemployed + acs_pct_no_vehicle + acs_pct_nonwhite + acs_median_household_income_10k + acs_pct_bachelor_plus
UCMC,PM2.5,Q2,8.223672812547143,Persistent RF,3,24.25,0.3122034267203804,PM2.5 single-pollutant,age_10 + sex + race_ethnicity + charlson_score + index_year_f + acs_pct_poverty + acs_pct_unemployed + acs_pct_no_vehicle + acs_pct_nonwhite + acs_median_household_income_10k + acs_pct_bachelor_plus
UCMC,PM2.5,Q2,8.223672812547143,Persistent RF,3,24.5,0.3127176371232784,PM2.5 single-pollutant,age_10 + sex + race_ethnicity + charlson_score + index_year_f + acs_pct_poverty + acs_pct_unemployed + acs_pct_no_vehicle + acs_pct_nonwhite + acs_median_household_income_10k + acs_pct_bachelor_plus
UCMC,PM2.5,Q2,8.223672812547143,Persistent RF,3,24.75,0.31302617675011124,PM2.5 single-pollutant,age_10 + sex + race_ethnicity + charlson_score + index_year_f + acs_pct_poverty + acs_pct_unemployed + acs_pct_no_vehicle + acs_pct_nonwhite + acs_median_household_income_10k + acs_pct_bachelor_plus
UCMC,PM2.5,Q2,8.223672812547143,Persistent RF,3,25,0.3131290220913625,PM2.5 single-pollutant,age_10 + sex + race_ethnicity + charlson_score + index_year_f + acs_pct_poverty + acs_pct_unemployed + acs_pct_no_vehicle + acs_pct_nonwhite + acs_median_household_income_10k + acs_pct_bachelor_plus
UCMC,PM2.5,Q2,8.223672812547143,Persistent RF,3,25.25,0.3133347119819222,PM2.5 single-pollutant,age_10 + sex + race_ethnicity + charlson_score + index_year_f + acs_pct_poverty + acs_pct_unemployed + acs_pct_no_vehicle + acs_pct_nonwhite + acs_median_household_income_10k + acs_pct_bachelor_plus
UCMC,PM2.5,Q2,8.223672812547143,Persistent RF,3,25.5,0.31343755993891675,PM2.5 single-pollutant,age_10 + sex + race_ethnicity + charlson_score + index_year_f + acs_pct_poverty + acs_pct_unemployed + acs_pct_no_vehicle + acs_pct_nonwhite + acs_median_household_income_10k + acs_pct_bachelor_plus
UCMC,PM2.5,Q2,8.223672812547143,Persistent RF,3,25.75,0.31364326077086135,PM2.5 single-pollutant,age_10 + sex + race_ethnicity + charlson_score + index_year_f + acs_pct_poverty + acs_pct_unemployed + acs_pct_no_vehicle + acs_pct_nonwhite + acs_median_household_income_10k + acs_pct_bachelor_plus
UCMC,PM2.5,Q2,8.223672812547143,Persistent RF,3,26,0.31374611260911733,PM2.5 single-pollutant,age_10 + sex + race_ethnicity + charlson_score + index_year_f + acs_pct_poverty + acs_pct_unemployed + acs_pct_no_vehicle + acs_pct_nonwhite + acs_median_household_income_10k + acs_pct_bachelor_plus
UCMC,PM2.5,Q2,8.223672812547143,Persistent RF,3,26.25,0.31384896385724426,PM2.5 single-pollutant,age_10 + sex + race_ethnicity + charlson_score + index_year_f + acs_pct_poverty + acs_pct_unemployed + acs_pct_no_vehicle + acs_pct_nonwhite + acs_median_household_income_10k + acs_pct_bachelor_plus
UCMC,PM2.5,Q2,8.223672812547143,Persistent RF,3,26.5,0.3139518163560475,PM2.5 single-pollutant,age_10 + sex + race_ethnicity + charlson_score + index_year_f + acs_pct_poverty + acs_pct_unemployed + acs_pct_no_vehicle + acs_pct_nonwhite + acs_median_household_income_10k + acs_pct_bachelor_plus
UCMC,PM2.5,Q2,8.223672812547143,Persistent RF,3,26.75,0.31436321800639855,PM2.5 single-pollutant,age_10 + sex + race_ethnicity + charlson_score + index_year_f + acs_pct_poverty + acs_pct_unemployed + acs_pct_no_vehicle + acs_pct_nonwhite + acs_median_household_income_10k + acs_pct_bachelor_plus
UCMC,PM2.5,Q2,8.223672812547143,Persistent RF,3,27,0.31436321800639855,PM2.5 single-pollutant,age_10 + sex + race_ethnicity + charlson_score + index_year_f + acs_pct_poverty + acs_pct_unemployed + acs_pct_no_vehicle + acs_pct_nonwhite + acs_median_household_income_10k + acs_pct_bachelor_plus
UCMC,PM2.5,Q2,8.223672812547143,Persistent RF,3,27.25,0.3145689266213394,PM2.5 single-pollutant,age_10 + sex + race_ethnicity + charlson_score + index_year_f + acs_pct_poverty + acs_pct_unemployed + acs_pct_no_vehicle + acs_pct_nonwhite + acs_median_household_income_10k + acs_pct_bachelor_plus
UCMC,PM2.5,Q2,8.223672812547143,Persistent RF,3,27.5,0.31487748469366084,PM2.5 single-pollutant,age_10 + sex + race_ethnicity + charlson_score + index_year_f + acs_pct_poverty + acs_pct_unemployed + acs_pct_no_vehicle + acs_pct_nonwhite + acs_median_household_income_10k + acs_pct_bachelor_plus
UCMC,PM2.5,Q2,8.223672812547143,Persistent RF,3,27.75,0.3149803338234176,PM2.5 single-pollutant,age_10 + sex + race_ethnicity + charlson_score + index_year_f + acs_pct_poverty + acs_pct_unemployed + acs_pct_no_vehicle + acs_pct_nonwhite + acs_median_household_income_10k + acs_pct_bachelor_plus
UCMC,PM2.5,Q2,8.223672812547143,Persistent RF,3,28,0.31508318396908475,PM2.5 single-pollutant,age_10 + sex + race_ethnicity + charlson_score + index_year_f + acs_pct_poverty + acs_pct_unemployed + acs_pct_no_vehicle + acs_pct_nonwhite + acs_median_household_income_10k + acs_pct_bachelor_plus
UCMC,PM2.5,Q3,8.850210054715468,Persistent RF,3,0,0,PM2.5 single-pollutant,age_10 + sex + race_ethnicity + charlson_score + index_year_f + acs_pct_poverty + acs_pct_unemployed + acs_pct_no_vehicle + acs_pct_nonwhite + acs_median_household_income_10k + acs_pct_bachelor_plus
UCMC,PM2.5,Q3,8.850210054715468,Persistent RF,3,0.25,9.96281590621706e-5,PM2.5 single-pollutant,age_10 + sex + race_ethnicity + charlson_score + index_year_f + acs_pct_poverty + acs_pct_unemployed + acs_pct_no_vehicle + acs_pct_nonwhite + acs_median_household_income_10k + acs_pct_bachelor_plus
UCMC,PM2.5,Q3,8.850210054715468,Persistent RF,3,0.5,2.988829711725316e-4,PM2.5 single-pollutant,age_10 + sex + race_ethnicity + charlson_score + index_year_f + acs_pct_poverty + acs_pct_unemployed + acs_pct_no_vehicle + acs_pct_nonwhite + acs_median_household_income_10k + acs_pct_bachelor_plus
UCMC,PM2.5,Q3,8.850210054715468,Persistent RF,3,0.75,6.97398882341882e-4,PM2.5 single-pollutant,age_10 + sex + race_ethnicity + charlson_score + index_year_f + acs_pct_poverty + acs_pct_unemployed + acs_pct_no_vehicle + acs_pct_nonwhite + acs_median_household_income_10k + acs_pct_bachelor_plus
UCMC,PM2.5,Q3,8.850210054715468,Persistent RF,3,1,0.001494458497873663,PM2.5 single-pollutant,age_10 + sex + race_ethnicity + charlson_score + index_year_f + acs_pct_poverty + acs_pct_unemployed + acs_pct_no_vehicle + acs_pct_nonwhite + acs_median_household_income_10k + acs_pct_bachelor_plus
UCMC,PM2.5,Q3,8.850210054715468,Persistent RF,3,1.25,0.013748764192636487,PM2.5 single-pollutant,age_10 + sex + race_ethnicity + charlson_score + index_year_f + acs_pct_poverty + acs_pct_unemployed + acs_pct_no_vehicle + acs_pct_nonwhite + acs_median_household_income_10k + acs_pct_bachelor_plus
UCMC,PM2.5,Q3,8.850210054715468,Persistent RF,3,1.5,0.045641525027589114,PM2.5 single-pollutant,age_10 + sex + race_ethnicity + charlson_score + index_year_f + acs_pct_poverty + acs_pct_unemployed + acs_pct_no_vehicle + acs_pct_nonwhite + acs_median_household_income_10k + acs_pct_bachelor_plus
UCMC,PM2.5,Q3,8.850210054715468,Persistent RF,3,1.75,0.06509467090037557,PM2.5 single-pollutant,age_10 + sex + race_ethnicity + charlson_score + index_year_f + acs_pct_poverty + acs_pct_unemployed + acs_pct_no_vehicle + acs_pct_nonwhite + acs_median_household_income_10k + acs_pct_bachelor_plus
UCMC,PM2.5,Q3,8.850210054715468,Persistent RF,3,2,0.09146739610415133,PM2.5 single-pollutant,age_10 + sex + race_ethnicity + charlson_score + index_year_f + acs_pct_poverty + acs_pct_unemployed + acs_pct_no_vehicle + acs_pct_nonwhite + acs_median_household_income_10k + acs_pct_bachelor_plus
UCMC,PM2.5,Q3,8.850210054715468,Persistent RF,3,2.25,0.132968297739129,PM2.5 single-pollutant,age_10 + sex + race_ethnicity + charlson_score + index_year_f + acs_pct_poverty + acs_pct_unemployed + acs_pct_no_vehicle + acs_pct_nonwhite + acs_median_household_income_10k + acs_pct_bachelor_plus
UCMC,PM2.5,Q3,8.850210054715468,Persistent RF,3,2.5,0.16330472619288805,PM2.5 single-pollutant,age_10 + sex + race_ethnicity + charlson_score + index_year_f + acs_pct_poverty + acs_pct_unemployed + acs_pct_no_vehicle + acs_pct_nonwhite + acs_median_household_income_10k + acs_pct_bachelor_plus
UCMC,PM2.5,Q3,8.850210054715468,Persistent RF,3,2.75,0.1769323802622791,PM2.5 single-pollutant,age_10 + sex + race_ethnicity + charlson_score + index_year_f + acs_pct_poverty + acs_pct_unemployed + acs_pct_no_vehicle + acs_pct_nonwhite + acs_median_household_income_10k + acs_pct_bachelor_plus
UCMC,PM2.5,Q3,8.850210054715468,Persistent RF,3,3,0.18936854685055893,PM2.5 single-pollutant,age_10 + sex + race_ethnicity + charlson_score + index_year_f + acs_pct_poverty + acs_pct_unemployed + acs_pct_no_vehicle + acs_pct_nonwhite + acs_median_household_income_10k + acs_pct_bachelor_plus
UCMC,PM2.5,Q3,8.850210054715468,Persistent RF,3,3.25,0.201617276616457,PM2.5 single-pollutant,age_10 + sex + race_ethnicity + charlson_score + index_year_f + acs_pct_poverty + acs_pct_unemployed + acs_pct_no_vehicle + acs_pct_nonwhite + acs_median_household_income_10k + acs_pct_bachelor_plus
UCMC,PM2.5,Q3,8.850210054715468,Persistent RF,3,3.5,0.21246973244499068,PM2.5 single-pollutant,age_10 + sex + race_ethnicity + charlson_score + index_year_f + acs_pct_poverty + acs_pct_unemployed + acs_pct_no_vehicle + acs_pct_nonwhite + acs_median_household_income_10k + acs_pct_bachelor_plus
UCMC,PM2.5,Q3,8.850210054715468,Persistent RF,3,3.75,0.21820202010587553,PM2.5 single-pollutant,age_10 + sex + race_ethnicity + charlson_score + index_year_f + acs_pct_poverty + acs_pct_unemployed + acs_pct_no_vehicle + acs_pct_nonwhite + acs_median_household_income_10k + acs_pct_bachelor_plus
UCMC,PM2.5,Q3,8.850210054715468,Persistent RF,3,4,0.22433943932946854,PM2.5 single-pollutant,age_10 + sex + race_ethnicity + charlson_score + index_year_f + acs_pct_poverty + acs_pct_unemployed + acs_pct_no_vehicle + acs_pct_nonwhite + acs_median_household_income_10k + acs_pct_bachelor_plus
UCMC,PM2.5,Q3,8.850210054715468,Persistent RF,3,4.25,0.23078208264342726,PM2.5 single-pollutant,age_10 + sex + race_ethnicity + charlson_score + index_year_f + acs_pct_poverty + acs_pct_unemployed + acs_pct_no_vehicle + acs_pct_nonwhite + acs_median_household_income_10k + acs_pct_bachelor_plus
UCMC,PM2.5,Q3,8.850210054715468,Persistent RF,3,4.5,0.235314360716399,PM2.5 single-pollutant,age_10 + sex + race_ethnicity + charlson_score + index_year_f + acs_pct_poverty + acs_pct_unemployed + acs_pct_no_vehicle + acs_pct_nonwhite + acs_median_household_income_10k + acs_pct_bachelor_plus
UCMC,PM2.5,Q3,8.850210054715468,Persistent RF,3,4.75,0.23884109353101346,PM2.5 single-pollutant,age_10 + sex + race_ethnicity + charlson_score + index_year_f + acs_pct_poverty + acs_pct_unemployed + acs_pct_no_vehicle + acs_pct_nonwhite + acs_median_household_income_10k + acs_pct_bachelor_plus
UCMC,PM2.5,Q3,8.850210054715468,Persistent RF,3,5,0.24176457365474868,PM2.5 single-pollutant,age_10 + sex + race_ethnicity + charlson_score + index_year_f + acs_pct_poverty + acs_pct_unemployed + acs_pct_no_vehicle + acs_pct_nonwhite + acs_median_household_income_10k + acs_pct_bachelor_plus
UCMC,PM2.5,Q3,8.850210054715468,Persistent RF,3,5.25,0.24489070622916387,PM2.5 single-pollutant,age_10 + sex + race_ethnicity + charlson_score + index_year_f + acs_pct_poverty + acs_pct_unemployed + acs_pct_no_vehicle + acs_pct_nonwhite + acs_median_household_income_10k + acs_pct_bachelor_plus
UCMC,PM2.5,Q3,8.850210054715468,Persistent RF,3,5.5,0.24670589695644585,PM2.5 single-pollutant,age_10 + sex + race_ethnicity + charlson_score + index_year_f + acs_pct_poverty + acs_pct_unemployed + acs_pct_no_vehicle + acs_pct_nonwhite + acs_median_household_income_10k + acs_pct_bachelor_plus
UCMC,PM2.5,Q3,8.850210054715468,Persistent RF,3,5.75,0.2489245983153584,PM2.5 single-pollutant,age_10 + sex + race_ethnicity + charlson_score + index_year_f + acs_pct_poverty + acs_pct_unemployed + acs_pct_no_vehicle + acs_pct_nonwhite + acs_median_household_income_10k + acs_pct_bachelor_plus
UCMC,PM2.5,Q3,8.850210054715468,Persistent RF,3,6,0.25174938305244177,PM2.5 single-pollutant,age_10 + sex + race_ethnicity + charlson_score + index_year_f + acs_pct_poverty + acs_pct_unemployed + acs_pct_no_vehicle + acs_pct_nonwhite + acs_median_household_income_10k + acs_pct_bachelor_plus
UCMC,PM2.5,Q3,8.850210054715468,Persistent RF,3,6.25,0.25407022705079696,PM2.5 single-pollutant,age_10 + sex + race_ethnicity + charlson_score + index_year_f + acs_pct_poverty + acs_pct_unemployed + acs_pct_no_vehicle + acs_pct_nonwhite + acs_median_household_income_10k + acs_pct_bachelor_plus
UCMC,PM2.5,Q3,8.850210054715468,Persistent RF,3,6.5,0.25618985042640774,PM2.5 single-pollutant,age_10 + sex + race_ethnicity + charlson_score + index_year_f + acs_pct_poverty + acs_pct_unemployed + acs_pct_no_vehicle + acs_pct_nonwhite + acs_median_household_income_10k + acs_pct_bachelor_plus
UCMC,PM2.5,Q3,8.850210054715468,Persistent RF,3,6.75,0.25820903357710523,PM2.5 single-pollutant,age_10 + sex + race_ethnicity + charlson_score + index_year_f + acs_pct_poverty + acs_pct_unemployed + acs_pct_no_vehicle + acs_pct_nonwhite + acs_median_household_income_10k + acs_pct_bachelor_plus
UCMC,PM2.5,Q3,8.850210054715468,Persistent RF,3,7,0.25992563801460034,PM2.5 single-pollutant,age_10 + sex + race_ethnicity + charlson_score + index_year_f + acs_pct_poverty + acs_pct_unemployed + acs_pct_no_vehicle + acs_pct_nonwhite + acs_median_household_income_10k + acs_pct_bachelor_plus
UCMC,PM2.5,Q3,8.850210054715468,Persistent RF,3,7.25,0.26113751400302276,PM2.5 single-pollutant,age_10 + sex + race_ethnicity + charlson_score + index_year_f + acs_pct_poverty + acs_pct_unemployed + acs_pct_no_vehicle + acs_pct_nonwhite + acs_median_household_income_10k + acs_pct_bachelor_plus
UCMC,PM2.5,Q3,8.850210054715468,Persistent RF,3,7.5,0.26224850132604804,PM2.5 single-pollutant,age_10 + sex + race_ethnicity + charlson_score + index_year_f + acs_pct_poverty + acs_pct_unemployed + acs_pct_no_vehicle + acs_pct_nonwhite + acs_median_household_income_10k + acs_pct_bachelor_plus
UCMC,PM2.5,Q3,8.850210054715468,Persistent RF,3,7.75,0.2632586754386811,PM2.5 single-pollutant,age_10 + sex + race_ethnicity + charlson_score + index_year_f + acs_pct_poverty + acs_pct_unemployed + acs_pct_no_vehicle + acs_pct_nonwhite + acs_median_household_income_10k + acs_pct_bachelor_plus
UCMC,PM2.5,Q3,8.850210054715468,Persistent RF,3,8,0.26447100520583855,PM2.5 single-pollutant,age_10 + sex + race_ethnicity + charlson_score + index_year_f + acs_pct_poverty + acs_pct_unemployed + acs_pct_no_vehicle + acs_pct_nonwhite + acs_median_household_income_10k + acs_pct_bachelor_plus
UCMC,PM2.5,Q3,8.850210054715468,Persistent RF,3,8.25,0.26538025213140615,PM2.5 single-pollutant,age_10 + sex + race_ethnicity + charlson_score + index_year_f + acs_pct_poverty + acs_pct_unemployed + acs_pct_no_vehicle + acs_pct_nonwhite + acs_median_household_income_10k + acs_pct_bachelor_plus
UCMC,PM2.5,Q3,8.850210054715468,Persistent RF,3,8.5,0.26689575905580276,PM2.5 single-pollutant,age_10 + sex + race_ethnicity + charlson_score + index_year_f + acs_pct_poverty + acs_pct_unemployed + acs_pct_no_vehicle + acs_pct_nonwhite + acs_median_household_income_10k + acs_pct_bachelor_plus
UCMC,PM2.5,Q3,8.850210054715468,Persistent RF,3,8.75,0.2680072289302754,PM2.5 single-pollutant,age_10 + sex + race_ethnicity + charlson_score + index_year_f + acs_pct_poverty + acs_pct_unemployed + acs_pct_no_vehicle + acs_pct_nonwhite + acs_median_household_income_10k + acs_pct_bachelor_plus
UCMC,PM2.5,Q3,8.850210054715468,Persistent RF,3,9,0.2687145957732452,PM2.5 single-pollutant,age_10 + sex + race_ethnicity + charlson_score + index_year_f + acs_pct_poverty + acs_pct_unemployed + acs_pct_no_vehicle + acs_pct_nonwhite + acs_median_household_income_10k + acs_pct_bachelor_plus
UCMC,PM2.5,Q3,8.850210054715468,Persistent RF,3,9.25,0.26982629745829056,PM2.5 single-pollutant,age_10 + sex + race_ethnicity + charlson_score + index_year_f + acs_pct_poverty + acs_pct_unemployed + acs_pct_no_vehicle + acs_pct_nonwhite + acs_median_household_income_10k + acs_pct_bachelor_plus
UCMC,PM2.5,Q3,8.850210054715468,Persistent RF,3,9.5,0.2703316537099989,PM2.5 single-pollutant,age_10 + sex + race_ethnicity + charlson_score + index_year_f + acs_pct_poverty + acs_pct_unemployed + acs_pct_no_vehicle + acs_pct_nonwhite + acs_median_household_income_10k + acs_pct_bachelor_plus
UCMC,PM2.5,Q3,8.850210054715468,Persistent RF,3,9.75,0.2714434325449965,PM2.5 single-pollutant,age_10 + sex + race_ethnicity + charlson_score + index_year_f + acs_pct_poverty + acs_pct_unemployed + acs_pct_no_vehicle + acs_pct_nonwhite + acs_median_household_income_10k + acs_pct_bachelor_plus
UCMC,PM2.5,Q3,8.850210054715468,Persistent RF,3,10,0.27225198035820963,PM2.5 single-pollutant,age_10 + sex + race_ethnicity + charlson_score + index_year_f + acs_pct_poverty + acs_pct_unemployed + acs_pct_no_vehicle + acs_pct_nonwhite + acs_median_household_income_10k + acs_pct_bachelor_plus
UCMC,PM2.5,Q3,8.850210054715468,Persistent RF,3,10.25,0.27417250275184124,PM2.5 single-pollutant,age_10 + sex + race_ethnicity + charlson_score + index_year_f + acs_pct_poverty + acs_pct_unemployed + acs_pct_no_vehicle + acs_pct_nonwhite + acs_median_household_income_10k + acs_pct_bachelor_plus
UCMC,PM2.5,Q3,8.850210054715468,Persistent RF,3,10.5,0.2746779395612743,PM2.5 single-pollutant,age_10 + sex + race_ethnicity + charlson_score + index_year_f + acs_pct_poverty + acs_pct_unemployed + acs_pct_no_vehicle + acs_pct_nonwhite + acs_median_household_income_10k + acs_pct_bachelor_plus
UCMC,PM2.5,Q3,8.850210054715468,Persistent RF,3,10.75,0.2753855212218611,PM2.5 single-pollutant,age_10 + sex + race_ethnicity + charlson_score + index_year_f + acs_pct_poverty + acs_pct_unemployed + acs_pct_no_vehicle + acs_pct_nonwhite + acs_median_household_income_10k + acs_pct_bachelor_plus
UCMC,PM2.5,Q3,8.850210054715468,Persistent RF,3,11,0.2757898882791582,PM2.5 single-pollutant,age_10 + sex + race_ethnicity + charlson_score + index_year_f + acs_pct_poverty + acs_pct_unemployed + acs_pct_no_vehicle + acs_pct_nonwhite + acs_median_household_income_10k + acs_pct_bachelor_plus
UCMC,PM2.5,Q3,8.850210054715468,Persistent RF,3,11.25,0.276800898294289,PM2.5 single-pollutant,age_10 + sex + race_ethnicity + charlson_score + index_year_f + acs_pct_poverty + acs_pct_unemployed + acs_pct_no_vehicle + acs_pct_nonwhite + acs_median_household_income_10k + acs_pct_bachelor_plus
UCMC,PM2.5,Q3,8.850210054715468,Persistent RF,3,11.5,0.2776097562771447,PM2.5 single-pollutant,age_10 + sex + race_ethnicity + charlson_score + index_year_f + acs_pct_poverty + acs_pct_unemployed + acs_pct_no_vehicle + acs_pct_nonwhite + acs_median_household_income_10k + acs_pct_bachelor_plus
UCMC,PM2.5,Q3,8.850210054715468,Persistent RF,3,11.75,0.2787220889555354,PM2.5 single-pollutant,age_10 + sex + race_ethnicity + charlson_score + index_year_f + acs_pct_poverty + acs_pct_unemployed + acs_pct_no_vehicle + acs_pct_nonwhite + acs_median_household_income_10k + acs_pct_bachelor_plus
UCMC,PM2.5,Q3,8.850210054715468,Persistent RF,3,12,0.27983457710413706,PM2.5 single-pollutant,age_10 + sex + race_ethnicity + charlson_score + index_year_f + acs_pct_poverty + acs_pct_unemployed + acs_pct_no_vehicle + acs_pct_nonwhite + acs_median_household_income_10k + acs_pct_bachelor_plus
UCMC,PM2.5,Q3,8.850210054715468,Persistent RF,3,12.25,0.2815541524922638,PM2.5 single-pollutant,age_10 + sex + race_ethnicity + charlson_score + index_year_f + acs_pct_poverty + acs_pct_unemployed + acs_pct_no_vehicle + acs_pct_nonwhite + acs_median_household_income_10k + acs_pct_bachelor_plus
UCMC,PM2.5,Q3,8.850210054715468,Persistent RF,3,12.5,0.2821611958524427,PM2.5 single-pollutant,age_10 + sex + race_ethnicity + charlson_score + index_year_f + acs_pct_poverty + acs_pct_unemployed + acs_pct_no_vehicle + acs_pct_nonwhite + acs_median_household_income_10k + acs_pct_bachelor_plus
UCMC,PM2.5,Q3,8.850210054715468,Persistent RF,3,12.75,0.2824647270393328,PM2.5 single-pollutant,age_10 + sex + race_ethnicity + charlson_score + index_year_f + acs_pct_poverty + acs_pct_unemployed + acs_pct_no_vehicle + acs_pct_nonwhite + acs_median_household_income_10k + acs_pct_bachelor_plus
UCMC,PM2.5,Q3,8.850210054715468,Persistent RF,3,13,0.2828694210618984,PM2.5 single-pollutant,age_10 + sex + race_ethnicity + charlson_score + index_year_f + acs_pct_poverty + acs_pct_unemployed + acs_pct_no_vehicle + acs_pct_nonwhite + acs_median_household_income_10k + acs_pct_bachelor_plus
UCMC,PM2.5,Q3,8.850210054715468,Persistent RF,3,13.25,0.2833752660234856,PM2.5 single-pollutant,age_10 + sex + race_ethnicity + charlson_score + index_year_f + acs_pct_poverty + acs_pct_unemployed + acs_pct_no_vehicle + acs_pct_nonwhite + acs_median_household_income_10k + acs_pct_bachelor_plus
UCMC,PM2.5,Q3,8.850210054715468,Persistent RF,3,13.5,0.2839822693792916,PM2.5 single-pollutant,age_10 + sex + race_ethnicity + charlson_score + index_year_f + acs_pct_poverty + acs_pct_unemployed + acs_pct_no_vehicle + acs_pct_nonwhite + acs_median_household_income_10k + acs_pct_bachelor_plus
UCMC,PM2.5,Q3,8.850210054715468,Persistent RF,3,13.75,0.2842858033161181,PM2.5 single-pollutant,age_10 + sex + race_ethnicity + charlson_score + index_year_f + acs_pct_poverty + acs_pct_unemployed + acs_pct_no_vehicle + acs_pct_nonwhite + acs_median_household_income_10k + acs_pct_bachelor_plus
UCMC,PM2.5,Q3,8.850210054715468,Persistent RF,3,14,0.28499407737798255,PM2.5 single-pollutant,age_10 + sex + race_ethnicity + charlson_score + index_year_f + acs_pct_poverty + acs_pct_unemployed + acs_pct_no_vehicle + acs_pct_nonwhite + acs_median_household_income_10k + acs_pct_bachelor_plus
UCMC,PM2.5,Q3,8.850210054715468,Persistent RF,3,14.25,0.28630968526923284,PM2.5 single-pollutant,age_10 + sex + race_ethnicity + charlson_score + index_year_f + acs_pct_poverty + acs_pct_unemployed + acs_pct_no_vehicle + acs_pct_nonwhite + acs_median_household_income_10k + acs_pct_bachelor_plus
UCMC,PM2.5,Q3,8.850210054715468,Persistent RF,3,14.5,0.2868157477574681,PM2.5 single-pollutant,age_10 + sex + race_ethnicity + charlson_score + index_year_f + acs_pct_poverty + acs_pct_unemployed + acs_pct_no_vehicle + acs_pct_nonwhite + acs_median_household_income_10k + acs_pct_bachelor_plus
UCMC,PM2.5,Q3,8.850210054715468,Persistent RF,3,14.75,0.28722059966889113,PM2.5 single-pollutant,age_10 + sex + race_ethnicity + charlson_score + index_year_f + acs_pct_poverty + acs_pct_unemployed + acs_pct_no_vehicle + acs_pct_nonwhite + acs_median_household_income_10k + acs_pct_bachelor_plus
UCMC,PM2.5,Q3,8.850210054715468,Persistent RF,3,15,0.28772666659683277,PM2.5 single-pollutant,age_10 + sex + race_ethnicity + charlson_score + index_year_f + acs_pct_poverty + acs_pct_unemployed + acs_pct_no_vehicle + acs_pct_nonwhite + acs_median_household_income_10k + acs_pct_bachelor_plus
UCMC,PM2.5,Q3,8.850210054715468,Persistent RF,3,15.25,0.2883339417681344,PM2.5 single-pollutant,age_10 + sex + race_ethnicity + charlson_score + index_year_f + acs_pct_poverty + acs_pct_unemployed + acs_pct_no_vehicle + acs_pct_nonwhite + acs_median_household_income_10k + acs_pct_bachelor_plus
UCMC,PM2.5,Q3,8.850210054715468,Persistent RF,3,15.5,0.2891436567407034,PM2.5 single-pollutant,age_10 + sex + race_ethnicity + charlson_score + index_year_f + acs_pct_poverty + acs_pct_unemployed + acs_pct_no_vehicle + acs_pct_nonwhite + acs_median_household_income_10k + acs_pct_bachelor_plus
UCMC,PM2.5,Q3,8.850210054715468,Persistent RF,3,15.75,0.28954854269137986,PM2.5 single-pollutant,age_10 + sex + race_ethnicity + charlson_score + index_year_f + acs_pct_poverty + acs_pct_unemployed + acs_pct_no_vehicle + acs_pct_nonwhite + acs_median_household_income_10k + acs_pct_bachelor_plus
UCMC,PM2.5,Q3,8.850210054715468,Persistent RF,3,16,0.29025708963546026,PM2.5 single-pollutant,age_10 + sex + race_ethnicity + charlson_score + index_year_f + acs_pct_poverty + acs_pct_unemployed + acs_pct_no_vehicle + acs_pct_nonwhite + acs_median_household_income_10k + acs_pct_bachelor_plus
UCMC,PM2.5,Q3,8.850210054715468,Persistent RF,3,16.25,0.29076322275829747,PM2.5 single-pollutant,age_10 + sex + race_ethnicity + charlson_score + index_year_f + acs_pct_poverty + acs_pct_unemployed + acs_pct_no_vehicle + acs_pct_nonwhite + acs_median_household_income_10k + acs_pct_bachelor_plus
UCMC,PM2.5,Q3,8.850210054715468,Persistent RF,3,16.5,0.2914718211359979,PM2.5 single-pollutant,age_10 + sex + race_ethnicity + charlson_score + index_year_f + acs_pct_poverty + acs_pct_unemployed + acs_pct_no_vehicle + acs_pct_nonwhite + acs_median_household_income_10k + acs_pct_bachelor_plus
UCMC,PM2.5,Q3,8.850210054715468,Persistent RF,3,16.75,0.2920791967785361,PM2.5 single-pollutant,age_10 + sex + race_ethnicity + charlson_score + index_year_f + acs_pct_poverty + acs_pct_unemployed + acs_pct_no_vehicle + acs_pct_nonwhite + acs_median_household_income_10k + acs_pct_bachelor_plus
UCMC,PM2.5,Q3,8.850210054715468,Persistent RF,3,17,0.29258537643410265,PM2.5 single-pollutant,age_10 + sex + race_ethnicity + charlson_score + index_year_f + acs_pct_poverty + acs_pct_unemployed + acs_pct_no_vehicle + acs_pct_nonwhite + acs_median_household_income_10k + acs_pct_bachelor_plus
UCMC,PM2.5,Q3,8.850210054715468,Persistent RF,3,17.25,0.2931928332711268,PM2.5 single-pollutant,age_10 + sex + race_ethnicity + charlson_score + index_year_f + acs_pct_poverty + acs_pct_unemployed + acs_pct_no_vehicle + acs_pct_nonwhite + acs_median_household_income_10k + acs_pct_bachelor_plus
UCMC,PM2.5,Q3,8.850210054715468,Persistent RF,3,17.5,0.2938003331545136,PM2.5 single-pollutant,age_10 + sex + race_ethnicity + charlson_score + index_year_f + acs_pct_poverty + acs_pct_unemployed + acs_pct_no_vehicle + acs_pct_nonwhite + acs_median_household_income_10k + acs_pct_bachelor_plus
UCMC,PM2.5,Q3,8.850210054715468,Persistent RF,3,17.75,0.2940028272735504,PM2.5 single-pollutant,age_10 + sex + race_ethnicity + charlson_score + index_year_f + acs_pct_poverty + acs_pct_unemployed + acs_pct_no_vehicle + acs_pct_nonwhite + acs_median_household_income_10k + acs_pct_bachelor_plus
UCMC,PM2.5,Q3,8.850210054715468,Persistent RF,3,18,0.29461030960880763,PM2.5 single-pollutant,age_10 + sex + race_ethnicity + charlson_score + index_year_f + acs_pct_poverty + acs_pct_unemployed + acs_pct_no_vehicle + acs_pct_nonwhite + acs_median_household_income_10k + acs_pct_bachelor_plus
UCMC,PM2.5,Q3,8.850210054715468,Persistent RF,3,18.25,0.296027728941483,PM2.5 single-pollutant,age_10 + sex + race_ethnicity + charlson_score + index_year_f + acs_pct_poverty + acs_pct_unemployed + acs_pct_no_vehicle + acs_pct_nonwhite + acs_median_household_income_10k + acs_pct_bachelor_plus
UCMC,PM2.5,Q3,8.850210054715468,Persistent RF,3,18.5,0.2963314914597288,PM2.5 single-pollutant,age_10 + sex + race_ethnicity + charlson_score + index_year_f + acs_pct_poverty + acs_pct_unemployed + acs_pct_no_vehicle + acs_pct_nonwhite + acs_median_household_income_10k + acs_pct_bachelor_plus
UCMC,PM2.5,Q3,8.850210054715468,Persistent RF,3,18.75,0.2967365244877671,PM2.5 single-pollutant,age_10 + sex + race_ethnicity + charlson_score + index_year_f + acs_pct_poverty + acs_pct_unemployed + acs_pct_no_vehicle + acs_pct_nonwhite + acs_median_household_income_10k + acs_pct_bachelor_plus
UCMC,PM2.5,Q3,8.850210054715468,Persistent RF,3,19,0.29693904406742966,PM2.5 single-pollutant,age_10 + sex + race_ethnicity + charlson_score + index_year_f + acs_pct_poverty + acs_pct_unemployed + acs_pct_no_vehicle + acs_pct_nonwhite + acs_median_household_income_10k + acs_pct_bachelor_plus
UCMC,PM2.5,Q3,8.850210054715468,Persistent RF,3,19.25,0.2974453786081157,PM2.5 single-pollutant,age_10 + sex + race_ethnicity + charlson_score + index_year_f + acs_pct_poverty + acs_pct_unemployed + acs_pct_no_vehicle + acs_pct_nonwhite + acs_median_household_income_10k + acs_pct_bachelor_plus
UCMC,PM2.5,Q3,8.850210054715468,Persistent RF,3,19.5,0.2976479211144356,PM2.5 single-pollutant,age_10 + sex + race_ethnicity + charlson_score + index_year_f + acs_pct_poverty + acs_pct_unemployed + acs_pct_no_vehicle + acs_pct_nonwhite + acs_median_household_income_10k + acs_pct_bachelor_plus
UCMC,PM2.5,Q3,8.850210054715468,Persistent RF,3,19.75,0.2980530417043521,PM2.5 single-pollutant,age_10 + sex + race_ethnicity + charlson_score + index_year_f + acs_pct_poverty + acs_pct_unemployed + acs_pct_no_vehicle + acs_pct_nonwhite + acs_median_household_income_10k + acs_pct_bachelor_plus
UCMC,PM2.5,Q3,8.850210054715468,Persistent RF,3,20,0.2982556119843961,PM2.5 single-pollutant,age_10 + sex + race_ethnicity + charlson_score + index_year_f + acs_pct_poverty + acs_pct_unemployed + acs_pct_no_vehicle + acs_pct_nonwhite + acs_median_household_income_10k + acs_pct_bachelor_plus
UCMC,PM2.5,Q3,8.850210054715468,Persistent RF,3,20.25,0.2989646614697614,PM2.5 single-pollutant,age_10 + sex + race_ethnicity + charlson_score + index_year_f + acs_pct_poverty + acs_pct_unemployed + acs_pct_no_vehicle + acs_pct_nonwhite + acs_median_household_income_10k + acs_pct_bachelor_plus
UCMC,PM2.5,Q3,8.850210054715468,Persistent RF,3,20.5,0.2991672527948632,PM2.5 single-pollutant,age_10 + sex + race_ethnicity + charlson_score + index_year_f + acs_pct_poverty + acs_pct_unemployed + acs_pct_no_vehicle + acs_pct_nonwhite + acs_median_household_income_10k + acs_pct_bachelor_plus
UCMC,PM2.5,Q3,8.850210054715468,Persistent RF,3,20.75,0.2994711253217861,PM2.5 single-pollutant,age_10 + sex + race_ethnicity + charlson_score + index_year_f + acs_pct_poverty + acs_pct_unemployed + acs_pct_no_vehicle + acs_pct_nonwhite + acs_median_household_income_10k + acs_pct_bachelor_plus
UCMC,PM2.5,Q3,8.850210054715468,Persistent RF,3,21,0.3001802095624212,PM2.5 single-pollutant,age_10 + sex + race_ethnicity + charlson_score + index_year_f + acs_pct_poverty + acs_pct_unemployed + acs_pct_no_vehicle + acs_pct_nonwhite + acs_median_household_income_10k + acs_pct_bachelor_plus
UCMC,PM2.5,Q3,8.850210054715468,Persistent RF,3,21.25,0.30068668977931756,PM2.5 single-pollutant,age_10 + sex + race_ethnicity + charlson_score + index_year_f + acs_pct_poverty + acs_pct_unemployed + acs_pct_no_vehicle + acs_pct_nonwhite + acs_median_household_income_10k + acs_pct_bachelor_plus
UCMC,PM2.5,Q3,8.850210054715468,Persistent RF,3,21.5,0.30099057696384235,PM2.5 single-pollutant,age_10 + sex + race_ethnicity + charlson_score + index_year_f + acs_pct_poverty + acs_pct_unemployed + acs_pct_no_vehicle + acs_pct_nonwhite + acs_median_household_income_10k + acs_pct_bachelor_plus
UCMC,PM2.5,Q3,8.850210054715468,Persistent RF,3,21.75,0.3013957970311043,PM2.5 single-pollutant,age_10 + sex + race_ethnicity + charlson_score + index_year_f + acs_pct_poverty + acs_pct_unemployed + acs_pct_no_vehicle + acs_pct_nonwhite + acs_median_household_income_10k + acs_pct_bachelor_plus
UCMC,PM2.5,Q3,8.850210054715468,Persistent RF,3,22,0.3029154686064993,PM2.5 single-pollutant,age_10 + sex + race_ethnicity + charlson_score + index_year_f + acs_pct_poverty + acs_pct_unemployed + acs_pct_no_vehicle + acs_pct_nonwhite + acs_median_household_income_10k + acs_pct_bachelor_plus
UCMC,PM2.5,Q3,8.850210054715468,Persistent RF,3,22.25,0.3031180967574185,PM2.5 single-pollutant,age_10 + sex + race_ethnicity + charlson_score + index_year_f + acs_pct_poverty + acs_pct_unemployed + acs_pct_no_vehicle + acs_pct_nonwhite + acs_median_household_income_10k + acs_pct_bachelor_plus
UCMC,PM2.5,Q3,8.850210054715468,Persistent RF,3,22.5,0.3035233881642836,PM2.5 single-pollutant,age_10 + sex + race_ethnicity + charlson_score + index_year_f + acs_pct_poverty + acs_pct_unemployed + acs_pct_no_vehicle + acs_pct_nonwhite + acs_median_household_income_10k + acs_pct_bachelor_plus
UCMC,PM2.5,Q3,8.850210054715468,Persistent RF,3,22.75,0.3037260511892227,PM2.5 single-pollutant,age_10 + sex + race_ethnicity + charlson_score + index_year_f + acs_pct_poverty + acs_pct_unemployed + acs_pct_no_vehicle + acs_pct_nonwhite + acs_median_household_income_10k + acs_pct_bachelor_plus
UCMC,PM2.5,Q3,8.850210054715468,Persistent RF,3,23,0.3041314099057667,PM2.5 single-pollutant,age_10 + sex + race_ethnicity + charlson_score + index_year_f + acs_pct_poverty + acs_pct_unemployed + acs_pct_no_vehicle + acs_pct_nonwhite + acs_median_household_income_10k + acs_pct_bachelor_plus
UCMC,PM2.5,Q3,8.850210054715468,Persistent RF,3,23.25,0.3045368037389248,PM2.5 single-pollutant,age_10 + sex + race_ethnicity + charlson_score + index_year_f + acs_pct_poverty + acs_pct_unemployed + acs_pct_no_vehicle + acs_pct_nonwhite + acs_median_household_income_10k + acs_pct_bachelor_plus
UCMC,PM2.5,Q3,8.850210054715468,Persistent RF,3,23.5,0.3054489630171593,PM2.5 single-pollutant,age_10 + sex + race_ethnicity + charlson_score + index_year_f + acs_pct_poverty + acs_pct_unemployed + acs_pct_no_vehicle + acs_pct_nonwhite + acs_median_household_income_10k + acs_pct_bachelor_plus
UCMC,PM2.5,Q3,8.850210054715468,Persistent RF,3,23.75,0.3055503130558368,PM2.5 single-pollutant,age_10 + sex + race_ethnicity + charlson_score + index_year_f + acs_pct_poverty + acs_pct_unemployed + acs_pct_no_vehicle + acs_pct_nonwhite + acs_median_household_income_10k + acs_pct_bachelor_plus
UCMC,PM2.5,Q3,8.850210054715468,Persistent RF,3,24,0.3056516583687505,PM2.5 single-pollutant,age_10 + sex + race_ethnicity + charlson_score + index_year_f + acs_pct_poverty + acs_pct_unemployed + acs_pct_no_vehicle + acs_pct_nonwhite + acs_median_household_income_10k + acs_pct_bachelor_plus
UCMC,PM2.5,Q3,8.850210054715468,Persistent RF,3,24.25,0.30625973885171065,PM2.5 single-pollutant,age_10 + sex + race_ethnicity + charlson_score + index_year_f + acs_pct_poverty + acs_pct_unemployed + acs_pct_no_vehicle + acs_pct_nonwhite + acs_median_household_income_10k + acs_pct_bachelor_plus
UCMC,PM2.5,Q3,8.850210054715468,Persistent RF,3,24.5,0.3067664730635211,PM2.5 single-pollutant,age_10 + sex + race_ethnicity + charlson_score + index_year_f + acs_pct_poverty + acs_pct_unemployed + acs_pct_no_vehicle + acs_pct_nonwhite + acs_median_household_income_10k + acs_pct_bachelor_plus
UCMC,PM2.5,Q3,8.850210054715468,Persistent RF,3,24.75,0.30707053096481485,PM2.5 single-pollutant,age_10 + sex + race_ethnicity + charlson_score + index_year_f + acs_pct_poverty + acs_pct_unemployed + acs_pct_no_vehicle + acs_pct_nonwhite + acs_median_household_income_10k + acs_pct_bachelor_plus
UCMC,PM2.5,Q3,8.850210054715468,Persistent RF,3,25,0.30717188311261456,PM2.5 single-pollutant,age_10 + sex + race_ethnicity + charlson_score + index_year_f + acs_pct_poverty + acs_pct_unemployed + acs_pct_no_vehicle + acs_pct_nonwhite + acs_median_household_income_10k + acs_pct_bachelor_plus
UCMC,PM2.5,Q3,8.850210054715468,Persistent RF,3,25.25,0.307374587674498,PM2.5 single-pollutant,age_10 + sex + race_ethnicity + charlson_score + index_year_f + acs_pct_poverty + acs_pct_unemployed + acs_pct_no_vehicle + acs_pct_nonwhite + acs_median_household_income_10k + acs_pct_bachelor_plus
UCMC,PM2.5,Q3,8.850210054715468,Persistent RF,3,25.5,0.3074759434469341,PM2.5 single-pollutant,age_10 + sex + race_ethnicity + charlson_score + index_year_f + acs_pct_poverty + acs_pct_unemployed + acs_pct_no_vehicle + acs_pct_nonwhite + acs_median_household_income_10k + acs_pct_bachelor_plus
UCMC,PM2.5,Q3,8.850210054715468,Persistent RF,3,25.75,0.3076786608857205,PM2.5 single-pollutant,age_10 + sex + race_ethnicity + charlson_score + index_year_f + acs_pct_poverty + acs_pct_unemployed + acs_pct_no_vehicle + acs_pct_nonwhite + acs_median_household_income_10k + acs_pct_bachelor_plus
UCMC,PM2.5,Q3,8.850210054715468,Persistent RF,3,26,0.30778002153054584,PM2.5 single-pollutant,age_10 + sex + race_ethnicity + charlson_score + index_year_f + acs_pct_poverty + acs_pct_unemployed + acs_pct_no_vehicle + acs_pct_nonwhite + acs_median_household_income_10k + acs_pct_bachelor_plus
UCMC,PM2.5,Q3,8.850210054715468,Persistent RF,3,26.25,0.30788138194305414,PM2.5 single-pollutant,age_10 + sex + race_ethnicity + charlson_score + index_year_f + acs_pct_poverty + acs_pct_unemployed + acs_pct_no_vehicle + acs_pct_nonwhite + acs_median_household_income_10k + acs_pct_bachelor_plus
UCMC,PM2.5,Q3,8.850210054715468,Persistent RF,3,26.5,0.307982743937425,PM2.5 single-pollutant,age_10 + sex + race_ethnicity + charlson_score + index_year_f + acs_pct_poverty + acs_pct_unemployed + acs_pct_no_vehicle + acs_pct_nonwhite + acs_median_household_income_10k + acs_pct_bachelor_plus
UCMC,PM2.5,Q3,8.850210054715468,Persistent RF,3,26.75,0.3083881871850923,PM2.5 single-pollutant,age_10 + sex + race_ethnicity + charlson_score + index_year_f + acs_pct_poverty + acs_pct_unemployed + acs_pct_no_vehicle + acs_pct_nonwhite + acs_median_household_income_10k + acs_pct_bachelor_plus
UCMC,PM2.5,Q3,8.850210054715468,Persistent RF,3,27,0.3083881871850923,PM2.5 single-pollutant,age_10 + sex + race_ethnicity + charlson_score + index_year_f + acs_pct_poverty + acs_pct_unemployed + acs_pct_no_vehicle + acs_pct_nonwhite + acs_median_household_income_10k + acs_pct_bachelor_plus
UCMC,PM2.5,Q3,8.850210054715468,Persistent RF,3,27.25,0.30859091858318766,PM2.5 single-pollutant,age_10 + sex + race_ethnicity + charlson_score + index_year_f + acs_pct_poverty + acs_pct_unemployed + acs_pct_no_vehicle + acs_pct_nonwhite + acs_median_household_income_10k + acs_pct_bachelor_plus
UCMC,PM2.5,Q3,8.850210054715468,Persistent RF,3,27.5,0.30889501352328985,PM2.5 single-pollutant,age_10 + sex + race_ethnicity + charlson_score + index_year_f + acs_pct_poverty + acs_pct_unemployed + acs_pct_no_vehicle + acs_pct_nonwhite + acs_median_household_income_10k + acs_pct_bachelor_plus
UCMC,PM2.5,Q3,8.850210054715468,Persistent RF,3,27.75,0.308996375693423,PM2.5 single-pollutant,age_10 + sex + race_ethnicity + charlson_score + index_year_f + acs_pct_poverty + acs_pct_unemployed + acs_pct_no_vehicle + acs_pct_nonwhite + acs_median_household_income_10k + acs_pct_bachelor_plus
UCMC,PM2.5,Q3,8.850210054715468,Persistent RF,3,28,0.3090977392146682,PM2.5 single-pollutant,age_10 + sex + race_ethnicity + charlson_score + index_year_f + acs_pct_poverty + acs_pct_unemployed + acs_pct_no_vehicle + acs_pct_nonwhite + acs_median_household_income_10k + acs_pct_bachelor_plus
UCMC,PM2.5,Q4,9.654820511370527,Persistent RF,3,0,0,PM2.5 single-pollutant,age_10 + sex + race_ethnicity + charlson_score + index_year_f + acs_pct_poverty + acs_pct_unemployed + acs_pct_no_vehicle + acs_pct_nonwhite + acs_median_household_income_10k + acs_pct_bachelor_plus
UCMC,PM2.5,Q4,9.654820511370527,Persistent RF,3,0.25,9.669644884058304e-5,PM2.5 single-pollutant,age_10 + sex + race_ethnicity + charlson_score + index_year_f + acs_pct_poverty + acs_pct_unemployed + acs_pct_no_vehicle + acs_pct_nonwhite + acs_median_household_income_10k + acs_pct_bachelor_plus
UCMC,PM2.5,Q4,9.654820511370527,Persistent RF,3,0.5,2.900887354277959e-4,PM2.5 single-pollutant,age_10 + sex + race_ethnicity + charlson_score + index_year_f + acs_pct_poverty + acs_pct_unemployed + acs_pct_no_vehicle + acs_pct_nonwhite + acs_median_household_income_10k + acs_pct_bachelor_plus
UCMC,PM2.5,Q4,9.654820511370527,Persistent RF,3,0.75,6.768828138836724e-4,PM2.5 single-pollutant,age_10 + sex + race_ethnicity + charlson_score + index_year_f + acs_pct_poverty + acs_pct_unemployed + acs_pct_no_vehicle + acs_pct_nonwhite + acs_median_household_income_10k + acs_pct_bachelor_plus
UCMC,PM2.5,Q4,9.654820511370527,Persistent RF,3,1,0.0014505115671085145,PM2.5 single-pollutant,age_10 + sex + race_ethnicity + charlson_score + index_year_f + acs_pct_poverty + acs_pct_unemployed + acs_pct_no_vehicle + acs_pct_nonwhite + acs_median_household_income_10k + acs_pct_bachelor_plus
UCMC,PM2.5,Q4,9.654820511370527,Persistent RF,3,1.25,0.01334687865340245,PM2.5 single-pollutant,age_10 + sex + race_ethnicity + charlson_score + index_year_f + acs_pct_poverty + acs_pct_unemployed + acs_pct_no_vehicle + acs_pct_nonwhite + acs_median_household_income_10k + acs_pct_bachelor_plus
UCMC,PM2.5,Q4,9.654820511370527,Persistent RF,3,1.5,0.04432861514877651,PM2.5 single-pollutant,age_10 + sex + race_ethnicity + charlson_score + index_year_f + acs_pct_poverty + acs_pct_unemployed + acs_pct_no_vehicle + acs_pct_nonwhite + acs_median_household_income_10k + acs_pct_bachelor_plus
UCMC,PM2.5,Q4,9.654820511370527,Persistent RF,3,1.75,0.06324097964431741,PM2.5 single-pollutant,age_10 + sex + race_ethnicity + charlson_score + index_year_f + acs_pct_poverty + acs_pct_unemployed + acs_pct_no_vehicle + acs_pct_nonwhite + acs_median_household_income_10k + acs_pct_bachelor_plus
UCMC,PM2.5,Q4,9.654820511370527,Persistent RF,3,2,0.08889911157770647,PM2.5 single-pollutant,age_10 + sex + race_ethnicity + charlson_score + index_year_f + acs_pct_poverty + acs_pct_unemployed + acs_pct_no_vehicle + acs_pct_nonwhite + acs_median_household_income_10k + acs_pct_bachelor_plus
UCMC,PM2.5,Q4,9.654820511370527,Persistent RF,3,2.25,0.12932017632556225,PM2.5 single-pollutant,age_10 + sex + race_ethnicity + charlson_score + index_year_f + acs_pct_poverty + acs_pct_unemployed + acs_pct_no_vehicle + acs_pct_nonwhite + acs_median_household_income_10k + acs_pct_bachelor_plus
UCMC,PM2.5,Q4,9.654820511370527,Persistent RF,3,2.5,0.1589031614570977,PM2.5 single-pollutant,age_10 + sex + race_ethnicity + charlson_score + index_year_f + acs_pct_poverty + acs_pct_unemployed + acs_pct_no_vehicle + acs_pct_nonwhite + acs_median_household_income_10k + acs_pct_bachelor_plus
UCMC,PM2.5,Q4,9.654820511370527,Persistent RF,3,2.75,0.17220256679047852,PM2.5 single-pollutant,age_10 + sex + race_ethnicity + charlson_score + index_year_f + acs_pct_poverty + acs_pct_unemployed + acs_pct_no_vehicle + acs_pct_nonwhite + acs_median_household_income_10k + acs_pct_bachelor_plus
UCMC,PM2.5,Q4,9.654820511370527,Persistent RF,3,3,0.18434483772863186,PM2.5 single-pollutant,age_10 + sex + race_ethnicity + charlson_score + index_year_f + acs_pct_poverty + acs_pct_unemployed + acs_pct_no_vehicle + acs_pct_nonwhite + acs_median_household_income_10k + acs_pct_bachelor_plus
UCMC,PM2.5,Q4,9.654820511370527,Persistent RF,3,3.25,0.196309460896395,PM2.5 single-pollutant,age_10 + sex + race_ethnicity + charlson_score + index_year_f + acs_pct_poverty + acs_pct_unemployed + acs_pct_no_vehicle + acs_pct_nonwhite + acs_median_household_income_10k + acs_pct_bachelor_plus
UCMC,PM2.5,Q4,9.654820511370527,Persistent RF,3,3.5,0.20691470811161505,PM2.5 single-pollutant,age_10 + sex + race_ethnicity + charlson_score + index_year_f + acs_pct_poverty + acs_pct_unemployed + acs_pct_no_vehicle + acs_pct_nonwhite + acs_median_household_income_10k + acs_pct_bachelor_plus
UCMC,PM2.5,Q4,9.654820511370527,Persistent RF,3,3.75,0.21251815200616153,PM2.5 single-pollutant,age_10 + sex + race_ethnicity + charlson_score + index_year_f + acs_pct_poverty + acs_pct_unemployed + acs_pct_no_vehicle + acs_pct_nonwhite + acs_median_household_income_10k + acs_pct_bachelor_plus
UCMC,PM2.5,Q4,9.654820511370527,Persistent RF,3,4,0.21851896203585242,PM2.5 single-pollutant,age_10 + sex + race_ethnicity + charlson_score + index_year_f + acs_pct_poverty + acs_pct_unemployed + acs_pct_no_vehicle + acs_pct_nonwhite + acs_median_household_income_10k + acs_pct_bachelor_plus
UCMC,PM2.5,Q4,9.654820511370527,Persistent RF,3,4.25,0.22481970599080925,PM2.5 single-pollutant,age_10 + sex + race_ethnicity + charlson_score + index_year_f + acs_pct_poverty + acs_pct_unemployed + acs_pct_no_vehicle + acs_pct_nonwhite + acs_median_household_income_10k + acs_pct_bachelor_plus
UCMC,PM2.5,Q4,9.654820511370527,Persistent RF,3,4.5,0.22925309039213682,PM2.5 single-pollutant,age_10 + sex + race_ethnicity + charlson_score + index_year_f + acs_pct_poverty + acs_pct_unemployed + acs_pct_no_vehicle + acs_pct_nonwhite + acs_median_household_income_10k + acs_pct_bachelor_plus
UCMC,PM2.5,Q4,9.654820511370527,Persistent RF,3,4.75,0.23270340515798493,PM2.5 single-pollutant,age_10 + sex + race_ethnicity + charlson_score + index_year_f + acs_pct_poverty + acs_pct_unemployed + acs_pct_no_vehicle + acs_pct_nonwhite + acs_median_household_income_10k + acs_pct_bachelor_plus
UCMC,PM2.5,Q4,9.654820511370527,Persistent RF,3,5,0.2355638952055007,PM2.5 single-pollutant,age_10 + sex + race_ethnicity + charlson_score + index_year_f + acs_pct_poverty + acs_pct_unemployed + acs_pct_no_vehicle + acs_pct_nonwhite + acs_median_household_income_10k + acs_pct_bachelor_plus
UCMC,PM2.5,Q4,9.654820511370527,Persistent RF,3,5.25,0.23862303044284983,PM2.5 single-pollutant,age_10 + sex + race_ethnicity + charlson_score + index_year_f + acs_pct_poverty + acs_pct_unemployed + acs_pct_no_vehicle + acs_pct_nonwhite + acs_median_household_income_10k + acs_pct_bachelor_plus
UCMC,PM2.5,Q4,9.654820511370527,Persistent RF,3,5.5,0.24039949006748507,PM2.5 single-pollutant,age_10 + sex + race_ethnicity + charlson_score + index_year_f + acs_pct_poverty + acs_pct_unemployed + acs_pct_no_vehicle + acs_pct_nonwhite + acs_median_household_income_10k + acs_pct_bachelor_plus
UCMC,PM2.5,Q4,9.654820511370527,Persistent RF,3,5.75,0.2425710216598811,PM2.5 single-pollutant,age_10 + sex + race_ethnicity + charlson_score + index_year_f + acs_pct_poverty + acs_pct_unemployed + acs_pct_no_vehicle + acs_pct_nonwhite + acs_median_household_income_10k + acs_pct_bachelor_plus
UCMC,PM2.5,Q4,9.654820511370527,Persistent RF,3,6,0.24533602450595882,PM2.5 single-pollutant,age_10 + sex + race_ethnicity + charlson_score + index_year_f + acs_pct_poverty + acs_pct_unemployed + acs_pct_no_vehicle + acs_pct_nonwhite + acs_median_household_income_10k + acs_pct_bachelor_plus
UCMC,PM2.5,Q4,9.654820511370527,Persistent RF,3,6.25,0.24760798151206043,PM2.5 single-pollutant,age_10 + sex + race_ethnicity + charlson_score + index_year_f + acs_pct_poverty + acs_pct_unemployed + acs_pct_no_vehicle + acs_pct_nonwhite + acs_median_household_income_10k + acs_pct_bachelor_plus
UCMC,PM2.5,Q4,9.654820511370527,Persistent RF,3,6.5,0.24968313821167887,PM2.5 single-pollutant,age_10 + sex + race_ethnicity + charlson_score + index_year_f + acs_pct_poverty + acs_pct_unemployed + acs_pct_no_vehicle + acs_pct_nonwhite + acs_median_household_income_10k + acs_pct_bachelor_plus
UCMC,PM2.5,Q4,9.654820511370527,Persistent RF,3,6.75,0.25166012362789925,PM2.5 single-pollutant,age_10 + sex + race_ethnicity + charlson_score + index_year_f + acs_pct_poverty + acs_pct_unemployed + acs_pct_no_vehicle + acs_pct_nonwhite + acs_median_household_income_10k + acs_pct_bachelor_plus
UCMC,PM2.5,Q4,9.654820511370527,Persistent RF,3,7,0.25334097828082824,PM2.5 single-pollutant,age_10 + sex + race_ethnicity + charlson_score + index_year_f + acs_pct_poverty + acs_pct_unemployed + acs_pct_no_vehicle + acs_pct_nonwhite + acs_median_household_income_10k + acs_pct_bachelor_plus
UCMC,PM2.5,Q4,9.654820511370527,Persistent RF,3,7.25,0.25452768497105105,PM2.5 single-pollutant,age_10 + sex + race_ethnicity + charlson_score + index_year_f + acs_pct_poverty + acs_pct_unemployed + acs_pct_no_vehicle + acs_pct_nonwhite + acs_median_household_income_10k + acs_pct_bachelor_plus
UCMC,PM2.5,Q4,9.654820511370527,Persistent RF,3,7.5,0.25561564866366715,PM2.5 single-pollutant,age_10 + sex + race_ethnicity + charlson_score + index_year_f + acs_pct_poverty + acs_pct_unemployed + acs_pct_no_vehicle + acs_pct_nonwhite + acs_median_household_income_10k + acs_pct_bachelor_plus
UCMC,PM2.5,Q4,9.654820511370527,Persistent RF,3,7.75,0.25660493020507935,PM2.5 single-pollutant,age_10 + sex + race_ethnicity + charlson_score + index_year_f + acs_pct_poverty + acs_pct_unemployed + acs_pct_no_vehicle + acs_pct_nonwhite + acs_median_household_income_10k + acs_pct_bachelor_plus
UCMC,PM2.5,Q4,9.654820511370527,Persistent RF,3,8,0.2577922390926922,PM2.5 single-pollutant,age_10 + sex + race_ethnicity + charlson_score + index_year_f + acs_pct_poverty + acs_pct_unemployed + acs_pct_no_vehicle + acs_pct_nonwhite + acs_median_household_income_10k + acs_pct_bachelor_plus
UCMC,PM2.5,Q4,9.654820511370527,Persistent RF,3,8.25,0.25868275815563946,PM2.5 single-pollutant,age_10 + sex + race_ethnicity + charlson_score + index_year_f + acs_pct_poverty + acs_pct_unemployed + acs_pct_no_vehicle + acs_pct_nonwhite + acs_median_household_income_10k + acs_pct_bachelor_plus
UCMC,PM2.5,Q4,9.654820511370527,Persistent RF,3,8.5,0.26016712211940674,PM2.5 single-pollutant,age_10 + sex + race_ethnicity + charlson_score + index_year_f + acs_pct_poverty + acs_pct_unemployed + acs_pct_no_vehicle + acs_pct_nonwhite + acs_median_household_income_10k + acs_pct_bachelor_plus
UCMC,PM2.5,Q4,9.654820511370527,Persistent RF,3,8.75,0.2612558091956606,PM2.5 single-pollutant,age_10 + sex + race_ethnicity + charlson_score + index_year_f + acs_pct_poverty + acs_pct_unemployed + acs_pct_no_vehicle + acs_pct_nonwhite + acs_median_household_income_10k + acs_pct_bachelor_plus
UCMC,PM2.5,Q4,9.654820511370527,Persistent RF,3,9,0.26194870183152297,PM2.5 single-pollutant,age_10 + sex + race_ethnicity + charlson_score + index_year_f + acs_pct_poverty + acs_pct_unemployed + acs_pct_no_vehicle + acs_pct_nonwhite + acs_median_household_income_10k + acs_pct_bachelor_plus
UCMC,PM2.5,Q4,9.654820511370527,Persistent RF,3,9.25,0.26303769563662416,PM2.5 single-pollutant,age_10 + sex + race_ethnicity + charlson_score + index_year_f + acs_pct_poverty + acs_pct_unemployed + acs_pct_no_vehicle + acs_pct_nonwhite + acs_median_household_income_10k + acs_pct_bachelor_plus
UCMC,PM2.5,Q4,9.654820511370527,Persistent RF,3,9.5,0.26353274548961636,PM2.5 single-pollutant,age_10 + sex + race_ethnicity + charlson_score + index_year_f + acs_pct_poverty + acs_pct_unemployed + acs_pct_no_vehicle + acs_pct_nonwhite + acs_median_household_income_10k + acs_pct_bachelor_plus
UCMC,PM2.5,Q4,9.654820511370527,Persistent RF,3,9.75,0.26462188587395874,PM2.5 single-pollutant,age_10 + sex + race_ethnicity + charlson_score + index_year_f + acs_pct_poverty + acs_pct_unemployed + acs_pct_no_vehicle + acs_pct_nonwhite + acs_median_household_income_10k + acs_pct_bachelor_plus
UCMC,PM2.5,Q4,9.654820511370527,Persistent RF,3,10,0.26541400045413865,PM2.5 single-pollutant,age_10 + sex + race_ethnicity + charlson_score + index_year_f + acs_pct_poverty + acs_pct_unemployed + acs_pct_no_vehicle + acs_pct_nonwhite + acs_median_household_income_10k + acs_pct_bachelor_plus
UCMC,PM2.5,Q4,9.654820511370527,Persistent RF,3,10.25,0.26729559329323715,PM2.5 single-pollutant,age_10 + sex + race_ethnicity + charlson_score + index_year_f + acs_pct_poverty + acs_pct_unemployed + acs_pct_no_vehicle + acs_pct_nonwhite + acs_median_household_income_10k + acs_pct_bachelor_plus
UCMC,PM2.5,Q4,9.654820511370527,Persistent RF,3,10.5,0.2677908090874037,PM2.5 single-pollutant,age_10 + sex + race_ethnicity + charlson_score + index_year_f + acs_pct_poverty + acs_pct_unemployed + acs_pct_no_vehicle + acs_pct_nonwhite + acs_median_household_income_10k + acs_pct_bachelor_plus
UCMC,PM2.5,Q4,9.654820511370527,Persistent RF,3,10.75,0.2684840989921854,PM2.5 single-pollutant,age_10 + sex + race_ethnicity + charlson_score + index_year_f + acs_pct_poverty + acs_pct_unemployed + acs_pct_no_vehicle + acs_pct_nonwhite + acs_median_household_income_10k + acs_pct_bachelor_plus
UCMC,PM2.5,Q4,9.654820511370527,Persistent RF,3,11,0.2688803075761137,PM2.5 single-pollutant,age_10 + sex + race_ethnicity + charlson_score + index_year_f + acs_pct_poverty + acs_pct_unemployed + acs_pct_no_vehicle + acs_pct_nonwhite + acs_median_household_income_10k + acs_pct_bachelor_plus
UCMC,PM2.5,Q4,9.654820511370527,Persistent RF,3,11.25,0.26987094803919587,PM2.5 single-pollutant,age_10 + sex + race_ethnicity + charlson_score + index_year_f + acs_pct_poverty + acs_pct_unemployed + acs_pct_no_vehicle + acs_pct_nonwhite + acs_median_household_income_10k + acs_pct_bachelor_plus
UCMC,PM2.5,Q4,9.654820511370527,Persistent RF,3,11.5,0.27066353871713666,PM2.5 single-pollutant,age_10 + sex + race_ethnicity + charlson_score + index_year_f + acs_pct_poverty + acs_pct_unemployed + acs_pct_no_vehicle + acs_pct_nonwhite + acs_median_household_income_10k + acs_pct_bachelor_plus
UCMC,PM2.5,Q4,9.654820511370527,Persistent RF,3,11.75,0.2717535434340994,PM2.5 single-pollutant,age_10 + sex + race_ethnicity + charlson_score + index_year_f + acs_pct_poverty + acs_pct_unemployed + acs_pct_no_vehicle + acs_pct_nonwhite + acs_median_household_income_10k + acs_pct_bachelor_plus
UCMC,PM2.5,Q4,9.654820511370527,Persistent RF,3,12,0.2728437499795694,PM2.5 single-pollutant,age_10 + sex + race_ethnicity + charlson_score + index_year_f + acs_pct_poverty + acs_pct_unemployed + acs_pct_no_vehicle + acs_pct_nonwhite + acs_median_household_income_10k + acs_pct_bachelor_plus
UCMC,PM2.5,Q4,9.654820511370527,Persistent RF,3,12.25,0.27452898218190847,PM2.5 single-pollutant,age_10 + sex + race_ethnicity + charlson_score + index_year_f + acs_pct_poverty + acs_pct_unemployed + acs_pct_no_vehicle + acs_pct_nonwhite + acs_median_household_income_10k + acs_pct_bachelor_plus
UCMC,PM2.5,Q4,9.654820511370527,Persistent RF,3,12.5,0.27512393006723124,PM2.5 single-pollutant,age_10 + sex + race_ethnicity + charlson_score + index_year_f + acs_pct_poverty + acs_pct_unemployed + acs_pct_no_vehicle + acs_pct_nonwhite + acs_median_household_income_10k + acs_pct_bachelor_plus
UCMC,PM2.5,Q4,9.654820511370527,Persistent RF,3,12.75,0.2754214188789361,PM2.5 single-pollutant,age_10 + sex + race_ethnicity + charlson_score + index_year_f + acs_pct_poverty + acs_pct_unemployed + acs_pct_no_vehicle + acs_pct_nonwhite + acs_median_household_income_10k + acs_pct_bachelor_plus
UCMC,PM2.5,Q4,9.654820511370527,Persistent RF,3,13,0.2758180624451716,PM2.5 single-pollutant,age_10 + sex + race_ethnicity + charlson_score + index_year_f + acs_pct_poverty + acs_pct_unemployed + acs_pct_no_vehicle + acs_pct_nonwhite + acs_median_household_income_10k + acs_pct_bachelor_plus
UCMC,PM2.5,Q4,9.654820511370527,Persistent RF,3,13.25,0.27631385404813524,PM2.5 single-pollutant,age_10 + sex + race_ethnicity + charlson_score + index_year_f + acs_pct_poverty + acs_pct_unemployed + acs_pct_no_vehicle + acs_pct_nonwhite + acs_median_household_income_10k + acs_pct_bachelor_plus
UCMC,PM2.5,Q4,9.654820511370527,Persistent RF,3,13.5,0.2769088071790148,PM2.5 single-pollutant,age_10 + sex + race_ethnicity + charlson_score + index_year_f + acs_pct_poverty + acs_pct_unemployed + acs_pct_no_vehicle + acs_pct_nonwhite + acs_median_household_income_10k + acs_pct_bachelor_plus
UCMC,PM2.5,Q4,9.654820511370527,Persistent RF,3,13.75,0.27720632092899866,PM2.5 single-pollutant,age_10 + sex + race_ethnicity + charlson_score + index_year_f + acs_pct_poverty + acs_pct_unemployed + acs_pct_no_vehicle + acs_pct_nonwhite + acs_median_household_income_10k + acs_pct_bachelor_plus
UCMC,PM2.5,Q4,9.654820511370527,Persistent RF,3,14,0.27790056177237477,PM2.5 single-pollutant,age_10 + sex + race_ethnicity + charlson_score + index_year_f + acs_pct_poverty + acs_pct_unemployed + acs_pct_no_vehicle + acs_pct_nonwhite + acs_median_household_income_10k + acs_pct_bachelor_plus
UCMC,PM2.5,Q4,9.654820511370527,Persistent RF,3,14.25,0.2791901569064509,PM2.5 single-pollutant,age_10 + sex + race_ethnicity + charlson_score + index_year_f + acs_pct_poverty + acs_pct_unemployed + acs_pct_no_vehicle + acs_pct_nonwhite + acs_median_household_income_10k + acs_pct_bachelor_plus
UCMC,PM2.5,Q4,9.654820511370527,Persistent RF,3,14.5,0.2796862319361588,PM2.5 single-pollutant,age_10 + sex + race_ethnicity + charlson_score + index_year_f + acs_pct_poverty + acs_pct_unemployed + acs_pct_no_vehicle + acs_pct_nonwhite + acs_median_household_income_10k + acs_pct_bachelor_plus
UCMC,PM2.5,Q4,9.654820511370527,Persistent RF,3,14.75,0.2800831013009578,PM2.5 single-pollutant,age_10 + sex + race_ethnicity + charlson_score + index_year_f + acs_pct_poverty + acs_pct_unemployed + acs_pct_no_vehicle + acs_pct_nonwhite + acs_median_household_income_10k + acs_pct_bachelor_plus
UCMC,PM2.5,Q4,9.654820511370527,Persistent RF,3,15,0.28057919933449915,PM2.5 single-pollutant,age_10 + sex + race_ethnicity + charlson_score + index_year_f + acs_pct_poverty + acs_pct_unemployed + acs_pct_no_vehicle + acs_pct_nonwhite + acs_median_household_income_10k + acs_pct_bachelor_plus
UCMC,PM2.5,Q4,9.654820511370527,Persistent RF,3,15.25,0.28117452562631484,PM2.5 single-pollutant,age_10 + sex + race_ethnicity + charlson_score + index_year_f + acs_pct_poverty + acs_pct_unemployed + acs_pct_no_vehicle + acs_pct_nonwhite + acs_median_household_income_10k + acs_pct_bachelor_plus
UCMC,PM2.5,Q4,9.654820511370527,Persistent RF,3,15.5,0.2819683317273408,PM2.5 single-pollutant,age_10 + sex + race_ethnicity + charlson_score + index_year_f + acs_pct_poverty + acs_pct_unemployed + acs_pct_no_vehicle + acs_pct_nonwhite + acs_median_household_income_10k + acs_pct_bachelor_plus
UCMC,PM2.5,Q4,9.654820511370527,Persistent RF,3,15.75,0.2823652726604322,PM2.5 single-pollutant,age_10 + sex + race_ethnicity + charlson_score + index_year_f + acs_pct_poverty + acs_pct_unemployed + acs_pct_no_vehicle + acs_pct_nonwhite + acs_median_household_income_10k + acs_pct_bachelor_plus
UCMC,PM2.5,Q4,9.654820511370527,Persistent RF,3,16,0.2830599319127911,PM2.5 single-pollutant,age_10 + sex + race_ethnicity + charlson_score + index_year_f + acs_pct_poverty + acs_pct_unemployed + acs_pct_no_vehicle + acs_pct_nonwhite + acs_median_household_income_10k + acs_pct_bachelor_plus
UCMC,PM2.5,Q4,9.654820511370527,Persistent RF,3,16.25,0.28355615719843885,PM2.5 single-pollutant,age_10 + sex + race_ethnicity + charlson_score + index_year_f + acs_pct_poverty + acs_pct_unemployed + acs_pct_no_vehicle + acs_pct_nonwhite + acs_median_household_income_10k + acs_pct_bachelor_plus
UCMC,PM2.5,Q4,9.654820511370527,Persistent RF,3,16.5,0.28425090187882474,PM2.5 single-pollutant,age_10 + sex + race_ethnicity + charlson_score + index_year_f + acs_pct_poverty + acs_pct_unemployed + acs_pct_no_vehicle + acs_pct_nonwhite + acs_median_household_income_10k + acs_pct_bachelor_plus
UCMC,PM2.5,Q4,9.654820511370527,Persistent RF,3,16.75,0.2848464190878456,PM2.5 single-pollutant,age_10 + sex + race_ethnicity + charlson_score + index_year_f + acs_pct_poverty + acs_pct_unemployed + acs_pct_no_vehicle + acs_pct_nonwhite + acs_median_household_income_10k + acs_pct_bachelor_plus
UCMC,PM2.5,Q4,9.654820511370527,Persistent RF,3,17,0.2853427275519609,PM2.5 single-pollutant,age_10 + sex + race_ethnicity + charlson_score + index_year_f + acs_pct_poverty + acs_pct_unemployed + acs_pct_no_vehicle + acs_pct_nonwhite + acs_median_household_income_10k + acs_pct_bachelor_plus
UCMC,PM2.5,Q4,9.654820511370527,Persistent RF,3,17.25,0.2859383519519032,PM2.5 single-pollutant,age_10 + sex + race_ethnicity + charlson_score + index_year_f + acs_pct_poverty + acs_pct_unemployed + acs_pct_no_vehicle + acs_pct_nonwhite + acs_median_household_income_10k + acs_pct_bachelor_plus
UCMC,PM2.5,Q4,9.654820511370527,Persistent RF,3,17.5,0.2865340336257459,PM2.5 single-pollutant,age_10 + sex + race_ethnicity + charlson_score + index_year_f + acs_pct_poverty + acs_pct_unemployed + acs_pct_no_vehicle + acs_pct_nonwhite + acs_median_household_income_10k + acs_pct_bachelor_plus
UCMC,PM2.5,Q4,9.654820511370527,Persistent RF,3,17.75,0.28673259180556065,PM2.5 single-pollutant,age_10 + sex + race_ethnicity + charlson_score + index_year_f + acs_pct_poverty + acs_pct_unemployed + acs_pct_no_vehicle + acs_pct_nonwhite + acs_median_household_income_10k + acs_pct_bachelor_plus
UCMC,PM2.5,Q4,9.654820511370527,Persistent RF,3,18,0.2873282763812086,PM2.5 single-pollutant,age_10 + sex + race_ethnicity + charlson_score + index_year_f + acs_pct_poverty + acs_pct_unemployed + acs_pct_no_vehicle + acs_pct_nonwhite + acs_median_household_income_10k + acs_pct_bachelor_plus
UCMC,PM2.5,Q4,9.654820511370527,Persistent RF,3,18.25,0.28871822710462536,PM2.5 single-pollutant,age_10 + sex + race_ethnicity + charlson_score + index_year_f + acs_pct_poverty + acs_pct_unemployed + acs_pct_no_vehicle + acs_pct_nonwhite + acs_median_household_income_10k + acs_pct_bachelor_plus
UCMC,PM2.5,Q4,9.654820511370527,Persistent RF,3,18.5,0.28901611362532986,PM2.5 single-pollutant,age_10 + sex + race_ethnicity + charlson_score + index_year_f + acs_pct_poverty + acs_pct_unemployed + acs_pct_no_vehicle + acs_pct_nonwhite + acs_median_household_income_10k + acs_pct_bachelor_plus
UCMC,PM2.5,Q4,9.654820511370527,Persistent RF,3,18.75,0.28941331756122746,PM2.5 single-pollutant,age_10 + sex + race_ethnicity + charlson_score + index_year_f + acs_pct_poverty + acs_pct_unemployed + acs_pct_no_vehicle + acs_pct_nonwhite + acs_median_household_income_10k + acs_pct_bachelor_plus
UCMC,PM2.5,Q4,9.654820511370527,Persistent RF,3,19,0.2896119250598954,PM2.5 single-pollutant,age_10 + sex + race_ethnicity + charlson_score + index_year_f + acs_pct_poverty + acs_pct_unemployed + acs_pct_no_vehicle + acs_pct_nonwhite + acs_median_household_income_10k + acs_pct_bachelor_plus
UCMC,PM2.5,Q4,9.654820511370527,Persistent RF,3,19.25,0.2901084860781755,PM2.5 single-pollutant,age_10 + sex + race_ethnicity + charlson_score + index_year_f + acs_pct_poverty + acs_pct_unemployed + acs_pct_no_vehicle + acs_pct_nonwhite + acs_median_household_income_10k + acs_pct_bachelor_plus
UCMC,PM2.5,Q4,9.654820511370527,Persistent RF,3,19.5,0.29030712195636854,PM2.5 single-pollutant,age_10 + sex + race_ethnicity + charlson_score + index_year_f + acs_pct_poverty + acs_pct_unemployed + acs_pct_no_vehicle + acs_pct_nonwhite + acs_median_household_income_10k + acs_pct_bachelor_plus
UCMC,PM2.5,Q4,9.654820511370527,Persistent RF,3,19.75,0.2907044336621657,PM2.5 single-pollutant,age_10 + sex + race_ethnicity + charlson_score + index_year_f + acs_pct_poverty + acs_pct_unemployed + acs_pct_no_vehicle + acs_pct_nonwhite + acs_median_household_income_10k + acs_pct_bachelor_plus
UCMC,PM2.5,Q4,9.654820511370527,Persistent RF,3,20,0.2909031018380983,PM2.5 single-pollutant,age_10 + sex + race_ethnicity + charlson_score + index_year_f + acs_pct_poverty + acs_pct_unemployed + acs_pct_no_vehicle + acs_pct_nonwhite + acs_median_household_income_10k + acs_pct_bachelor_plus
UCMC,PM2.5,Q4,9.654820511370527,Persistent RF,3,20.25,0.29159850622386285,PM2.5 single-pollutant,age_10 + sex + race_ethnicity + charlson_score + index_year_f + acs_pct_poverty + acs_pct_unemployed + acs_pct_no_vehicle + acs_pct_nonwhite + acs_median_household_income_10k + acs_pct_bachelor_plus
UCMC,PM2.5,Q4,9.654820511370527,Persistent RF,3,20.5,0.29179720263924247,PM2.5 single-pollutant,age_10 + sex + race_ethnicity + charlson_score + index_year_f + acs_pct_poverty + acs_pct_unemployed + acs_pct_no_vehicle + acs_pct_nonwhite + acs_median_household_income_10k + acs_pct_bachelor_plus
UCMC,PM2.5,Q4,9.654820511370527,Persistent RF,3,20.75,0.29209523624878453,PM2.5 single-pollutant,age_10 + sex + race_ethnicity + charlson_score + index_year_f + acs_pct_poverty + acs_pct_unemployed + acs_pct_no_vehicle + acs_pct_nonwhite + acs_median_household_income_10k + acs_pct_bachelor_plus
UCMC,PM2.5,Q4,9.654820511370527,Persistent RF,3,21,0.29279071021971104,PM2.5 single-pollutant,age_10 + sex + race_ethnicity + charlson_score + index_year_f + acs_pct_poverty + acs_pct_unemployed + acs_pct_no_vehicle + acs_pct_nonwhite + acs_median_household_income_10k + acs_pct_bachelor_plus
UCMC,PM2.5,Q4,9.654820511370527,Persistent RF,3,21.25,0.29328748167398366,PM2.5 single-pollutant,age_10 + sex + race_ethnicity + charlson_score + index_year_f + acs_pct_poverty + acs_pct_unemployed + acs_pct_no_vehicle + acs_pct_nonwhite + acs_median_household_income_10k + acs_pct_bachelor_plus
UCMC,PM2.5,Q4,9.654820511370527,Persistent RF,3,21.5,0.29358554870075027,PM2.5 single-pollutant,age_10 + sex + race_ethnicity + charlson_score + index_year_f + acs_pct_poverty + acs_pct_unemployed + acs_pct_no_vehicle + acs_pct_nonwhite + acs_median_household_income_10k + acs_pct_bachelor_plus
UCMC,PM2.5,Q4,9.654820511370527,Persistent RF,3,21.75,0.2939830137790892,PM2.5 single-pollutant,age_10 + sex + race_ethnicity + charlson_score + index_year_f + acs_pct_poverty + acs_pct_unemployed + acs_pct_no_vehicle + acs_pct_nonwhite + acs_median_household_income_10k + acs_pct_bachelor_plus
UCMC,PM2.5,Q4,9.654820511370527,Persistent RF,3,22,0.2954736627676736,PM2.5 single-pollutant,age_10 + sex + race_ethnicity + charlson_score + index_year_f + acs_pct_poverty + acs_pct_unemployed + acs_pct_no_vehicle + acs_pct_nonwhite + acs_median_household_income_10k + acs_pct_bachelor_plus
UCMC,PM2.5,Q4,9.654820511370527,Persistent RF,3,22.25,0.29567242836085617,PM2.5 single-pollutant,age_10 + sex + race_ethnicity + charlson_score + index_year_f + acs_pct_poverty + acs_pct_unemployed + acs_pct_no_vehicle + acs_pct_nonwhite + acs_median_household_income_10k + acs_pct_bachelor_plus
UCMC,PM2.5,Q4,9.654820511370527,Persistent RF,3,22.5,0.29606999908659826,PM2.5 single-pollutant,age_10 + sex + race_ethnicity + charlson_score + index_year_f + acs_pct_poverty + acs_pct_unemployed + acs_pct_no_vehicle + acs_pct_nonwhite + acs_median_household_income_10k + acs_pct_bachelor_plus
UCMC,PM2.5,Q4,9.654820511370527,Persistent RF,3,22.75,0.29626880399415634,PM2.5 single-pollutant,age_10 + sex + race_ethnicity + charlson_score + index_year_f + acs_pct_poverty + acs_pct_unemployed + acs_pct_no_vehicle + acs_pct_nonwhite + acs_median_household_income_10k + acs_pct_bachelor_plus
UCMC,PM2.5,Q4,9.654820511370527,Persistent RF,3,23,0.2966664509638872,PM2.5 single-pollutant,age_10 + sex + race_ethnicity + charlson_score + index_year_f + acs_pct_poverty + acs_pct_unemployed + acs_pct_no_vehicle + acs_pct_nonwhite + acs_median_household_income_10k + acs_pct_bachelor_plus
UCMC,PM2.5,Q4,9.654820511370527,Persistent RF,3,23.25,0.2970641391997335,PM2.5 single-pollutant,age_10 + sex + race_ethnicity + charlson_score + index_year_f + acs_pct_poverty + acs_pct_unemployed + acs_pct_no_vehicle + acs_pct_nonwhite + acs_median_household_income_10k + acs_pct_bachelor_plus
UCMC,PM2.5,Q4,9.654820511370527,Persistent RF,3,23.5,0.29795898539403776,PM2.5 single-pollutant,age_10 + sex + race_ethnicity + charlson_score + index_year_f + acs_pct_poverty + acs_pct_unemployed + acs_pct_no_vehicle + acs_pct_nonwhite + acs_median_household_income_10k + acs_pct_bachelor_plus
UCMC,PM2.5,Q4,9.654820511370527,Persistent RF,3,23.75,0.2980584139095327,PM2.5 single-pollutant,age_10 + sex + race_ethnicity + charlson_score + index_year_f + acs_pct_poverty + acs_pct_unemployed + acs_pct_no_vehicle + acs_pct_nonwhite + acs_median_household_income_10k + acs_pct_bachelor_plus
UCMC,PM2.5,Q4,9.654820511370527,Persistent RF,3,24,0.2981578382158576,PM2.5 single-pollutant,age_10 + sex + race_ethnicity + charlson_score + index_year_f + acs_pct_poverty + acs_pct_unemployed + acs_pct_no_vehicle + acs_pct_nonwhite + acs_median_household_income_10k + acs_pct_bachelor_plus
UCMC,PM2.5,Q4,9.654820511370527,Persistent RF,3,24.25,0.29875440146672017,PM2.5 single-pollutant,age_10 + sex + race_ethnicity + charlson_score + index_year_f + acs_pct_poverty + acs_pct_unemployed + acs_pct_no_vehicle + acs_pct_nonwhite + acs_median_household_income_10k + acs_pct_bachelor_plus
UCMC,PM2.5,Q4,9.654820511370527,Persistent RF,3,24.5,0.2992515497303594,PM2.5 single-pollutant,age_10 + sex + race_ethnicity + charlson_score + index_year_f + acs_pct_poverty + acs_pct_unemployed + acs_pct_no_vehicle + acs_pct_nonwhite + acs_median_household_income_10k + acs_pct_bachelor_plus
UCMC,PM2.5,Q4,9.654820511370527,Persistent RF,3,24.75,0.29954986086721946,PM2.5 single-pollutant,age_10 + sex + race_ethnicity + charlson_score + index_year_f + acs_pct_poverty + acs_pct_unemployed + acs_pct_no_vehicle + acs_pct_nonwhite + acs_median_household_income_10k + acs_pct_bachelor_plus
UCMC,PM2.5,Q4,9.654820511370527,Persistent RF,3,25,0.2996492982919945,PM2.5 single-pollutant,age_10 + sex + race_ethnicity + charlson_score + index_year_f + acs_pct_poverty + acs_pct_unemployed + acs_pct_no_vehicle + acs_pct_nonwhite + acs_median_household_income_10k + acs_pct_bachelor_plus
UCMC,PM2.5,Q4,9.654820511370527,Persistent RF,3,25.25,0.29984817468708513,PM2.5 single-pollutant,age_10 + sex + race_ethnicity + charlson_score + index_year_f + acs_pct_poverty + acs_pct_unemployed + acs_pct_no_vehicle + acs_pct_nonwhite + acs_median_household_income_10k + acs_pct_bachelor_plus
UCMC,PM2.5,Q4,9.654820511370527,Persistent RF,3,25.5,0.29994761695248884,PM2.5 single-pollutant,age_10 + sex + race_ethnicity + charlson_score + index_year_f + acs_pct_poverty + acs_pct_unemployed + acs_pct_no_vehicle + acs_pct_nonwhite + acs_median_household_income_10k + acs_pct_bachelor_plus
UCMC,PM2.5,Q4,9.654820511370527,Persistent RF,3,25.75,0.3001465085509578,PM2.5 single-pollutant,age_10 + sex + race_ethnicity + charlson_score + index_year_f + acs_pct_poverty + acs_pct_unemployed + acs_pct_no_vehicle + acs_pct_nonwhite + acs_median_household_income_10k + acs_pct_bachelor_plus
UCMC,PM2.5,Q4,9.654820511370527,Persistent RF,3,26,0.30024595688194733,PM2.5 single-pollutant,age_10 + sex + race_ethnicity + charlson_score + index_year_f + acs_pct_poverty + acs_pct_unemployed + acs_pct_no_vehicle + acs_pct_nonwhite + acs_median_household_income_10k + acs_pct_bachelor_plus
UCMC,PM2.5,Q4,9.654820511370527,Persistent RF,3,26.25,0.3003454054135337,PM2.5 single-pollutant,age_10 + sex + race_ethnicity + charlson_score + index_year_f + acs_pct_poverty + acs_pct_unemployed + acs_pct_no_vehicle + acs_pct_nonwhite + acs_median_household_income_10k + acs_pct_bachelor_plus
UCMC,PM2.5,Q4,9.654820511370527,Persistent RF,3,26.5,0.30044485592575043,PM2.5 single-pollutant,age_10 + sex + race_ethnicity + charlson_score + index_year_f + acs_pct_poverty + acs_pct_unemployed + acs_pct_no_vehicle + acs_pct_nonwhite + acs_median_household_income_10k + acs_pct_bachelor_plus
UCMC,PM2.5,Q4,9.654820511370527,Persistent RF,3,26.75,0.3008426576212817,PM2.5 single-pollutant,age_10 + sex + race_ethnicity + charlson_score + index_year_f + acs_pct_poverty + acs_pct_unemployed + acs_pct_no_vehicle + acs_pct_nonwhite + acs_median_household_income_10k + acs_pct_bachelor_plus
UCMC,PM2.5,Q4,9.654820511370527,Persistent RF,3,27,0.3008426576212817,PM2.5 single-pollutant,age_10 + sex + race_ethnicity + charlson_score + index_year_f + acs_pct_poverty + acs_pct_unemployed + acs_pct_no_vehicle + acs_pct_nonwhite + acs_median_household_income_10k + acs_pct_bachelor_plus
UCMC,PM2.5,Q4,9.654820511370527,Persistent RF,3,27.25,0.30104157063252635,PM2.5 single-pollutant,age_10 + sex + race_ethnicity + charlson_score + index_year_f + acs_pct_poverty + acs_pct_unemployed + acs_pct_no_vehicle + acs_pct_nonwhite + acs_median_household_income_10k + acs_pct_bachelor_plus
UCMC,PM2.5,Q4,9.654820511370527,Persistent RF,3,27.5,0.30133994125129915,PM2.5 single-pollutant,age_10 + sex + race_ethnicity + charlson_score + index_year_f + acs_pct_poverty + acs_pct_unemployed + acs_pct_no_vehicle + acs_pct_nonwhite + acs_median_household_income_10k + acs_pct_bachelor_plus
UCMC,PM2.5,Q4,9.654820511370527,Persistent RF,3,27.75,0.30143939622566185,PM2.5 single-pollutant,age_10 + sex + race_ethnicity + charlson_score + index_year_f + acs_pct_poverty + acs_pct_unemployed + acs_pct_no_vehicle + acs_pct_nonwhite + acs_median_household_income_10k + acs_pct_bachelor_plus
UCMC,PM2.5,Q4,9.654820511370527,Persistent RF,3,28,0.301538852955045,PM2.5 single-pollutant,age_10 + sex + race_ethnicity + charlson_score + index_year_f + acs_pct_poverty + acs_pct_unemployed + acs_pct_no_vehicle + acs_pct_nonwhite + acs_median_household_income_10k + acs_pct_bachelor_plus
UCMC,NO2,Q1,5.304929783666767,Extubation,1,0,0,NO2 single-pollutant,age_10 + sex + race_ethnicity + charlson_score + index_year_f + acs_pct_poverty + acs_pct_unemployed + acs_pct_no_vehicle + acs_pct_nonwhite + acs_median_household_income_10k + acs_pct_bachelor_plus
UCMC,NO2,Q1,5.304929783666767,Extubation,1,0.25,0.02903274010234269,NO2 single-pollutant,age_10 + sex + race_ethnicity + charlson_score + index_year_f + acs_pct_poverty + acs_pct_unemployed + acs_pct_no_vehicle + acs_pct_nonwhite + acs_median_household_income_10k + acs_pct_bachelor_plus
UCMC,NO2,Q1,5.304929783666767,Extubation,1,0.5,0.10531619832750982,NO2 single-pollutant,age_10 + sex + race_ethnicity + charlson_score + index_year_f + acs_pct_poverty + acs_pct_unemployed + acs_pct_no_vehicle + acs_pct_nonwhite + acs_median_household_income_10k + acs_pct_bachelor_plus
UCMC,NO2,Q1,5.304929783666767,Extubation,1,0.75,0.1480163045222077,NO2 single-pollutant,age_10 + sex + race_ethnicity + charlson_score + index_year_f + acs_pct_poverty + acs_pct_unemployed + acs_pct_no_vehicle + acs_pct_nonwhite + acs_median_household_income_10k + acs_pct_bachelor_plus
UCMC,NO2,Q1,5.304929783666767,Extubation,1,1,0.20776230128353057,NO2 single-pollutant,age_10 + sex + race_ethnicity + charlson_score + index_year_f + acs_pct_poverty + acs_pct_unemployed + acs_pct_no_vehicle + acs_pct_nonwhite + acs_median_household_income_10k + acs_pct_bachelor_plus
UCMC,NO2,Q1,5.304929783666767,Extubation,1,1.25,0.24149354551017044,NO2 single-pollutant,age_10 + sex + race_ethnicity + charlson_score + index_year_f + acs_pct_poverty + acs_pct_unemployed + acs_pct_no_vehicle + acs_pct_nonwhite + acs_median_household_income_10k + acs_pct_bachelor_plus
UCMC,NO2,Q1,5.304929783666767,Extubation,1,1.5,0.26137036700132,NO2 single-pollutant,age_10 + sex + race_ethnicity + charlson_score + index_year_f + acs_pct_poverty + acs_pct_unemployed + acs_pct_no_vehicle + acs_pct_nonwhite + acs_median_household_income_10k + acs_pct_bachelor_plus
UCMC,NO2,Q1,5.304929783666767,Extubation,1,1.75,0.28228537076120164,NO2 single-pollutant,age_10 + sex + race_ethnicity + charlson_score + index_year_f + acs_pct_poverty + acs_pct_unemployed + acs_pct_no_vehicle + acs_pct_nonwhite + acs_median_household_income_10k + acs_pct_bachelor_plus
UCMC,NO2,Q1,5.304929783666767,Extubation,1,2,0.304858297623093,NO2 single-pollutant,age_10 + sex + race_ethnicity + charlson_score + index_year_f + acs_pct_poverty + acs_pct_unemployed + acs_pct_no_vehicle + acs_pct_nonwhite + acs_median_household_income_10k + acs_pct_bachelor_plus
UCMC,NO2,Q1,5.304929783666767,Extubation,1,2.25,0.32109018198601,NO2 single-pollutant,age_10 + sex + race_ethnicity + charlson_score + index_year_f + acs_pct_poverty + acs_pct_unemployed + acs_pct_no_vehicle + acs_pct_nonwhite + acs_median_household_income_10k + acs_pct_bachelor_plus
UCMC,NO2,Q1,5.304929783666767,Extubation,1,2.5,0.33246538558446725,NO2 single-pollutant,age_10 + sex + race_ethnicity + charlson_score + index_year_f + acs_pct_poverty + acs_pct_unemployed + acs_pct_no_vehicle + acs_pct_nonwhite + acs_median_household_income_10k + acs_pct_bachelor_plus
UCMC,NO2,Q1,5.304929783666767,Extubation,1,2.75,0.3458348234090457,NO2 single-pollutant,age_10 + sex + race_ethnicity + charlson_score + index_year_f + acs_pct_poverty + acs_pct_unemployed + acs_pct_no_vehicle + acs_pct_nonwhite + acs_median_household_income_10k + acs_pct_bachelor_plus
UCMC,NO2,Q1,5.304929783666767,Extubation,1,3,0.35782305129584024,NO2 single-pollutant,age_10 + sex + race_ethnicity + charlson_score + index_year_f + acs_pct_poverty + acs_pct_unemployed + acs_pct_no_vehicle + acs_pct_nonwhite + acs_median_household_income_10k + acs_pct_bachelor_plus
UCMC,NO2,Q1,5.304929783666767,Extubation,1,3.25,0.36718095038716425,NO2 single-pollutant,age_10 + sex + race_ethnicity + charlson_score + index_year_f + acs_pct_poverty + acs_pct_unemployed + acs_pct_no_vehicle + acs_pct_nonwhite + acs_median_household_income_10k + acs_pct_bachelor_plus
UCMC,NO2,Q1,5.304929783666767,Extubation,1,3.5,0.3755890229708755,NO2 single-pollutant,age_10 + sex + race_ethnicity + charlson_score + index_year_f + acs_pct_poverty + acs_pct_unemployed + acs_pct_no_vehicle + acs_pct_nonwhite + acs_median_household_income_10k + acs_pct_bachelor_plus
UCMC,NO2,Q1,5.304929783666767,Extubation,1,3.75,0.38284005078491345,NO2 single-pollutant,age_10 + sex + race_ethnicity + charlson_score + index_year_f + acs_pct_poverty + acs_pct_unemployed + acs_pct_no_vehicle + acs_pct_nonwhite + acs_median_household_income_10k + acs_pct_bachelor_plus
UCMC,NO2,Q1,5.304929783666767,Extubation,1,4,0.38998134735239565,NO2 single-pollutant,age_10 + sex + race_ethnicity + charlson_score + index_year_f + acs_pct_poverty + acs_pct_unemployed + acs_pct_no_vehicle + acs_pct_nonwhite + acs_median_household_income_10k + acs_pct_bachelor_plus
UCMC,NO2,Q1,5.304929783666767,Extubation,1,4.25,0.39617686310167477,NO2 single-pollutant,age_10 + sex + race_ethnicity + charlson_score + index_year_f + acs_pct_poverty + acs_pct_unemployed + acs_pct_no_vehicle + acs_pct_nonwhite + acs_median_household_income_10k + acs_pct_bachelor_plus
UCMC,NO2,Q1,5.304929783666767,Extubation,1,4.5,0.4014238478297055,NO2 single-pollutant,age_10 + sex + race_ethnicity + charlson_score + index_year_f + acs_pct_poverty + acs_pct_unemployed + acs_pct_no_vehicle + acs_pct_nonwhite + acs_median_household_income_10k + acs_pct_bachelor_plus
UCMC,NO2,Q1,5.304929783666767,Extubation,1,4.75,0.4065627956692752,NO2 single-pollutant,age_10 + sex + race_ethnicity + charlson_score + index_year_f + acs_pct_poverty + acs_pct_unemployed + acs_pct_no_vehicle + acs_pct_nonwhite + acs_median_household_income_10k + acs_pct_bachelor_plus
UCMC,NO2,Q1,5.304929783666767,Extubation,1,5,0.41201313267383055,NO2 single-pollutant,age_10 + sex + race_ethnicity + charlson_score + index_year_f + acs_pct_poverty + acs_pct_unemployed + acs_pct_no_vehicle + acs_pct_nonwhite + acs_median_household_income_10k + acs_pct_bachelor_plus
UCMC,NO2,Q1,5.304929783666767,Extubation,1,5.25,0.41683197664183524,NO2 single-pollutant,age_10 + sex + race_ethnicity + charlson_score + index_year_f + acs_pct_poverty + acs_pct_unemployed + acs_pct_no_vehicle + acs_pct_nonwhite + acs_median_household_income_10k + acs_pct_bachelor_plus
UCMC,NO2,Q1,5.304929783666767,Extubation,1,5.5,0.4213354257852563,NO2 single-pollutant,age_10 + sex + race_ethnicity + charlson_score + index_year_f + acs_pct_poverty + acs_pct_unemployed + acs_pct_no_vehicle + acs_pct_nonwhite + acs_median_household_income_10k + acs_pct_bachelor_plus
UCMC,NO2,Q1,5.304929783666767,Extubation,1,5.75,0.42531315269449554,NO2 single-pollutant,age_10 + sex + race_ethnicity + charlson_score + index_year_f + acs_pct_poverty + acs_pct_unemployed + acs_pct_no_vehicle + acs_pct_nonwhite + acs_median_household_income_10k + acs_pct_bachelor_plus
UCMC,NO2,Q1,5.304929783666767,Extubation,1,6,0.4296021436038724,NO2 single-pollutant,age_10 + sex + race_ethnicity + charlson_score + index_year_f + acs_pct_poverty + acs_pct_unemployed + acs_pct_no_vehicle + acs_pct_nonwhite + acs_median_household_income_10k + acs_pct_bachelor_plus
UCMC,NO2,Q1,5.304929783666767,Extubation,1,6.25,0.4326344953277643,NO2 single-pollutant,age_10 + sex + race_ethnicity + charlson_score + index_year_f + acs_pct_poverty + acs_pct_unemployed + acs_pct_no_vehicle + acs_pct_nonwhite + acs_median_household_income_10k + acs_pct_bachelor_plus
UCMC,NO2,Q1,5.304929783666767,Extubation,1,6.5,0.4358754821220151,NO2 single-pollutant,age_10 + sex + race_ethnicity + charlson_score + index_year_f + acs_pct_poverty + acs_pct_unemployed + acs_pct_no_vehicle + acs_pct_nonwhite + acs_median_household_income_10k + acs_pct_bachelor_plus
UCMC,NO2,Q1,5.304929783666767,Extubation,1,6.75,0.43932589007285805,NO2 single-pollutant,age_10 + sex + race_ethnicity + charlson_score + index_year_f + acs_pct_poverty + acs_pct_unemployed + acs_pct_no_vehicle + acs_pct_nonwhite + acs_median_household_income_10k + acs_pct_bachelor_plus
UCMC,NO2,Q1,5.304929783666767,Extubation,1,7,0.4426717181231352,NO2 single-pollutant,age_10 + sex + race_ethnicity + charlson_score + index_year_f + acs_pct_poverty + acs_pct_unemployed + acs_pct_no_vehicle + acs_pct_nonwhite + acs_median_household_income_10k + acs_pct_bachelor_plus
UCMC,NO2,Q1,5.304929783666767,Extubation,1,7.25,0.445180078732446,NO2 single-pollutant,age_10 + sex + race_ethnicity + charlson_score + index_year_f + acs_pct_poverty + acs_pct_unemployed + acs_pct_no_vehicle + acs_pct_nonwhite + acs_median_household_income_10k + acs_pct_bachelor_plus
UCMC,NO2,Q1,5.304929783666767,Extubation,1,7.5,0.44737459581586525,NO2 single-pollutant,age_10 + sex + race_ethnicity + charlson_score + index_year_f + acs_pct_poverty + acs_pct_unemployed + acs_pct_no_vehicle + acs_pct_nonwhite + acs_median_household_income_10k + acs_pct_bachelor_plus
UCMC,NO2,Q1,5.304929783666767,Extubation,1,7.75,0.4503010666204751,NO2 single-pollutant,age_10 + sex + race_ethnicity + charlson_score + index_year_f + acs_pct_poverty + acs_pct_unemployed + acs_pct_no_vehicle + acs_pct_nonwhite + acs_median_household_income_10k + acs_pct_bachelor_plus
UCMC,NO2,Q1,5.304929783666767,Extubation,1,8,0.4534370533996336,NO2 single-pollutant,age_10 + sex + race_ethnicity + charlson_score + index_year_f + acs_pct_poverty + acs_pct_unemployed + acs_pct_no_vehicle + acs_pct_nonwhite + acs_median_household_income_10k + acs_pct_bachelor_plus
UCMC,NO2,Q1,5.304929783666767,Extubation,1,8.25,0.4553189439186164,NO2 single-pollutant,age_10 + sex + race_ethnicity + charlson_score + index_year_f + acs_pct_poverty + acs_pct_unemployed + acs_pct_no_vehicle + acs_pct_nonwhite + acs_median_household_income_10k + acs_pct_bachelor_plus
UCMC,NO2,Q1,5.304929783666767,Extubation,1,8.5,0.45741005459393325,NO2 single-pollutant,age_10 + sex + race_ethnicity + charlson_score + index_year_f + acs_pct_poverty + acs_pct_unemployed + acs_pct_no_vehicle + acs_pct_nonwhite + acs_median_household_income_10k + acs_pct_bachelor_plus
UCMC,NO2,Q1,5.304929783666767,Extubation,1,8.75,0.4600235983964842,NO2 single-pollutant,age_10 + sex + race_ethnicity + charlson_score + index_year_f + acs_pct_poverty + acs_pct_unemployed + acs_pct_no_vehicle + acs_pct_nonwhite + acs_median_household_income_10k + acs_pct_bachelor_plus
UCMC,NO2,Q1,5.304929783666767,Extubation,1,9,0.4623230348915388,NO2 single-pollutant,age_10 + sex + race_ethnicity + charlson_score + index_year_f + acs_pct_poverty + acs_pct_unemployed + acs_pct_no_vehicle + acs_pct_nonwhite + acs_median_household_income_10k + acs_pct_bachelor_plus
UCMC,NO2,Q1,5.304929783666767,Extubation,1,9.25,0.46420440741222613,NO2 single-pollutant,age_10 + sex + race_ethnicity + charlson_score + index_year_f + acs_pct_poverty + acs_pct_unemployed + acs_pct_no_vehicle + acs_pct_nonwhite + acs_median_household_income_10k + acs_pct_bachelor_plus
UCMC,NO2,Q1,5.304929783666767,Extubation,1,9.5,0.46587673948968267,NO2 single-pollutant,age_10 + sex + race_ethnicity + charlson_score + index_year_f + acs_pct_poverty + acs_pct_unemployed + acs_pct_no_vehicle + acs_pct_nonwhite + acs_median_household_income_10k + acs_pct_bachelor_plus
UCMC,NO2,Q1,5.304929783666767,Extubation,1,9.75,0.4674444275643821,NO2 single-pollutant,age_10 + sex + race_ethnicity + charlson_score + index_year_f + acs_pct_poverty + acs_pct_unemployed + acs_pct_no_vehicle + acs_pct_nonwhite + acs_median_household_income_10k + acs_pct_bachelor_plus
UCMC,NO2,Q1,5.304929783666767,Extubation,1,10,0.4695346583558132,NO2 single-pollutant,age_10 + sex + race_ethnicity + charlson_score + index_year_f + acs_pct_poverty + acs_pct_unemployed + acs_pct_no_vehicle + acs_pct_nonwhite + acs_median_household_income_10k + acs_pct_bachelor_plus
UCMC,NO2,Q1,5.304929783666767,Extubation,1,10.25,0.47099794922850535,NO2 single-pollutant,age_10 + sex + race_ethnicity + charlson_score + index_year_f + acs_pct_poverty + acs_pct_unemployed + acs_pct_no_vehicle + acs_pct_nonwhite + acs_median_household_income_10k + acs_pct_bachelor_plus
UCMC,NO2,Q1,5.304929783666767,Extubation,1,10.5,0.47183408199053223,NO2 single-pollutant,age_10 + sex + race_ethnicity + charlson_score + index_year_f + acs_pct_poverty + acs_pct_unemployed + acs_pct_no_vehicle + acs_pct_nonwhite + acs_median_household_income_10k + acs_pct_bachelor_plus
UCMC,NO2,Q1,5.304929783666767,Extubation,1,10.75,0.4727746296250056,NO2 single-pollutant,age_10 + sex + race_ethnicity + charlson_score + index_year_f + acs_pct_poverty + acs_pct_unemployed + acs_pct_no_vehicle + acs_pct_nonwhite + acs_median_household_income_10k + acs_pct_bachelor_plus
UCMC,NO2,Q1,5.304929783666767,Extubation,1,11,0.4741330454142927,NO2 single-pollutant,age_10 + sex + race_ethnicity + charlson_score + index_year_f + acs_pct_poverty + acs_pct_unemployed + acs_pct_no_vehicle + acs_pct_nonwhite + acs_median_household_income_10k + acs_pct_bachelor_plus
UCMC,NO2,Q1,5.304929783666767,Extubation,1,11.25,0.4747598810325261,NO2 single-pollutant,age_10 + sex + race_ethnicity + charlson_score + index_year_f + acs_pct_poverty + acs_pct_unemployed + acs_pct_no_vehicle + acs_pct_nonwhite + acs_median_household_income_10k + acs_pct_bachelor_plus
UCMC,NO2,Q1,5.304929783666767,Extubation,1,11.5,0.475699952150761,NO2 single-pollutant,age_10 + sex + race_ethnicity + charlson_score + index_year_f + acs_pct_poverty + acs_pct_unemployed + acs_pct_no_vehicle + acs_pct_nonwhite + acs_median_household_income_10k + acs_pct_bachelor_plus
UCMC,NO2,Q1,5.304929783666767,Extubation,1,11.75,0.4768488552309442,NO2 single-pollutant,age_10 + sex + race_ethnicity + charlson_score + index_year_f + acs_pct_poverty + acs_pct_unemployed + acs_pct_no_vehicle + acs_pct_nonwhite + acs_median_household_income_10k + acs_pct_bachelor_plus
UCMC,NO2,Q1,5.304929783666767,Extubation,1,12,0.47925050304065764,NO2 single-pollutant,age_10 + sex + race_ethnicity + charlson_score + index_year_f + acs_pct_poverty + acs_pct_unemployed + acs_pct_no_vehicle + acs_pct_nonwhite + acs_median_household_income_10k + acs_pct_bachelor_plus
UCMC,NO2,Q1,5.304929783666767,Extubation,1,12.25,0.4802947119734622,NO2 single-pollutant,age_10 + sex + race_ethnicity + charlson_score + index_year_f + acs_pct_poverty + acs_pct_unemployed + acs_pct_no_vehicle + acs_pct_nonwhite + acs_median_household_income_10k + acs_pct_bachelor_plus
UCMC,NO2,Q1,5.304929783666767,Extubation,1,12.5,0.4815475519590109,NO2 single-pollutant,age_10 + sex + race_ethnicity + charlson_score + index_year_f + acs_pct_poverty + acs_pct_unemployed + acs_pct_no_vehicle + acs_pct_nonwhite + acs_median_household_income_10k + acs_pct_bachelor_plus
UCMC,NO2,Q1,5.304929783666767,Extubation,1,12.75,0.48342699512859866,NO2 single-pollutant,age_10 + sex + race_ethnicity + charlson_score + index_year_f + acs_pct_poverty + acs_pct_unemployed + acs_pct_no_vehicle + acs_pct_nonwhite + acs_median_household_income_10k + acs_pct_bachelor_plus
UCMC,NO2,Q1,5.304929783666767,Extubation,1,13,0.48405344666461403,NO2 single-pollutant,age_10 + sex + race_ethnicity + charlson_score + index_year_f + acs_pct_poverty + acs_pct_unemployed + acs_pct_no_vehicle + acs_pct_nonwhite + acs_median_household_income_10k + acs_pct_bachelor_plus
UCMC,NO2,Q1,5.304929783666767,Extubation,1,13.25,0.4849931656246086,NO2 single-pollutant,age_10 + sex + race_ethnicity + charlson_score + index_year_f + acs_pct_poverty + acs_pct_unemployed + acs_pct_no_vehicle + acs_pct_nonwhite + acs_median_household_income_10k + acs_pct_bachelor_plus
UCMC,NO2,Q1,5.304929783666767,Extubation,1,13.5,0.485201988884688,NO2 single-pollutant,age_10 + sex + race_ethnicity + charlson_score + index_year_f + acs_pct_poverty + acs_pct_unemployed + acs_pct_no_vehicle + acs_pct_nonwhite + acs_median_household_income_10k + acs_pct_bachelor_plus
UCMC,NO2,Q1,5.304929783666767,Extubation,1,13.75,0.48635036166499745,NO2 single-pollutant,age_10 + sex + race_ethnicity + charlson_score + index_year_f + acs_pct_poverty + acs_pct_unemployed + acs_pct_no_vehicle + acs_pct_nonwhite + acs_median_household_income_10k + acs_pct_bachelor_plus
UCMC,NO2,Q1,5.304929783666767,Extubation,1,14,0.48739431866792204,NO2 single-pollutant,age_10 + sex + race_ethnicity + charlson_score + index_year_f + acs_pct_poverty + acs_pct_unemployed + acs_pct_no_vehicle + acs_pct_nonwhite + acs_median_household_income_10k + acs_pct_bachelor_plus
UCMC,NO2,Q1,5.304929783666767,Extubation,1,14.25,0.488125137397723,NO2 single-pollutant,age_10 + sex + race_ethnicity + charlson_score + index_year_f + acs_pct_poverty + acs_pct_unemployed + acs_pct_no_vehicle + acs_pct_nonwhite + acs_median_household_income_10k + acs_pct_bachelor_plus
UCMC,NO2,Q1,5.304929783666767,Extubation,1,14.5,0.48958659590578146,NO2 single-pollutant,age_10 + sex + race_ethnicity + charlson_score + index_year_f + acs_pct_poverty + acs_pct_unemployed + acs_pct_no_vehicle + acs_pct_nonwhite + acs_median_household_income_10k + acs_pct_bachelor_plus
UCMC,NO2,Q1,5.304929783666767,Extubation,1,14.75,0.489795319111489,NO2 single-pollutant,age_10 + sex + race_ethnicity + charlson_score + index_year_f + acs_pct_poverty + acs_pct_unemployed + acs_pct_no_vehicle + acs_pct_nonwhite + acs_median_household_income_10k + acs_pct_bachelor_plus
UCMC,NO2,Q1,5.304929783666767,Extubation,1,15,0.49021279216454117,NO2 single-pollutant,age_10 + sex + race_ethnicity + charlson_score + index_year_f + acs_pct_poverty + acs_pct_unemployed + acs_pct_no_vehicle + acs_pct_nonwhite + acs_median_household_income_10k + acs_pct_bachelor_plus
UCMC,NO2,Q1,5.304929783666767,Extubation,1,15.25,0.49125674414666864,NO2 single-pollutant,age_10 + sex + race_ethnicity + charlson_score + index_year_f + acs_pct_poverty + acs_pct_unemployed + acs_pct_no_vehicle + acs_pct_nonwhite + acs_median_household_income_10k + acs_pct_bachelor_plus
UCMC,NO2,Q1,5.304929783666767,Extubation,1,15.5,0.49188311660935435,NO2 single-pollutant,age_10 + sex + race_ethnicity + charlson_score + index_year_f + acs_pct_poverty + acs_pct_unemployed + acs_pct_no_vehicle + acs_pct_nonwhite + acs_median_household_income_10k + acs_pct_bachelor_plus
UCMC,NO2,Q1,5.304929783666767,Extubation,1,15.75,0.4923006419425542,NO2 single-pollutant,age_10 + sex + race_ethnicity + charlson_score + index_year_f + acs_pct_poverty + acs_pct_unemployed + acs_pct_no_vehicle + acs_pct_nonwhite + acs_median_household_income_10k + acs_pct_bachelor_plus
UCMC,NO2,Q1,5.304929783666767,Extubation,1,16,0.4928225421587037,NO2 single-pollutant,age_10 + sex + race_ethnicity + charlson_score + index_year_f + acs_pct_poverty + acs_pct_unemployed + acs_pct_no_vehicle + acs_pct_nonwhite + acs_median_household_income_10k + acs_pct_bachelor_plus
UCMC,NO2,Q1,5.304929783666767,Extubation,1,16.25,0.4934488067714907,NO2 single-pollutant,age_10 + sex + race_ethnicity + charlson_score + index_year_f + acs_pct_poverty + acs_pct_unemployed + acs_pct_no_vehicle + acs_pct_nonwhite + acs_median_household_income_10k + acs_pct_bachelor_plus
UCMC,NO2,Q1,5.304929783666767,Extubation,1,16.5,0.49386638427370844,NO2 single-pollutant,age_10 + sex + race_ethnicity + charlson_score + index_year_f + acs_pct_poverty + acs_pct_unemployed + acs_pct_no_vehicle + acs_pct_nonwhite + acs_median_household_income_10k + acs_pct_bachelor_plus
UCMC,NO2,Q1,5.304929783666767,Extubation,1,16.75,0.4943883651326064,NO2 single-pollutant,age_10 + sex + race_ethnicity + charlson_score + index_year_f + acs_pct_poverty + acs_pct_unemployed + acs_pct_no_vehicle + acs_pct_nonwhite + acs_median_household_income_10k + acs_pct_bachelor_plus
UCMC,NO2,Q1,5.304929783666767,Extubation,1,17,0.4950146726219492,NO2 single-pollutant,age_10 + sex + race_ethnicity + charlson_score + index_year_f + acs_pct_poverty + acs_pct_unemployed + acs_pct_no_vehicle + acs_pct_nonwhite + acs_median_household_income_10k + acs_pct_bachelor_plus
UCMC,NO2,Q1,5.304929783666767,Extubation,1,17.25,0.4956409238429905,NO2 single-pollutant,age_10 + sex + race_ethnicity + charlson_score + index_year_f + acs_pct_poverty + acs_pct_unemployed + acs_pct_no_vehicle + acs_pct_nonwhite + acs_median_household_income_10k + acs_pct_bachelor_plus
UCMC,NO2,Q1,5.304929783666767,Extubation,1,17.5,0.4963715196593107,NO2 single-pollutant,age_10 + sex + race_ethnicity + charlson_score + index_year_f + acs_pct_poverty + acs_pct_unemployed + acs_pct_no_vehicle + acs_pct_nonwhite + acs_median_household_income_10k + acs_pct_bachelor_plus
UCMC,NO2,Q1,5.304929783666767,Extubation,1,17.75,0.4965802411028477,NO2 single-pollutant,age_10 + sex + race_ethnicity + charlson_score + index_year_f + acs_pct_poverty + acs_pct_unemployed + acs_pct_no_vehicle + acs_pct_nonwhite + acs_median_household_income_10k + acs_pct_bachelor_plus
UCMC,NO2,Q1,5.304929783666767,Extubation,1,18,0.49710198187870025,NO2 single-pollutant,age_10 + sex + race_ethnicity + charlson_score + index_year_f + acs_pct_poverty + acs_pct_unemployed + acs_pct_no_vehicle + acs_pct_nonwhite + acs_median_household_income_10k + acs_pct_bachelor_plus
UCMC,NO2,Q1,5.304929783666767,Extubation,1,18.25,0.4975193720884111,NO2 single-pollutant,age_10 + sex + race_ethnicity + charlson_score + index_year_f + acs_pct_poverty + acs_pct_unemployed + acs_pct_no_vehicle + acs_pct_nonwhite + acs_median_household_income_10k + acs_pct_bachelor_plus
UCMC,NO2,Q1,5.304929783666767,Extubation,1,18.5,0.4978323947004999,NO2 single-pollutant,age_10 + sex + race_ethnicity + charlson_score + index_year_f + acs_pct_poverty + acs_pct_unemployed + acs_pct_no_vehicle + acs_pct_nonwhite + acs_median_household_income_10k + acs_pct_bachelor_plus
UCMC,NO2,Q1,5.304929783666767,Extubation,1,18.75,0.49814543281174084,NO2 single-pollutant,age_10 + sex + race_ethnicity + charlson_score + index_year_f + acs_pct_poverty + acs_pct_unemployed + acs_pct_no_vehicle + acs_pct_nonwhite + acs_median_household_income_10k + acs_pct_bachelor_plus
UCMC,NO2,Q1,5.304929783666767,Extubation,1,19,0.4988758316907713,NO2 single-pollutant,age_10 + sex + race_ethnicity + charlson_score + index_year_f + acs_pct_poverty + acs_pct_unemployed + acs_pct_no_vehicle + acs_pct_nonwhite + acs_median_household_income_10k + acs_pct_bachelor_plus
UCMC,NO2,Q1,5.304929783666767,Extubation,1,19.25,0.49918890608893784,NO2 single-pollutant,age_10 + sex + race_ethnicity + charlson_score + index_year_f + acs_pct_poverty + acs_pct_unemployed + acs_pct_no_vehicle + acs_pct_nonwhite + acs_median_household_income_10k + acs_pct_bachelor_plus
UCMC,NO2,Q1,5.304929783666767,Extubation,1,19.5,0.49960631835255764,NO2 single-pollutant,age_10 + sex + race_ethnicity + charlson_score + index_year_f + acs_pct_poverty + acs_pct_unemployed + acs_pct_no_vehicle + acs_pct_nonwhite + acs_median_household_income_10k + acs_pct_bachelor_plus
UCMC,NO2,Q1,5.304929783666767,Extubation,1,19.75,0.500336754791287,NO2 single-pollutant,age_10 + sex + race_ethnicity + charlson_score + index_year_f + acs_pct_poverty + acs_pct_unemployed + acs_pct_no_vehicle + acs_pct_nonwhite + acs_median_household_income_10k + acs_pct_bachelor_plus
UCMC,NO2,Q1,5.304929783666767,Extubation,1,20,0.5010672669489262,NO2 single-pollutant,age_10 + sex + race_ethnicity + charlson_score + index_year_f + acs_pct_poverty + acs_pct_unemployed + acs_pct_no_vehicle + acs_pct_nonwhite + acs_median_household_income_10k + acs_pct_bachelor_plus
UCMC,NO2,Q1,5.304929783666767,Extubation,1,20.25,0.5013803526489984,NO2 single-pollutant,age_10 + sex + race_ethnicity + charlson_score + index_year_f + acs_pct_poverty + acs_pct_unemployed + acs_pct_no_vehicle + acs_pct_nonwhite + acs_median_household_income_10k + acs_pct_bachelor_plus
UCMC,NO2,Q1,5.304929783666767,Extubation,1,20.5,0.5015890483468495,NO2 single-pollutant,age_10 + sex + race_ethnicity + charlson_score + index_year_f + acs_pct_poverty + acs_pct_unemployed + acs_pct_no_vehicle + acs_pct_nonwhite + acs_median_household_income_10k + acs_pct_bachelor_plus
UCMC,NO2,Q1,5.304929783666767,Extubation,1,20.75,0.5016933942753117,NO2 single-pollutant,age_10 + sex + race_ethnicity + charlson_score + index_year_f + acs_pct_poverty + acs_pct_unemployed + acs_pct_no_vehicle + acs_pct_nonwhite + acs_median_household_income_10k + acs_pct_bachelor_plus
UCMC,NO2,Q1,5.304929783666767,Extubation,1,21,0.5020064449677677,NO2 single-pollutant,age_10 + sex + race_ethnicity + charlson_score + index_year_f + acs_pct_poverty + acs_pct_unemployed + acs_pct_no_vehicle + acs_pct_nonwhite + acs_median_household_income_10k + acs_pct_bachelor_plus
UCMC,NO2,Q1,5.304929783666767,Extubation,1,21.25,0.5022151373272947,NO2 single-pollutant,age_10 + sex + race_ethnicity + charlson_score + index_year_f + acs_pct_poverty + acs_pct_unemployed + acs_pct_no_vehicle + acs_pct_nonwhite + acs_median_household_income_10k + acs_pct_bachelor_plus
UCMC,NO2,Q1,5.304929783666767,Extubation,1,21.5,0.502632516059935,NO2 single-pollutant,age_10 + sex + race_ethnicity + charlson_score + index_year_f + acs_pct_poverty + acs_pct_unemployed + acs_pct_no_vehicle + acs_pct_nonwhite + acs_median_household_income_10k + acs_pct_bachelor_plus
UCMC,NO2,Q1,5.304929783666767,Extubation,1,21.75,0.5029455168123982,NO2 single-pollutant,age_10 + sex + race_ethnicity + charlson_score + index_year_f + acs_pct_poverty + acs_pct_unemployed + acs_pct_no_vehicle + acs_pct_nonwhite + acs_median_household_income_10k + acs_pct_bachelor_plus
UCMC,NO2,Q1,5.304929783666767,Extubation,1,22,0.5031541923237888,NO2 single-pollutant,age_10 + sex + race_ethnicity + charlson_score + index_year_f + acs_pct_poverty + acs_pct_unemployed + acs_pct_no_vehicle + acs_pct_nonwhite + acs_median_household_income_10k + acs_pct_bachelor_plus
UCMC,NO2,Q1,5.304929783666767,Extubation,1,22.25,0.5032585233691114,NO2 single-pollutant,age_10 + sex + race_ethnicity + charlson_score + index_year_f + acs_pct_poverty + acs_pct_unemployed + acs_pct_no_vehicle + acs_pct_nonwhite + acs_median_household_income_10k + acs_pct_bachelor_plus
UCMC,NO2,Q1,5.304929783666767,Extubation,1,22.5,0.5032585233691114,NO2 single-pollutant,age_10 + sex + race_ethnicity + charlson_score + index_year_f + acs_pct_poverty + acs_pct_unemployed + acs_pct_no_vehicle + acs_pct_nonwhite + acs_median_household_income_10k + acs_pct_bachelor_plus
UCMC,NO2,Q1,5.304929783666767,Extubation,1,22.75,0.5033628538509657,NO2 single-pollutant,age_10 + sex + race_ethnicity + charlson_score + index_year_f + acs_pct_poverty + acs_pct_unemployed + acs_pct_no_vehicle + acs_pct_nonwhite + acs_median_household_income_10k + acs_pct_bachelor_plus
UCMC,NO2,Q1,5.304929783666767,Extubation,1,23,0.5035714954288484,NO2 single-pollutant,age_10 + sex + race_ethnicity + charlson_score + index_year_f + acs_pct_poverty + acs_pct_unemployed + acs_pct_no_vehicle + acs_pct_nonwhite + acs_median_household_income_10k + acs_pct_bachelor_plus
UCMC,NO2,Q1,5.304929783666767,Extubation,1,23.25,0.5036758140494275,NO2 single-pollutant,age_10 + sex + race_ethnicity + charlson_score + index_year_f + acs_pct_poverty + acs_pct_unemployed + acs_pct_no_vehicle + acs_pct_nonwhite + acs_median_household_income_10k + acs_pct_bachelor_plus
UCMC,NO2,Q1,5.304929783666767,Extubation,1,23.5,0.5040930722135977,NO2 single-pollutant,age_10 + sex + race_ethnicity + charlson_score + index_year_f + acs_pct_poverty + acs_pct_unemployed + acs_pct_no_vehicle + acs_pct_nonwhite + acs_median_household_income_10k + acs_pct_bachelor_plus
UCMC,NO2,Q1,5.304929783666767,Extubation,1,23.75,0.504197408212983,NO2 single-pollutant,age_10 + sex + race_ethnicity + charlson_score + index_year_f + acs_pct_poverty + acs_pct_unemployed + acs_pct_no_vehicle + acs_pct_nonwhite + acs_median_household_income_10k + acs_pct_bachelor_plus
UCMC,NO2,Q1,5.304929783666767,Extubation,1,24,0.504823474077289,NO2 single-pollutant,age_10 + sex + race_ethnicity + charlson_score + index_year_f + acs_pct_poverty + acs_pct_unemployed + acs_pct_no_vehicle + acs_pct_nonwhite + acs_median_household_income_10k + acs_pct_bachelor_plus
UCMC,NO2,Q1,5.304929783666767,Extubation,1,24.25,0.5050321942741725,NO2 single-pollutant,age_10 + sex + race_ethnicity + charlson_score + index_year_f + acs_pct_poverty + acs_pct_unemployed + acs_pct_no_vehicle + acs_pct_nonwhite + acs_median_household_income_10k + acs_pct_bachelor_plus
UCMC,NO2,Q1,5.304929783666767,Extubation,1,24.5,0.5050321942741725,NO2 single-pollutant,age_10 + sex + race_ethnicity + charlson_score + index_year_f + acs_pct_poverty + acs_pct_unemployed + acs_pct_no_vehicle + acs_pct_nonwhite + acs_median_household_income_10k + acs_pct_bachelor_plus
UCMC,NO2,Q1,5.304929783666767,Extubation,1,24.75,0.5054496222729798,NO2 single-pollutant,age_10 + sex + race_ethnicity + charlson_score + index_year_f + acs_pct_poverty + acs_pct_unemployed + acs_pct_no_vehicle + acs_pct_nonwhite + acs_median_household_income_10k + acs_pct_bachelor_plus
UCMC,NO2,Q1,5.304929783666767,Extubation,1,25,0.5054496222729798,NO2 single-pollutant,age_10 + sex + race_ethnicity + charlson_score + index_year_f + acs_pct_poverty + acs_pct_unemployed + acs_pct_no_vehicle + acs_pct_nonwhite + acs_median_household_income_10k + acs_pct_bachelor_plus
UCMC,NO2,Q1,5.304929783666767,Extubation,1,25.25,0.505867100265915,NO2 single-pollutant,age_10 + sex + race_ethnicity + charlson_score + index_year_f + acs_pct_poverty + acs_pct_unemployed + acs_pct_no_vehicle + acs_pct_nonwhite + acs_median_household_income_10k + acs_pct_bachelor_plus
UCMC,NO2,Q1,5.304929783666767,Extubation,1,25.5,0.5060758425612701,NO2 single-pollutant,age_10 + sex + race_ethnicity + charlson_score + index_year_f + acs_pct_poverty + acs_pct_unemployed + acs_pct_no_vehicle + acs_pct_nonwhite + acs_median_household_income_10k + acs_pct_bachelor_plus
UCMC,NO2,Q1,5.304929783666767,Extubation,1,25.75,0.5062845901552617,NO2 single-pollutant,age_10 + sex + race_ethnicity + charlson_score + index_year_f + acs_pct_poverty + acs_pct_unemployed + acs_pct_no_vehicle + acs_pct_nonwhite + acs_median_household_income_10k + acs_pct_bachelor_plus
UCMC,NO2,Q1,5.304929783666767,Extubation,1,26,0.5064933575517429,NO2 single-pollutant,age_10 + sex + race_ethnicity + charlson_score + index_year_f + acs_pct_poverty + acs_pct_unemployed + acs_pct_no_vehicle + acs_pct_nonwhite + acs_median_household_income_10k + acs_pct_bachelor_plus
UCMC,NO2,Q1,5.304929783666767,Extubation,1,26.25,0.5065977339824107,NO2 single-pollutant,age_10 + sex + race_ethnicity + charlson_score + index_year_f + acs_pct_poverty + acs_pct_unemployed + acs_pct_no_vehicle + acs_pct_nonwhite + acs_median_household_income_10k + acs_pct_bachelor_plus
UCMC,NO2,Q1,5.304929783666767,Extubation,1,26.5,0.506910880798483,NO2 single-pollutant,age_10 + sex + race_ethnicity + charlson_score + index_year_f + acs_pct_poverty + acs_pct_unemployed + acs_pct_no_vehicle + acs_pct_nonwhite + acs_median_household_income_10k + acs_pct_bachelor_plus
UCMC,NO2,Q1,5.304929783666767,Extubation,1,26.75,0.5070152690278156,NO2 single-pollutant,age_10 + sex + race_ethnicity + charlson_score + index_year_f + acs_pct_poverty + acs_pct_unemployed + acs_pct_no_vehicle + acs_pct_nonwhite + acs_median_household_income_10k + acs_pct_bachelor_plus
UCMC,NO2,Q1,5.304929783666767,Extubation,1,27,0.507119651323084,NO2 single-pollutant,age_10 + sex + race_ethnicity + charlson_score + index_year_f + acs_pct_poverty + acs_pct_unemployed + acs_pct_no_vehicle + acs_pct_nonwhite + acs_median_household_income_10k + acs_pct_bachelor_plus
UCMC,NO2,Q1,5.304929783666767,Extubation,1,27.25,0.5072240327984339,NO2 single-pollutant,age_10 + sex + race_ethnicity + charlson_score + index_year_f + acs_pct_poverty + acs_pct_unemployed + acs_pct_no_vehicle + acs_pct_nonwhite + acs_median_household_income_10k + acs_pct_bachelor_plus
UCMC,NO2,Q1,5.304929783666767,Extubation,1,27.5,0.5072240327984339,NO2 single-pollutant,age_10 + sex + race_ethnicity + charlson_score + index_year_f + acs_pct_poverty + acs_pct_unemployed + acs_pct_no_vehicle + acs_pct_nonwhite + acs_median_household_income_10k + acs_pct_bachelor_plus
UCMC,NO2,Q1,5.304929783666767,Extubation,1,27.75,0.5073284082604775,NO2 single-pollutant,age_10 + sex + race_ethnicity + charlson_score + index_year_f + acs_pct_poverty + acs_pct_unemployed + acs_pct_no_vehicle + acs_pct_nonwhite + acs_median_household_income_10k + acs_pct_bachelor_plus
UCMC,NO2,Q1,5.304929783666767,Extubation,1,28,0.5075371499968363,NO2 single-pollutant,age_10 + sex + race_ethnicity + charlson_score + index_year_f + acs_pct_poverty + acs_pct_unemployed + acs_pct_no_vehicle + acs_pct_nonwhite + acs_median_household_income_10k + acs_pct_bachelor_plus
UCMC,NO2,Q2,8.583861067891124,Extubation,1,0,0,NO2 single-pollutant,age_10 + sex + race_ethnicity + charlson_score + index_year_f + acs_pct_poverty + acs_pct_unemployed + acs_pct_no_vehicle + acs_pct_nonwhite + acs_median_household_income_10k + acs_pct_bachelor_plus
UCMC,NO2,Q2,8.583861067891124,Extubation,1,0.25,0.027653892043258632,NO2 single-pollutant,age_10 + sex + race_ethnicity + charlson_score + index_year_f + acs_pct_poverty + acs_pct_unemployed + acs_pct_no_vehicle + acs_pct_nonwhite + acs_median_household_income_10k + acs_pct_bachelor_plus
UCMC,NO2,Q2,8.583861067891124,Extubation,1,0.5,0.10050776120054439,NO2 single-pollutant,age_10 + sex + race_ethnicity + charlson_score + index_year_f + acs_pct_poverty + acs_pct_unemployed + acs_pct_no_vehicle + acs_pct_nonwhite + acs_median_household_income_10k + acs_pct_bachelor_plus
UCMC,NO2,Q2,8.583861067891124,Extubation,1,0.75,0.1414174120341939,NO2 single-pollutant,age_10 + sex + race_ethnicity + charlson_score + index_year_f + acs_pct_poverty + acs_pct_unemployed + acs_pct_no_vehicle + acs_pct_nonwhite + acs_median_household_income_10k + acs_pct_bachelor_plus
UCMC,NO2,Q2,8.583861067891124,Extubation,1,1,0.19882543698814537,NO2 single-pollutant,age_10 + sex + race_ethnicity + charlson_score + index_year_f + acs_pct_poverty + acs_pct_unemployed + acs_pct_no_vehicle + acs_pct_nonwhite + acs_median_household_income_10k + acs_pct_bachelor_plus
UCMC,NO2,Q2,8.583861067891124,Extubation,1,1.25,0.23132798624352124,NO2 single-pollutant,age_10 + sex + race_ethnicity + charlson_score + index_year_f + acs_pct_poverty + acs_pct_unemployed + acs_pct_no_vehicle + acs_pct_nonwhite + acs_median_household_income_10k + acs_pct_bachelor_plus
UCMC,NO2,Q2,8.583861067891124,Extubation,1,1.5,0.2505132081505256,NO2 single-pollutant,age_10 + sex + race_ethnicity + charlson_score + index_year_f + acs_pct_poverty + acs_pct_unemployed + acs_pct_no_vehicle + acs_pct_nonwhite + acs_median_household_income_10k + acs_pct_bachelor_plus
UCMC,NO2,Q2,8.583861067891124,Extubation,1,1.75,0.2707273726349171,NO2 single-pollutant,age_10 + sex + race_ethnicity + charlson_score + index_year_f + acs_pct_poverty + acs_pct_unemployed + acs_pct_no_vehicle + acs_pct_nonwhite + acs_median_household_income_10k + acs_pct_bachelor_plus
UCMC,NO2,Q2,8.583861067891124,Extubation,1,2,0.29257579322208516,NO2 single-pollutant,age_10 + sex + race_ethnicity + charlson_score + index_year_f + acs_pct_poverty + acs_pct_unemployed + acs_pct_no_vehicle + acs_pct_nonwhite + acs_median_household_income_10k + acs_pct_bachelor_plus
UCMC,NO2,Q2,8.583861067891124,Extubation,1,2.25,0.3083077682362346,NO2 single-pollutant,age_10 + sex + race_ethnicity + charlson_score + index_year_f + acs_pct_poverty + acs_pct_unemployed + acs_pct_no_vehicle + acs_pct_nonwhite + acs_median_household_income_10k + acs_pct_bachelor_plus
UCMC,NO2,Q2,8.583861067891124,Extubation,1,2.5,0.3193434150723211,NO2 single-pollutant,age_10 + sex + race_ethnicity + charlson_score + index_year_f + acs_pct_poverty + acs_pct_unemployed + acs_pct_no_vehicle + acs_pct_nonwhite + acs_median_household_income_10k + acs_pct_bachelor_plus
UCMC,NO2,Q2,8.583861067891124,Extubation,1,2.75,0.332325363350624,NO2 single-pollutant,age_10 + sex + race_ethnicity + charlson_score + index_year_f + acs_pct_poverty + acs_pct_unemployed + acs_pct_no_vehicle + acs_pct_nonwhite + acs_median_household_income_10k + acs_pct_bachelor_plus
UCMC,NO2,Q2,8.583861067891124,Extubation,1,3,0.3439769985884188,NO2 single-pollutant,age_10 + sex + race_ethnicity + charlson_score + index_year_f + acs_pct_poverty + acs_pct_unemployed + acs_pct_no_vehicle + acs_pct_nonwhite + acs_median_household_income_10k + acs_pct_bachelor_plus
UCMC,NO2,Q2,8.583861067891124,Extubation,1,3.25,0.353079430581006,NO2 single-pollutant,age_10 + sex + race_ethnicity + charlson_score + index_year_f + acs_pct_poverty + acs_pct_unemployed + acs_pct_no_vehicle + acs_pct_nonwhite + acs_median_household_income_10k + acs_pct_bachelor_plus
UCMC,NO2,Q2,8.583861067891124,Extubation,1,3.5,0.3612634947596064,NO2 single-pollutant,age_10 + sex + race_ethnicity + charlson_score + index_year_f + acs_pct_poverty + acs_pct_unemployed + acs_pct_no_vehicle + acs_pct_nonwhite + acs_median_household_income_10k + acs_pct_bachelor_plus
UCMC,NO2,Q2,8.583861067891124,Extubation,1,3.75,0.36832560154141736,NO2 single-pollutant,age_10 + sex + race_ethnicity + charlson_score + index_year_f + acs_pct_poverty + acs_pct_unemployed + acs_pct_no_vehicle + acs_pct_nonwhite + acs_median_household_income_10k + acs_pct_bachelor_plus
UCMC,NO2,Q2,8.583861067891124,Extubation,1,4,0.3752847431567713,NO2 single-pollutant,age_10 + sex + race_ethnicity + charlson_score + index_year_f + acs_pct_poverty + acs_pct_unemployed + acs_pct_no_vehicle + acs_pct_nonwhite + acs_median_household_income_10k + acs_pct_bachelor_plus
UCMC,NO2,Q2,8.583861067891124,Extubation,1,4.25,0.3813254063158136,NO2 single-pollutant,age_10 + sex + race_ethnicity + charlson_score + index_year_f + acs_pct_poverty + acs_pct_unemployed + acs_pct_no_vehicle + acs_pct_nonwhite + acs_median_household_income_10k + acs_pct_bachelor_plus
UCMC,NO2,Q2,8.583861067891124,Extubation,1,4.5,0.3864435803593381,NO2 single-pollutant,age_10 + sex + race_ethnicity + charlson_score + index_year_f + acs_pct_poverty + acs_pct_unemployed + acs_pct_no_vehicle + acs_pct_nonwhite + acs_median_household_income_10k + acs_pct_bachelor_plus
UCMC,NO2,Q2,8.583861067891124,Extubation,1,4.75,0.39145846473850077,NO2 single-pollutant,age_10 + sex + race_ethnicity + charlson_score + index_year_f + acs_pct_poverty + acs_pct_unemployed + acs_pct_no_vehicle + acs_pct_nonwhite + acs_median_household_income_10k + acs_pct_bachelor_plus
UCMC,NO2,Q2,8.583861067891124,Extubation,1,5,0.39677950734226186,NO2 single-pollutant,age_10 + sex + race_ethnicity + charlson_score + index_year_f + acs_pct_poverty + acs_pct_unemployed + acs_pct_no_vehicle + acs_pct_nonwhite + acs_median_household_income_10k + acs_pct_bachelor_plus
UCMC,NO2,Q2,8.583861067891124,Extubation,1,5.25,0.4014860158236899,NO2 single-pollutant,age_10 + sex + race_ethnicity + charlson_score + index_year_f + acs_pct_poverty + acs_pct_unemployed + acs_pct_no_vehicle + acs_pct_nonwhite + acs_median_household_income_10k + acs_pct_bachelor_plus
UCMC,NO2,Q2,8.583861067891124,Extubation,1,5.5,0.4058861752082713,NO2 single-pollutant,age_10 + sex + race_ethnicity + charlson_score + index_year_f + acs_pct_poverty + acs_pct_unemployed + acs_pct_no_vehicle + acs_pct_nonwhite + acs_median_household_income_10k + acs_pct_bachelor_plus
UCMC,NO2,Q2,8.583861067891124,Extubation,1,5.75,0.4097740418007705,NO2 single-pollutant,age_10 + sex + race_ethnicity + charlson_score + index_year_f + acs_pct_poverty + acs_pct_unemployed + acs_pct_no_vehicle + acs_pct_nonwhite + acs_median_household_income_10k + acs_pct_bachelor_plus
UCMC,NO2,Q2,8.583861067891124,Extubation,1,6,0.41396759343364886,NO2 single-pollutant,age_10 + sex + race_ethnicity + charlson_score + index_year_f + acs_pct_poverty + acs_pct_unemployed + acs_pct_no_vehicle + acs_pct_nonwhite + acs_median_household_income_10k + acs_pct_bachelor_plus
UCMC,NO2,Q2,8.583861067891124,Extubation,1,6.25,0.41693338475401587,NO2 single-pollutant,age_10 + sex + race_ethnicity + charlson_score + index_year_f + acs_pct_poverty + acs_pct_unemployed + acs_pct_no_vehicle + acs_pct_nonwhite + acs_median_household_income_10k + acs_pct_bachelor_plus
UCMC,NO2,Q2,8.583861067891124,Extubation,1,6.5,0.42010407587551213,NO2 single-pollutant,age_10 + sex + race_ethnicity + charlson_score + index_year_f + acs_pct_poverty + acs_pct_unemployed + acs_pct_no_vehicle + acs_pct_nonwhite + acs_median_household_income_10k + acs_pct_bachelor_plus
UCMC,NO2,Q2,8.583861067891124,Extubation,1,6.75,0.42348061041519613,NO2 single-pollutant,age_10 + sex + race_ethnicity + charlson_score + index_year_f + acs_pct_poverty + acs_pct_unemployed + acs_pct_no_vehicle + acs_pct_nonwhite + acs_median_household_income_10k + acs_pct_bachelor_plus
UCMC,NO2,Q2,8.583861067891124,Extubation,1,7,0.4267557599983136,NO2 single-pollutant,age_10 + sex + race_ethnicity + charlson_score + index_year_f + acs_pct_poverty + acs_pct_unemployed + acs_pct_no_vehicle + acs_pct_nonwhite + acs_median_household_income_10k + acs_pct_bachelor_plus
UCMC,NO2,Q2,8.583861067891124,Extubation,1,7.25,0.42921175399040135,NO2 single-pollutant,age_10 + sex + race_ethnicity + charlson_score + index_year_f + acs_pct_poverty + acs_pct_unemployed + acs_pct_no_vehicle + acs_pct_nonwhite + acs_median_household_income_10k + acs_pct_bachelor_plus
UCMC,NO2,Q2,8.583861067891124,Extubation,1,7.5,0.4313608951000044,NO2 single-pollutant,age_10 + sex + race_ethnicity + charlson_score + index_year_f + acs_pct_poverty + acs_pct_unemployed + acs_pct_no_vehicle + acs_pct_nonwhite + acs_median_household_income_10k + acs_pct_bachelor_plus
UCMC,NO2,Q2,8.583861067891124,Extubation,1,7.75,0.43422749528472604,NO2 single-pollutant,age_10 + sex + race_ethnicity + charlson_score + index_year_f + acs_pct_poverty + acs_pct_unemployed + acs_pct_no_vehicle + acs_pct_nonwhite + acs_median_household_income_10k + acs_pct_bachelor_plus
UCMC,NO2,Q2,8.583861067891124,Extubation,1,8,0.4373001411975326,NO2 single-pollutant,age_10 + sex + race_ethnicity + charlson_score + index_year_f + acs_pct_poverty + acs_pct_unemployed + acs_pct_no_vehicle + acs_pct_nonwhite + acs_median_household_income_10k + acs_pct_bachelor_plus
UCMC,NO2,Q2,8.583861067891124,Extubation,1,8.25,0.43914442857665337,NO2 single-pollutant,age_10 + sex + race_ethnicity + charlson_score + index_year_f + acs_pct_poverty + acs_pct_unemployed + acs_pct_no_vehicle + acs_pct_nonwhite + acs_median_household_income_10k + acs_pct_bachelor_plus
UCMC,NO2,Q2,8.583861067891124,Extubation,1,8.5,0.441194115633315,NO2 single-pollutant,age_10 + sex + race_ethnicity + charlson_score + index_year_f + acs_pct_poverty + acs_pct_unemployed + acs_pct_no_vehicle + acs_pct_nonwhite + acs_median_household_income_10k + acs_pct_bachelor_plus
UCMC,NO2,Q2,8.583861067891124,Extubation,1,8.75,0.44375642190280296,NO2 single-pollutant,age_10 + sex + race_ethnicity + charlson_score + index_year_f + acs_pct_poverty + acs_pct_unemployed + acs_pct_no_vehicle + acs_pct_nonwhite + acs_median_household_income_10k + acs_pct_bachelor_plus
UCMC,NO2,Q2,8.583861067891124,Extubation,1,9,0.44601127274353525,NO2 single-pollutant,age_10 + sex + race_ethnicity + charlson_score + index_year_f + acs_pct_poverty + acs_pct_unemployed + acs_pct_no_vehicle + acs_pct_nonwhite + acs_median_household_income_10k + acs_pct_bachelor_plus
UCMC,NO2,Q2,8.583861067891124,Extubation,1,9.25,0.4478565112094419,NO2 single-pollutant,age_10 + sex + race_ethnicity + charlson_score + index_year_f + acs_pct_poverty + acs_pct_unemployed + acs_pct_no_vehicle + acs_pct_nonwhite + acs_median_household_income_10k + acs_pct_bachelor_plus
UCMC,NO2,Q2,8.583861067891124,Extubation,1,9.5,0.44949698608661515,NO2 single-pollutant,age_10 + sex + race_ethnicity + charlson_score + index_year_f + acs_pct_poverty + acs_pct_unemployed + acs_pct_no_vehicle + acs_pct_nonwhite + acs_median_household_income_10k + acs_pct_bachelor_plus
UCMC,NO2,Q2,8.583861067891124,Extubation,1,9.75,0.4510350350410258,NO2 single-pollutant,age_10 + sex + race_ethnicity + charlson_score + index_year_f + acs_pct_poverty + acs_pct_unemployed + acs_pct_no_vehicle + acs_pct_nonwhite + acs_median_household_income_10k + acs_pct_bachelor_plus
UCMC,NO2,Q2,8.583861067891124,Extubation,1,10,0.45308608674105433,NO2 single-pollutant,age_10 + sex + race_ethnicity + charlson_score + index_year_f + acs_pct_poverty + acs_pct_unemployed + acs_pct_no_vehicle + acs_pct_nonwhite + acs_median_household_income_10k + acs_pct_bachelor_plus
UCMC,NO2,Q2,8.583861067891124,Extubation,1,10.25,0.45452218139531964,NO2 single-pollutant,age_10 + sex + race_ethnicity + charlson_score + index_year_f + acs_pct_poverty + acs_pct_unemployed + acs_pct_no_vehicle + acs_pct_nonwhite + acs_median_household_income_10k + acs_pct_bachelor_plus
UCMC,NO2,Q2,8.583861067891124,Extubation,1,10.5,0.4553428599529801,NO2 single-pollutant,age_10 + sex + race_ethnicity + charlson_score + index_year_f + acs_pct_poverty + acs_pct_unemployed + acs_pct_no_vehicle + acs_pct_nonwhite + acs_median_household_income_10k + acs_pct_bachelor_plus
UCMC,NO2,Q2,8.583861067891124,Extubation,1,10.75,0.456266098281887,NO2 single-pollutant,age_10 + sex + race_ethnicity + charlson_score + index_year_f + acs_pct_poverty + acs_pct_unemployed + acs_pct_no_vehicle + acs_pct_nonwhite + acs_median_household_income_10k + acs_pct_bachelor_plus
UCMC,NO2,Q2,8.583861067891124,Extubation,1,11,0.4575996546267086,NO2 single-pollutant,age_10 + sex + race_ethnicity + charlson_score + index_year_f + acs_pct_poverty + acs_pct_unemployed + acs_pct_no_vehicle + acs_pct_nonwhite + acs_median_household_income_10k + acs_pct_bachelor_plus
UCMC,NO2,Q2,8.583861067891124,Extubation,1,11.25,0.45821507487533175,NO2 single-pollutant,age_10 + sex + race_ethnicity + charlson_score + index_year_f + acs_pct_poverty + acs_pct_unemployed + acs_pct_no_vehicle + acs_pct_nonwhite + acs_median_household_income_10k + acs_pct_bachelor_plus
UCMC,NO2,Q2,8.583861067891124,Extubation,1,11.5,0.4591380925832239,NO2 single-pollutant,age_10 + sex + race_ethnicity + charlson_score + index_year_f + acs_pct_poverty + acs_pct_unemployed + acs_pct_no_vehicle + acs_pct_nonwhite + acs_median_household_income_10k + acs_pct_bachelor_plus
UCMC,NO2,Q2,8.583861067891124,Extubation,1,11.75,0.4602662621859478,NO2 single-pollutant,age_10 + sex + race_ethnicity + charlson_score + index_year_f + acs_pct_poverty + acs_pct_unemployed + acs_pct_no_vehicle + acs_pct_nonwhite + acs_median_household_income_10k + acs_pct_bachelor_plus
UCMC,NO2,Q2,8.583861067891124,Extubation,1,12,0.4626249548785978,NO2 single-pollutant,age_10 + sex + race_ethnicity + charlson_score + index_year_f + acs_pct_poverty + acs_pct_unemployed + acs_pct_no_vehicle + acs_pct_nonwhite + acs_median_household_income_10k + acs_pct_bachelor_plus
UCMC,NO2,Q2,8.583861067891124,Extubation,1,12.25,0.46365065071482114,NO2 single-pollutant,age_10 + sex + race_ethnicity + charlson_score + index_year_f + acs_pct_poverty + acs_pct_unemployed + acs_pct_no_vehicle + acs_pct_nonwhite + acs_median_household_income_10k + acs_pct_bachelor_plus
UCMC,NO2,Q2,8.583861067891124,Extubation,1,12.5,0.46488140973708436,NO2 single-pollutant,age_10 + sex + race_ethnicity + charlson_score + index_year_f + acs_pct_poverty + acs_pct_unemployed + acs_pct_no_vehicle + acs_pct_nonwhite + acs_median_household_income_10k + acs_pct_bachelor_plus
UCMC,NO2,Q2,8.583861067891124,Extubation,1,12.75,0.4667279969974384,NO2 single-pollutant,age_10 + sex + race_ethnicity + charlson_score + index_year_f + acs_pct_poverty + acs_pct_unemployed + acs_pct_no_vehicle + acs_pct_nonwhite + acs_median_household_income_10k + acs_pct_bachelor_plus
UCMC,NO2,Q2,8.583861067891124,Extubation,1,13,0.4673435689308827,NO2 single-pollutant,age_10 + sex + race_ethnicity + charlson_score + index_year_f + acs_pct_poverty + acs_pct_unemployed + acs_pct_no_vehicle + acs_pct_nonwhite + acs_median_household_income_10k + acs_pct_bachelor_plus
UCMC,NO2,Q2,8.583861067891124,Extubation,1,13.25,0.46826703528355607,NO2 single-pollutant,age_10 + sex + race_ethnicity + charlson_score + index_year_f + acs_pct_poverty + acs_pct_unemployed + acs_pct_no_vehicle + acs_pct_nonwhite + acs_median_household_income_10k + acs_pct_bachelor_plus
UCMC,NO2,Q2,8.583861067891124,Extubation,1,13.5,0.46847225792453506,NO2 single-pollutant,age_10 + sex + race_ethnicity + charlson_score + index_year_f + acs_pct_poverty + acs_pct_unemployed + acs_pct_no_vehicle + acs_pct_nonwhite + acs_median_household_income_10k + acs_pct_bachelor_plus
UCMC,NO2,Q2,8.583861067891124,Extubation,1,13.75,0.46960090167510415,NO2 single-pollutant,age_10 + sex + race_ethnicity + charlson_score + index_year_f + acs_pct_poverty + acs_pct_unemployed + acs_pct_no_vehicle + acs_pct_nonwhite + acs_median_household_income_10k + acs_pct_bachelor_plus
UCMC,NO2,Q2,8.583861067891124,Extubation,1,14,0.47062702897104114,NO2 single-pollutant,age_10 + sex + race_ethnicity + charlson_score + index_year_f + acs_pct_poverty + acs_pct_unemployed + acs_pct_no_vehicle + acs_pct_nonwhite + acs_median_household_income_10k + acs_pct_bachelor_plus
UCMC,NO2,Q2,8.583861067891124,Extubation,1,14.25,0.47134542595740514,NO2 single-pollutant,age_10 + sex + race_ethnicity + charlson_score + index_year_f + acs_pct_poverty + acs_pct_unemployed + acs_pct_no_vehicle + acs_pct_nonwhite + acs_median_household_income_10k + acs_pct_bachelor_plus
UCMC,NO2,Q2,8.583861067891124,Extubation,1,14.5,0.4727821922749602,NO2 single-pollutant,age_10 + sex + race_ethnicity + charlson_score + index_year_f + acs_pct_poverty + acs_pct_unemployed + acs_pct_no_vehicle + acs_pct_nonwhite + acs_median_household_income_10k + acs_pct_bachelor_plus
UCMC,NO2,Q2,8.583861067891124,Extubation,1,14.75,0.4729874051383306,NO2 single-pollutant,age_10 + sex + race_ethnicity + charlson_score + index_year_f + acs_pct_poverty + acs_pct_unemployed + acs_pct_no_vehicle + acs_pct_nonwhite + acs_median_household_income_10k + acs_pct_bachelor_plus
UCMC,NO2,Q2,8.583861067891124,Extubation,1,15,0.47339786919248683,NO2 single-pollutant,age_10 + sex + race_ethnicity + charlson_score + index_year_f + acs_pct_poverty + acs_pct_unemployed + acs_pct_no_vehicle + acs_pct_nonwhite + acs_median_household_income_10k + acs_pct_bachelor_plus
UCMC,NO2,Q2,8.583861067891124,Extubation,1,15.25,0.4744243650499226,NO2 single-pollutant,age_10 + sex + race_ethnicity + charlson_score + index_year_f + acs_pct_poverty + acs_pct_unemployed + acs_pct_no_vehicle + acs_pct_nonwhite + acs_median_household_income_10k + acs_pct_bachelor_plus
UCMC,NO2,Q2,8.583861067891124,Extubation,1,15.5,0.4750403125034155,NO2 single-pollutant,age_10 + sex + race_ethnicity + charlson_score + index_year_f + acs_pct_poverty + acs_pct_unemployed + acs_pct_no_vehicle + acs_pct_nonwhite + acs_median_household_income_10k + acs_pct_bachelor_plus
UCMC,NO2,Q2,8.583861067891124,Extubation,1,15.75,0.47545090907917675,NO2 single-pollutant,age_10 + sex + race_ethnicity + charlson_score + index_year_f + acs_pct_poverty + acs_pct_unemployed + acs_pct_no_vehicle + acs_pct_nonwhite + acs_median_household_income_10k + acs_pct_bachelor_plus
UCMC,NO2,Q2,8.583861067891124,Extubation,1,16,0.4759641713283639,NO2 single-pollutant,age_10 + sex + race_ethnicity + charlson_score + index_year_f + acs_pct_poverty + acs_pct_unemployed + acs_pct_no_vehicle + acs_pct_nonwhite + acs_median_household_income_10k + acs_pct_bachelor_plus
UCMC,NO2,Q2,8.583861067891124,Extubation,1,16.25,0.47658010422123387,NO2 single-pollutant,age_10 + sex + race_ethnicity + charlson_score + index_year_f + acs_pct_poverty + acs_pct_unemployed + acs_pct_no_vehicle + acs_pct_nonwhite + acs_median_household_income_10k + acs_pct_bachelor_plus
UCMC,NO2,Q2,8.583861067891124,Extubation,1,16.5,0.47699081317108727,NO2 single-pollutant,age_10 + sex + race_ethnicity + charlson_score + index_year_f + acs_pct_poverty + acs_pct_unemployed + acs_pct_no_vehicle + acs_pct_nonwhite + acs_median_household_income_10k + acs_pct_bachelor_plus
UCMC,NO2,Q2,8.583861067891124,Extubation,1,16.75,0.4775042311455636,NO2 single-pollutant,age_10 + sex + race_ethnicity + charlson_score + index_year_f + acs_pct_poverty + acs_pct_unemployed + acs_pct_no_vehicle + acs_pct_nonwhite + acs_median_household_income_10k + acs_pct_bachelor_plus
UCMC,NO2,Q2,8.583861067891124,Extubation,1,17,0.47812029801082245,NO2 single-pollutant,age_10 + sex + race_ethnicity + charlson_score + index_year_f + acs_pct_poverty + acs_pct_unemployed + acs_pct_no_vehicle + acs_pct_nonwhite + acs_median_household_income_10k + acs_pct_bachelor_plus
UCMC,NO2,Q2,8.583861067891124,Extubation,1,17.25,0.47873634632586526,NO2 single-pollutant,age_10 + sex + race_ethnicity + charlson_score + index_year_f + acs_pct_poverty + acs_pct_unemployed + acs_pct_no_vehicle + acs_pct_nonwhite + acs_median_household_income_10k + acs_pct_bachelor_plus
UCMC,NO2,Q2,8.583861067891124,Extubation,1,17.5,0.4794550858179848,NO2 single-pollutant,age_10 + sex + race_ethnicity + charlson_score + index_year_f + acs_pct_poverty + acs_pct_unemployed + acs_pct_no_vehicle + acs_pct_nonwhite + acs_median_household_income_10k + acs_pct_bachelor_plus
UCMC,NO2,Q2,8.583861067891124,Extubation,1,17.75,0.47966042928830543,NO2 single-pollutant,age_10 + sex + race_ethnicity + charlson_score + index_year_f + acs_pct_poverty + acs_pct_unemployed + acs_pct_no_vehicle + acs_pct_nonwhite + acs_median_household_income_10k + acs_pct_bachelor_plus
UCMC,NO2,Q2,8.583861067891124,Extubation,1,18,0.48017374408867597,NO2 single-pollutant,age_10 + sex + race_ethnicity + charlson_score + index_year_f + acs_pct_poverty + acs_pct_unemployed + acs_pct_no_vehicle + acs_pct_nonwhite + acs_median_household_income_10k + acs_pct_bachelor_plus
UCMC,NO2,Q2,8.583861067891124,Extubation,1,18.25,0.48058441202411684,NO2 single-pollutant,age_10 + sex + race_ethnicity + charlson_score + index_year_f + acs_pct_poverty + acs_pct_unemployed + acs_pct_no_vehicle + acs_pct_nonwhite + acs_median_household_income_10k + acs_pct_bachelor_plus
UCMC,NO2,Q2,8.583861067891124,Extubation,1,18.5,0.4808924040342193,NO2 single-pollutant,age_10 + sex + race_ethnicity + charlson_score + index_year_f + acs_pct_poverty + acs_pct_unemployed + acs_pct_no_vehicle + acs_pct_nonwhite + acs_median_household_income_10k + acs_pct_bachelor_plus
UCMC,NO2,Q2,8.583861067891124,Extubation,1,18.75,0.48120042054219603,NO2 single-pollutant,age_10 + sex + race_ethnicity + charlson_score + index_year_f + acs_pct_poverty + acs_pct_unemployed + acs_pct_no_vehicle + acs_pct_nonwhite + acs_median_household_income_10k + acs_pct_bachelor_plus
UCMC,NO2,Q2,8.583861067891124,Extubation,1,19,0.4819191387186176,NO2 single-pollutant,age_10 + sex + race_ethnicity + charlson_score + index_year_f + acs_pct_poverty + acs_pct_unemployed + acs_pct_no_vehicle + acs_pct_nonwhite + acs_median_household_income_10k + acs_pct_bachelor_plus
UCMC,NO2,Q2,8.583861067891124,Extubation,1,19.25,0.48222722180535493,NO2 single-pollutant,age_10 + sex + race_ethnicity + charlson_score + index_year_f + acs_pct_poverty + acs_pct_unemployed + acs_pct_no_vehicle + acs_pct_nonwhite + acs_median_household_income_10k + acs_pct_bachelor_plus
UCMC,NO2,Q2,8.583861067891124,Extubation,1,19.5,0.4826379937401659,NO2 single-pollutant,age_10 + sex + race_ethnicity + charlson_score + index_year_f + acs_pct_poverty + acs_pct_unemployed + acs_pct_no_vehicle + acs_pct_nonwhite + acs_median_household_income_10k + acs_pct_bachelor_plus
UCMC,NO2,Q2,8.583861067891124,Extubation,1,19.75,0.48335684987962113,NO2 single-pollutant,age_10 + sex + race_ethnicity + charlson_score + index_year_f + acs_pct_poverty + acs_pct_unemployed + acs_pct_no_vehicle + acs_pct_nonwhite + acs_median_household_income_10k + acs_pct_bachelor_plus
UCMC,NO2,Q2,8.583861067891124,Extubation,1,20,0.4840758311623785,NO2 single-pollutant,age_10 + sex + race_ethnicity + charlson_score + index_year_f + acs_pct_poverty + acs_pct_unemployed + acs_pct_no_vehicle + acs_pct_nonwhite + acs_median_household_income_10k + acs_pct_bachelor_plus
UCMC,NO2,Q2,8.583861067891124,Extubation,1,20.25,0.48438399043393565,NO2 single-pollutant,age_10 + sex + race_ethnicity + charlson_score + index_year_f + acs_pct_poverty + acs_pct_unemployed + acs_pct_no_vehicle + acs_pct_nonwhite + acs_median_household_income_10k + acs_pct_bachelor_plus
UCMC,NO2,Q2,8.583861067891124,Extubation,1,20.5,0.4845894074646445,NO2 single-pollutant,age_10 + sex + race_ethnicity + charlson_score + index_year_f + acs_pct_poverty + acs_pct_unemployed + acs_pct_no_vehicle + acs_pct_nonwhite + acs_median_household_income_10k + acs_pct_bachelor_plus
UCMC,NO2,Q2,8.583861067891124,Extubation,1,20.75,0.48469211564312775,NO2 single-pollutant,age_10 + sex + race_ethnicity + charlson_score + index_year_f + acs_pct_poverty + acs_pct_unemployed + acs_pct_no_vehicle + acs_pct_nonwhite + acs_median_household_income_10k + acs_pct_bachelor_plus
UCMC,NO2,Q2,8.583861067891124,Extubation,1,21,0.48500025909985056,NO2 single-pollutant,age_10 + sex + race_ethnicity + charlson_score + index_year_f + acs_pct_poverty + acs_pct_unemployed + acs_pct_no_vehicle + acs_pct_nonwhite + acs_median_household_income_10k + acs_pct_bachelor_plus
UCMC,NO2,Q2,8.583861067891124,Extubation,1,21.25,0.4852056852785953,NO2 single-pollutant,age_10 + sex + race_ethnicity + charlson_score + index_year_f + acs_pct_poverty + acs_pct_unemployed + acs_pct_no_vehicle + acs_pct_nonwhite + acs_median_household_income_10k + acs_pct_bachelor_plus
UCMC,NO2,Q2,8.583861067891124,Extubation,1,21.5,0.4856165441894593,NO2 single-pollutant,age_10 + sex + race_ethnicity + charlson_score + index_year_f + acs_pct_poverty + acs_pct_unemployed + acs_pct_no_vehicle + acs_pct_nonwhite + acs_median_household_income_10k + acs_pct_bachelor_plus
UCMC,NO2,Q2,8.583861067891124,Extubation,1,21.75,0.48592466649152954,NO2 single-pollutant,age_10 + sex + race_ethnicity + charlson_score + index_year_f + acs_pct_poverty + acs_pct_unemployed + acs_pct_no_vehicle + acs_pct_nonwhite + acs_median_household_income_10k + acs_pct_bachelor_plus
UCMC,NO2,Q2,8.583861067891124,Extubation,1,22,0.486130094764503,NO2 single-pollutant,age_10 + sex + race_ethnicity + charlson_score + index_year_f + acs_pct_poverty + acs_pct_unemployed + acs_pct_no_vehicle + acs_pct_nonwhite + acs_median_household_income_10k + acs_pct_bachelor_plus
UCMC,NO2,Q2,8.583861067891124,Extubation,1,22.25,0.4862328038531919,NO2 single-pollutant,age_10 + sex + race_ethnicity + charlson_score + index_year_f + acs_pct_poverty + acs_pct_unemployed + acs_pct_no_vehicle + acs_pct_nonwhite + acs_median_household_income_10k + acs_pct_bachelor_plus
UCMC,NO2,Q2,8.583861067891124,Extubation,1,22.5,0.4862328038531919,NO2 single-pollutant,age_10 + sex + race_ethnicity + charlson_score + index_year_f + acs_pct_poverty + acs_pct_unemployed + acs_pct_no_vehicle + acs_pct_nonwhite + acs_median_household_income_10k + acs_pct_bachelor_plus
UCMC,NO2,Q2,8.583861067891124,Extubation,1,22.75,0.4863355134261933,NO2 single-pollutant,age_10 + sex + race_ethnicity + charlson_score + index_year_f + acs_pct_poverty + acs_pct_unemployed + acs_pct_no_vehicle + acs_pct_nonwhite + acs_median_household_income_10k + acs_pct_bachelor_plus
UCMC,NO2,Q2,8.583861067891124,Extubation,1,23,0.48654091660504095,NO2 single-pollutant,age_10 + sex + race_ethnicity + charlson_score + index_year_f + acs_pct_poverty + acs_pct_unemployed + acs_pct_no_vehicle + acs_pct_nonwhite + acs_median_household_income_10k + acs_pct_bachelor_plus
UCMC,NO2,Q2,8.583861067891124,Extubation,1,23.25,0.4866436176188682,NO2 single-pollutant,age_10 + sex + race_ethnicity + charlson_score + index_year_f + acs_pct_poverty + acs_pct_unemployed + acs_pct_no_vehicle + acs_pct_nonwhite + acs_median_household_income_10k + acs_pct_bachelor_plus
UCMC,NO2,Q2,8.583861067891124,Extubation,1,23.5,0.48705441600759947,NO2 single-pollutant,age_10 + sex + race_ethnicity + charlson_score + index_year_f + acs_pct_poverty + acs_pct_unemployed + acs_pct_no_vehicle + acs_pct_nonwhite + acs_median_household_income_10k + acs_pct_bachelor_plus
UCMC,NO2,Q2,8.583861067891124,Extubation,1,23.75,0.4871571393323194,NO2 single-pollutant,age_10 + sex + race_ethnicity + charlson_score + index_year_f + acs_pct_poverty + acs_pct_unemployed + acs_pct_no_vehicle + acs_pct_nonwhite + acs_median_household_income_10k + acs_pct_bachelor_plus
UCMC,NO2,Q2,8.583861067891124,Extubation,1,24,0.4877735502541293,NO2 single-pollutant,age_10 + sex + race_ethnicity + charlson_score + index_year_f + acs_pct_poverty + acs_pct_unemployed + acs_pct_no_vehicle + acs_pct_nonwhite + acs_median_household_income_10k + acs_pct_bachelor_plus
UCMC,NO2,Q2,8.583861067891124,Extubation,1,24.25,0.48797905999091906,NO2 single-pollutant,age_10 + sex + race_ethnicity + charlson_score + index_year_f + acs_pct_poverty + acs_pct_unemployed + acs_pct_no_vehicle + acs_pct_nonwhite + acs_median_household_income_10k + acs_pct_bachelor_plus
UCMC,NO2,Q2,8.583861067891124,Extubation,1,24.5,0.48797905999091906,NO2 single-pollutant,age_10 + sex + race_ethnicity + charlson_score + index_year_f + acs_pct_poverty + acs_pct_unemployed + acs_pct_no_vehicle + acs_pct_nonwhite + acs_median_household_income_10k + acs_pct_bachelor_plus
UCMC,NO2,Q2,8.583861067891124,Extubation,1,24.75,0.48839007978357896,NO2 single-pollutant,age_10 + sex + race_ethnicity + charlson_score + index_year_f + acs_pct_poverty + acs_pct_unemployed + acs_pct_no_vehicle + acs_pct_nonwhite + acs_median_household_income_10k + acs_pct_bachelor_plus
UCMC,NO2,Q2,8.583861067891124,Extubation,1,25,0.48839007978357896,NO2 single-pollutant,age_10 + sex + race_ethnicity + charlson_score + index_year_f + acs_pct_poverty + acs_pct_unemployed + acs_pct_no_vehicle + acs_pct_nonwhite + acs_median_household_income_10k + acs_pct_bachelor_plus
UCMC,NO2,Q2,8.583861067891124,Extubation,1,25.25,0.4888011655158703,NO2 single-pollutant,age_10 + sex + race_ethnicity + charlson_score + index_year_f + acs_pct_poverty + acs_pct_unemployed + acs_pct_no_vehicle + acs_pct_nonwhite + acs_median_household_income_10k + acs_pct_bachelor_plus
UCMC,NO2,Q2,8.583861067891124,Extubation,1,25.5,0.4890067179028975,NO2 single-pollutant,age_10 + sex + race_ethnicity + charlson_score + index_year_f + acs_pct_poverty + acs_pct_unemployed + acs_pct_no_vehicle + acs_pct_nonwhite + acs_median_household_income_10k + acs_pct_bachelor_plus
UCMC,NO2,Q2,8.583861067891124,Extubation,1,25.75,0.4892122796919328,NO2 single-pollutant,age_10 + sex + race_ethnicity + charlson_score + index_year_f + acs_pct_poverty + acs_pct_unemployed + acs_pct_no_vehicle + acs_pct_nonwhite + acs_median_household_income_10k + acs_pct_bachelor_plus
UCMC,NO2,Q2,8.583861067891124,Extubation,1,26,0.48941786516808816,NO2 single-pollutant,age_10 + sex + race_ethnicity + charlson_score + index_year_f + acs_pct_poverty + acs_pct_unemployed + acs_pct_no_vehicle + acs_pct_nonwhite + acs_median_household_income_10k + acs_pct_bachelor_plus
UCMC,NO2,Q2,8.583861067891124,Extubation,1,26.25,0.4895206523199378,NO2 single-pollutant,age_10 + sex + race_ethnicity + charlson_score + index_year_f + acs_pct_poverty + acs_pct_unemployed + acs_pct_no_vehicle + acs_pct_nonwhite + acs_median_household_income_10k + acs_pct_bachelor_plus
UCMC,NO2,Q2,8.583861067891124,Extubation,1,26.5,0.48982903731814176,NO2 single-pollutant,age_10 + sex + race_ethnicity + charlson_score + index_year_f + acs_pct_poverty + acs_pct_unemployed + acs_pct_no_vehicle + acs_pct_nonwhite + acs_median_household_income_10k + acs_pct_bachelor_plus
UCMC,NO2,Q2,8.583861067891124,Extubation,1,26.75,0.48993184028035464,NO2 single-pollutant,age_10 + sex + race_ethnicity + charlson_score + index_year_f + acs_pct_poverty + acs_pct_unemployed + acs_pct_no_vehicle + acs_pct_nonwhite + acs_median_household_income_10k + acs_pct_bachelor_plus
UCMC,NO2,Q2,8.583861067891124,Extubation,1,27,0.4900346384470087,NO2 single-pollutant,age_10 + sex + race_ethnicity + charlson_score + index_year_f + acs_pct_poverty + acs_pct_unemployed + acs_pct_no_vehicle + acs_pct_nonwhite + acs_median_household_income_10k + acs_pct_bachelor_plus
UCMC,NO2,Q2,8.583861067891124,Extubation,1,27.25,0.4901374368547671,NO2 single-pollutant,age_10 + sex + race_ethnicity + charlson_score + index_year_f + acs_pct_poverty + acs_pct_unemployed + acs_pct_no_vehicle + acs_pct_nonwhite + acs_median_household_income_10k + acs_pct_bachelor_plus
UCMC,NO2,Q2,8.583861067891124,Extubation,1,27.5,0.4901374368547671,NO2 single-pollutant,age_10 + sex + race_ethnicity + charlson_score + index_year_f + acs_pct_poverty + acs_pct_unemployed + acs_pct_no_vehicle + acs_pct_nonwhite + acs_median_household_income_10k + acs_pct_bachelor_plus
UCMC,NO2,Q2,8.583861067891124,Extubation,1,27.75,0.4902402303891359,NO2 single-pollutant,age_10 + sex + race_ethnicity + charlson_score + index_year_f + acs_pct_poverty + acs_pct_unemployed + acs_pct_no_vehicle + acs_pct_nonwhite + acs_median_household_income_10k + acs_pct_bachelor_plus
UCMC,NO2,Q2,8.583861067891124,Extubation,1,28,0.4904458115561584,NO2 single-pollutant,age_10 + sex + race_ethnicity + charlson_score + index_year_f + acs_pct_poverty + acs_pct_unemployed + acs_pct_no_vehicle + acs_pct_nonwhite + acs_median_household_income_10k + acs_pct_bachelor_plus
UCMC,NO2,Q3,9.74493387838205,Extubation,1,0,0,NO2 single-pollutant,age_10 + sex + race_ethnicity + charlson_score + index_year_f + acs_pct_poverty + acs_pct_unemployed + acs_pct_no_vehicle + acs_pct_nonwhite + acs_median_household_income_10k + acs_pct_bachelor_plus
UCMC,NO2,Q3,9.74493387838205,Extubation,1,0.25,0.027181281159746495,NO2 single-pollutant,age_10 + sex + race_ethnicity + charlson_score + index_year_f + acs_pct_poverty + acs_pct_unemployed + acs_pct_no_vehicle + acs_pct_nonwhite + acs_median_household_income_10k + acs_pct_bachelor_plus
UCMC,NO2,Q3,9.74493387838205,Extubation,1,0.5,0.09885526814899859,NO2 single-pollutant,age_10 + sex + race_ethnicity + charlson_score + index_year_f + acs_pct_poverty + acs_pct_unemployed + acs_pct_no_vehicle + acs_pct_nonwhite + acs_median_household_income_10k + acs_pct_bachelor_plus
UCMC,NO2,Q3,9.74493387838205,Extubation,1,0.75,0.1391460159162573,NO2 single-pollutant,age_10 + sex + race_ethnicity + charlson_score + index_year_f + acs_pct_poverty + acs_pct_unemployed + acs_pct_no_vehicle + acs_pct_nonwhite + acs_median_household_income_10k + acs_pct_bachelor_plus
UCMC,NO2,Q3,9.74493387838205,Extubation,1,1,0.19574205910972386,NO2 single-pollutant,age_10 + sex + race_ethnicity + charlson_score + index_year_f + acs_pct_poverty + acs_pct_unemployed + acs_pct_no_vehicle + acs_pct_nonwhite + acs_median_household_income_10k + acs_pct_bachelor_plus
UCMC,NO2,Q3,9.74493387838205,Extubation,1,1.25,0.22781575626583372,NO2 single-pollutant,age_10 + sex + race_ethnicity + charlson_score + index_year_f + acs_pct_poverty + acs_pct_unemployed + acs_pct_no_vehicle + acs_pct_nonwhite + acs_median_household_income_10k + acs_pct_bachelor_plus
UCMC,NO2,Q3,9.74493387838205,Extubation,1,1.5,0.24675881170964475,NO2 single-pollutant,age_10 + sex + race_ethnicity + charlson_score + index_year_f + acs_pct_poverty + acs_pct_unemployed + acs_pct_no_vehicle + acs_pct_nonwhite + acs_median_household_income_10k + acs_pct_bachelor_plus
UCMC,NO2,Q3,9.74493387838205,Extubation,1,1.75,0.26672691950179817,NO2 single-pollutant,age_10 + sex + race_ethnicity + charlson_score + index_year_f + acs_pct_poverty + acs_pct_unemployed + acs_pct_no_vehicle + acs_pct_nonwhite + acs_median_household_income_10k + acs_pct_bachelor_plus
UCMC,NO2,Q3,9.74493387838205,Extubation,1,2,0.28832018781219526,NO2 single-pollutant,age_10 + sex + race_ethnicity + charlson_score + index_year_f + acs_pct_poverty + acs_pct_unemployed + acs_pct_no_vehicle + acs_pct_nonwhite + acs_median_household_income_10k + acs_pct_bachelor_plus
UCMC,NO2,Q3,9.74493387838205,Extubation,1,2.25,0.30387557816897703,NO2 single-pollutant,age_10 + sex + race_ethnicity + charlson_score + index_year_f + acs_pct_poverty + acs_pct_unemployed + acs_pct_no_vehicle + acs_pct_nonwhite + acs_median_household_income_10k + acs_pct_bachelor_plus
UCMC,NO2,Q3,9.74493387838205,Extubation,1,2.5,0.31479100569953555,NO2 single-pollutant,age_10 + sex + race_ethnicity + charlson_score + index_year_f + acs_pct_poverty + acs_pct_unemployed + acs_pct_no_vehicle + acs_pct_nonwhite + acs_median_household_income_10k + acs_pct_bachelor_plus
UCMC,NO2,Q3,9.74493387838205,Extubation,1,2.75,0.32763546231395535,NO2 single-pollutant,age_10 + sex + race_ethnicity + charlson_score + index_year_f + acs_pct_poverty + acs_pct_unemployed + acs_pct_no_vehicle + acs_pct_nonwhite + acs_median_household_income_10k + acs_pct_bachelor_plus
UCMC,NO2,Q3,9.74493387838205,Extubation,1,3,0.3391673785916731,NO2 single-pollutant,age_10 + sex + race_ethnicity + charlson_score + index_year_f + acs_pct_poverty + acs_pct_unemployed + acs_pct_no_vehicle + acs_pct_nonwhite + acs_median_household_income_10k + acs_pct_bachelor_plus
UCMC,NO2,Q3,9.74493387838205,Extubation,1,3.25,0.3481787508616261,NO2 single-pollutant,age_10 + sex + race_ethnicity + charlson_score + index_year_f + acs_pct_poverty + acs_pct_unemployed + acs_pct_no_vehicle + acs_pct_nonwhite + acs_median_household_income_10k + acs_pct_bachelor_plus
UCMC,NO2,Q3,9.74493387838205,Extubation,1,3.5,0.35628281769675996,NO2 single-pollutant,age_10 + sex + race_ethnicity + charlson_score + index_year_f + acs_pct_poverty + acs_pct_unemployed + acs_pct_no_vehicle + acs_pct_nonwhite + acs_median_household_income_10k + acs_pct_bachelor_plus
UCMC,NO2,Q3,9.74493387838205,Extubation,1,3.75,0.36327733952677554,NO2 single-pollutant,age_10 + sex + race_ethnicity + charlson_score + index_year_f + acs_pct_poverty + acs_pct_unemployed + acs_pct_no_vehicle + acs_pct_nonwhite + acs_median_household_income_10k + acs_pct_bachelor_plus
UCMC,NO2,Q3,9.74493387838205,Extubation,1,4,0.37017120718509133,NO2 single-pollutant,age_10 + sex + race_ethnicity + charlson_score + index_year_f + acs_pct_poverty + acs_pct_unemployed + acs_pct_no_vehicle + acs_pct_nonwhite + acs_median_household_income_10k + acs_pct_bachelor_plus
UCMC,NO2,Q3,9.74493387838205,Extubation,1,4.25,0.37615628978580584,NO2 single-pollutant,age_10 + sex + race_ethnicity + charlson_score + index_year_f + acs_pct_poverty + acs_pct_unemployed + acs_pct_no_vehicle + acs_pct_nonwhite + acs_median_household_income_10k + acs_pct_bachelor_plus
UCMC,NO2,Q3,9.74493387838205,Extubation,1,4.5,0.3812281632863006,NO2 single-pollutant,age_10 + sex + race_ethnicity + charlson_score + index_year_f + acs_pct_poverty + acs_pct_unemployed + acs_pct_no_vehicle + acs_pct_nonwhite + acs_median_household_income_10k + acs_pct_bachelor_plus
UCMC,NO2,Q3,9.74493387838205,Extubation,1,4.75,0.3861983926068362,NO2 single-pollutant,age_10 + sex + race_ethnicity + charlson_score + index_year_f + acs_pct_poverty + acs_pct_unemployed + acs_pct_no_vehicle + acs_pct_nonwhite + acs_median_household_income_10k + acs_pct_bachelor_plus
UCMC,NO2,Q3,9.74493387838205,Extubation,1,5,0.39147283020754475,NO2 single-pollutant,age_10 + sex + race_ethnicity + charlson_score + index_year_f + acs_pct_poverty + acs_pct_unemployed + acs_pct_no_vehicle + acs_pct_nonwhite + acs_median_household_income_10k + acs_pct_bachelor_plus
UCMC,NO2,Q3,9.74493387838205,Extubation,1,5.25,0.39613878789795065,NO2 single-pollutant,age_10 + sex + race_ethnicity + charlson_score + index_year_f + acs_pct_poverty + acs_pct_unemployed + acs_pct_no_vehicle + acs_pct_nonwhite + acs_median_household_income_10k + acs_pct_bachelor_plus
UCMC,NO2,Q3,9.74493387838205,Extubation,1,5.5,0.40050161096616765,NO2 single-pollutant,age_10 + sex + race_ethnicity + charlson_score + index_year_f + acs_pct_poverty + acs_pct_unemployed + acs_pct_no_vehicle + acs_pct_nonwhite + acs_median_household_income_10k + acs_pct_bachelor_plus
UCMC,NO2,Q3,9.74493387838205,Extubation,1,5.75,0.4043569539724732,NO2 single-pollutant,age_10 + sex + race_ethnicity + charlson_score + index_year_f + acs_pct_poverty + acs_pct_unemployed + acs_pct_no_vehicle + acs_pct_nonwhite + acs_median_household_income_10k + acs_pct_bachelor_plus
UCMC,NO2,Q3,9.74493387838205,Extubation,1,6,0.4085159182666861,NO2 single-pollutant,age_10 + sex + race_ethnicity + charlson_score + index_year_f + acs_pct_poverty + acs_pct_unemployed + acs_pct_no_vehicle + acs_pct_nonwhite + acs_median_household_income_10k + acs_pct_bachelor_plus
UCMC,NO2,Q3,9.74493387838205,Extubation,1,6.25,0.41145755962376185,NO2 single-pollutant,age_10 + sex + race_ethnicity + charlson_score + index_year_f + acs_pct_poverty + acs_pct_unemployed + acs_pct_no_vehicle + acs_pct_nonwhite + acs_median_household_income_10k + acs_pct_bachelor_plus
UCMC,NO2,Q3,9.74493387838205,Extubation,1,6.5,0.41460271912490687,NO2 single-pollutant,age_10 + sex + race_ethnicity + charlson_score + index_year_f + acs_pct_poverty + acs_pct_unemployed + acs_pct_no_vehicle + acs_pct_nonwhite + acs_median_household_income_10k + acs_pct_bachelor_plus
UCMC,NO2,Q3,9.74493387838205,Extubation,1,6.75,0.4179523922002899,NO2 single-pollutant,age_10 + sex + race_ethnicity + charlson_score + index_year_f + acs_pct_poverty + acs_pct_unemployed + acs_pct_no_vehicle + acs_pct_nonwhite + acs_median_household_income_10k + acs_pct_bachelor_plus
UCMC,NO2,Q3,9.74493387838205,Extubation,1,7,0.4212018116542272,NO2 single-pollutant,age_10 + sex + race_ethnicity + charlson_score + index_year_f + acs_pct_poverty + acs_pct_unemployed + acs_pct_no_vehicle + acs_pct_nonwhite + acs_median_household_income_10k + acs_pct_bachelor_plus
UCMC,NO2,Q3,9.74493387838205,Extubation,1,7.25,0.4236387219176069,NO2 single-pollutant,age_10 + sex + race_ethnicity + charlson_score + index_year_f + acs_pct_poverty + acs_pct_unemployed + acs_pct_no_vehicle + acs_pct_nonwhite + acs_median_household_income_10k + acs_pct_bachelor_plus
UCMC,NO2,Q3,9.74493387838205,Extubation,1,7.5,0.42577131266577983,NO2 single-pollutant,age_10 + sex + race_ethnicity + charlson_score + index_year_f + acs_pct_poverty + acs_pct_unemployed + acs_pct_no_vehicle + acs_pct_nonwhite + acs_median_household_income_10k + acs_pct_bachelor_plus
UCMC,NO2,Q3,9.74493387838205,Extubation,1,7.75,0.4286160548779293,NO2 single-pollutant,age_10 + sex + race_ethnicity + charlson_score + index_year_f + acs_pct_poverty + acs_pct_unemployed + acs_pct_no_vehicle + acs_pct_nonwhite + acs_median_household_income_10k + acs_pct_bachelor_plus
UCMC,NO2,Q3,9.74493387838205,Extubation,1,8,0.43166554908456956,NO2 single-pollutant,age_10 + sex + race_ethnicity + charlson_score + index_year_f + acs_pct_poverty + acs_pct_unemployed + acs_pct_no_vehicle + acs_pct_nonwhite + acs_median_household_income_10k + acs_pct_bachelor_plus
UCMC,NO2,Q3,9.74493387838205,Extubation,1,8.25,0.4334960786439346,NO2 single-pollutant,age_10 + sex + race_ethnicity + charlson_score + index_year_f + acs_pct_poverty + acs_pct_unemployed + acs_pct_no_vehicle + acs_pct_nonwhite + acs_median_household_income_10k + acs_pct_bachelor_plus
UCMC,NO2,Q3,9.74493387838205,Extubation,1,8.5,0.4355305980562275,NO2 single-pollutant,age_10 + sex + race_ethnicity + charlson_score + index_year_f + acs_pct_poverty + acs_pct_unemployed + acs_pct_no_vehicle + acs_pct_nonwhite + acs_median_household_income_10k + acs_pct_bachelor_plus
UCMC,NO2,Q3,9.74493387838205,Extubation,1,8.75,0.4380741252368774,NO2 single-pollutant,age_10 + sex + race_ethnicity + charlson_score + index_year_f + acs_pct_poverty + acs_pct_unemployed + acs_pct_no_vehicle + acs_pct_nonwhite + acs_median_household_income_10k + acs_pct_bachelor_plus
UCMC,NO2,Q3,9.74493387838205,Extubation,1,9,0.4403126182429855,NO2 single-pollutant,age_10 + sex + race_ethnicity + charlson_score + index_year_f + acs_pct_poverty + acs_pct_unemployed + acs_pct_no_vehicle + acs_pct_nonwhite + acs_median_household_income_10k + acs_pct_bachelor_plus
UCMC,NO2,Q3,9.74493387838205,Extubation,1,9.25,0.44214458784800625,NO2 single-pollutant,age_10 + sex + race_ethnicity + charlson_score + index_year_f + acs_pct_poverty + acs_pct_unemployed + acs_pct_no_vehicle + acs_pct_nonwhite + acs_median_household_income_10k + acs_pct_bachelor_plus
UCMC,NO2,Q3,9.74493387838205,Extubation,1,9.5,0.44377335536533447,NO2 single-pollutant,age_10 + sex + race_ethnicity + charlson_score + index_year_f + acs_pct_poverty + acs_pct_unemployed + acs_pct_no_vehicle + acs_pct_nonwhite + acs_median_household_income_10k + acs_pct_bachelor_plus
UCMC,NO2,Q3,9.74493387838205,Extubation,1,9.75,0.4453005043175009,NO2 single-pollutant,age_10 + sex + race_ethnicity + charlson_score + index_year_f + acs_pct_poverty + acs_pct_unemployed + acs_pct_no_vehicle + acs_pct_nonwhite + acs_median_household_income_10k + acs_pct_bachelor_plus
UCMC,NO2,Q3,9.74493387838205,Extubation,1,10,0.4473371358118363,NO2 single-pollutant,age_10 + sex + race_ethnicity + charlson_score + index_year_f + acs_pct_poverty + acs_pct_unemployed + acs_pct_no_vehicle + acs_pct_nonwhite + acs_median_household_income_10k + acs_pct_bachelor_plus
UCMC,NO2,Q3,9.74493387838205,Extubation,1,10.25,0.4487632125490859,NO2 single-pollutant,age_10 + sex + race_ethnicity + charlson_score + index_year_f + acs_pct_poverty + acs_pct_unemployed + acs_pct_no_vehicle + acs_pct_nonwhite + acs_median_household_income_10k + acs_pct_bachelor_plus
UCMC,NO2,Q3,9.74493387838205,Extubation,1,10.5,0.4495781954141267,NO2 single-pollutant,age_10 + sex + race_ethnicity + charlson_score + index_year_f + acs_pct_poverty + acs_pct_unemployed + acs_pct_no_vehicle + acs_pct_nonwhite + acs_median_household_income_10k + acs_pct_bachelor_plus
UCMC,NO2,Q3,9.74493387838205,Extubation,1,10.75,0.4504950516982277,NO2 single-pollutant,age_10 + sex + race_ethnicity + charlson_score + index_year_f + acs_pct_poverty + acs_pct_unemployed + acs_pct_no_vehicle + acs_pct_nonwhite + acs_median_household_income_10k + acs_pct_bachelor_plus
UCMC,NO2,Q3,9.74493387838205,Extubation,1,11,0.45181943724021345,NO2 single-pollutant,age_10 + sex + race_ethnicity + charlson_score + index_year_f + acs_pct_poverty + acs_pct_unemployed + acs_pct_no_vehicle + acs_pct_nonwhite + acs_median_household_income_10k + acs_pct_bachelor_plus
UCMC,NO2,Q3,9.74493387838205,Extubation,1,11.25,0.45243064429256985,NO2 single-pollutant,age_10 + sex + race_ethnicity + charlson_score + index_year_f + acs_pct_poverty + acs_pct_unemployed + acs_pct_no_vehicle + acs_pct_nonwhite + acs_median_household_income_10k + acs_pct_bachelor_plus
UCMC,NO2,Q3,9.74493387838205,Extubation,1,11.5,0.45334736553448174,NO2 single-pollutant,age_10 + sex + race_ethnicity + charlson_score + index_year_f + acs_pct_poverty + acs_pct_unemployed + acs_pct_no_vehicle + acs_pct_nonwhite + acs_median_household_income_10k + acs_pct_bachelor_plus
UCMC,NO2,Q3,9.74493387838205,Extubation,1,11.75,0.4544678760264743,NO2 single-pollutant,age_10 + sex + race_ethnicity + charlson_score + index_year_f + acs_pct_poverty + acs_pct_unemployed + acs_pct_no_vehicle + acs_pct_nonwhite + acs_median_household_income_10k + acs_pct_bachelor_plus
UCMC,NO2,Q3,9.74493387838205,Extubation,1,12,0.4568106868513788,NO2 single-pollutant,age_10 + sex + race_ethnicity + charlson_score + index_year_f + acs_pct_poverty + acs_pct_unemployed + acs_pct_no_vehicle + acs_pct_nonwhite + acs_median_household_income_10k + acs_pct_bachelor_plus
UCMC,NO2,Q3,9.74493387838205,Extubation,1,12.25,0.45782953188034814,NO2 single-pollutant,age_10 + sex + race_ethnicity + charlson_score + index_year_f + acs_pct_poverty + acs_pct_unemployed + acs_pct_no_vehicle + acs_pct_nonwhite + acs_median_household_income_10k + acs_pct_bachelor_plus
UCMC,NO2,Q3,9.74493387838205,Extubation,1,12.5,0.4590521150091802,NO2 single-pollutant,age_10 + sex + race_ethnicity + charlson_score + index_year_f + acs_pct_poverty + acs_pct_unemployed + acs_pct_no_vehicle + acs_pct_nonwhite + acs_median_household_income_10k + acs_pct_bachelor_plus
UCMC,NO2,Q3,9.74493387838205,Extubation,1,12.75,0.4608865268800517,NO2 single-pollutant,age_10 + sex + race_ethnicity + charlson_score + index_year_f + acs_pct_poverty + acs_pct_unemployed + acs_pct_no_vehicle + acs_pct_nonwhite + acs_median_household_income_10k + acs_pct_bachelor_plus
UCMC,NO2,Q3,9.74493387838205,Extubation,1,13,0.46149806451127773,NO2 single-pollutant,age_10 + sex + race_ethnicity + charlson_score + index_year_f + acs_pct_poverty + acs_pct_unemployed + acs_pct_no_vehicle + acs_pct_nonwhite + acs_median_household_income_10k + acs_pct_bachelor_plus
UCMC,NO2,Q3,9.74493387838205,Extubation,1,13.25,0.4624155016704923,NO2 single-pollutant,age_10 + sex + race_ethnicity + charlson_score + index_year_f + acs_pct_poverty + acs_pct_unemployed + acs_pct_no_vehicle + acs_pct_nonwhite + acs_median_household_income_10k + acs_pct_bachelor_plus
UCMC,NO2,Q3,9.74493387838205,Extubation,1,13.5,0.46261938818702253,NO2 single-pollutant,age_10 + sex + race_ethnicity + charlson_score + index_year_f + acs_pct_poverty + acs_pct_unemployed + acs_pct_no_vehicle + acs_pct_nonwhite + acs_median_household_income_10k + acs_pct_bachelor_plus
UCMC,NO2,Q3,9.74493387838205,Extubation,1,13.75,0.46374070817283364,NO2 single-pollutant,age_10 + sex + race_ethnicity + charlson_score + index_year_f + acs_pct_poverty + acs_pct_unemployed + acs_pct_no_vehicle + acs_pct_nonwhite + acs_median_household_income_10k + acs_pct_bachelor_plus
UCMC,NO2,Q3,9.74493387838205,Extubation,1,14,0.4647602128141478,NO2 single-pollutant,age_10 + sex + race_ethnicity + charlson_score + index_year_f + acs_pct_poverty + acs_pct_unemployed + acs_pct_no_vehicle + acs_pct_nonwhite + acs_median_household_income_10k + acs_pct_bachelor_plus
UCMC,NO2,Q3,9.74493387838205,Extubation,1,14.25,0.46547399362138264,NO2 single-pollutant,age_10 + sex + race_ethnicity + charlson_score + index_year_f + acs_pct_poverty + acs_pct_unemployed + acs_pct_no_vehicle + acs_pct_nonwhite + acs_median_household_income_10k + acs_pct_bachelor_plus
UCMC,NO2,Q3,9.74493387838205,Extubation,1,14.5,0.4669015782031377,NO2 single-pollutant,age_10 + sex + race_ethnicity + charlson_score + index_year_f + acs_pct_poverty + acs_pct_unemployed + acs_pct_no_vehicle + acs_pct_nonwhite + acs_median_household_income_10k + acs_pct_bachelor_plus
UCMC,NO2,Q3,9.74493387838205,Extubation,1,14.75,0.4671054851398747,NO2 single-pollutant,age_10 + sex + race_ethnicity + charlson_score + index_year_f + acs_pct_poverty + acs_pct_unemployed + acs_pct_no_vehicle + acs_pct_nonwhite + acs_median_household_income_10k + acs_pct_bachelor_plus
UCMC,NO2,Q3,9.74493387838205,Extubation,1,15,0.4675133412255166,NO2 single-pollutant,age_10 + sex + race_ethnicity + charlson_score + index_year_f + acs_pct_poverty + acs_pct_unemployed + acs_pct_no_vehicle + acs_pct_nonwhite + acs_median_household_income_10k + acs_pct_bachelor_plus
UCMC,NO2,Q3,9.74493387838205,Extubation,1,15.25,0.4685333391521901,NO2 single-pollutant,age_10 + sex + race_ethnicity + charlson_score + index_year_f + acs_pct_poverty + acs_pct_unemployed + acs_pct_no_vehicle + acs_pct_nonwhite + acs_median_household_income_10k + acs_pct_bachelor_plus
UCMC,NO2,Q3,9.74493387838205,Extubation,1,15.5,0.4691454040983025,NO2 single-pollutant,age_10 + sex + race_ethnicity + charlson_score + index_year_f + acs_pct_poverty + acs_pct_unemployed + acs_pct_no_vehicle + acs_pct_nonwhite + acs_median_household_income_10k + acs_pct_bachelor_plus
UCMC,NO2,Q3,9.74493387838205,Extubation,1,15.75,0.46955341946848006,NO2 single-pollutant,age_10 + sex + race_ethnicity + charlson_score + index_year_f + acs_pct_poverty + acs_pct_unemployed + acs_pct_no_vehicle + acs_pct_nonwhite + acs_median_household_income_10k + acs_pct_bachelor_plus
UCMC,NO2,Q3,9.74493387838205,Extubation,1,16,0.4700634628901429,NO2 single-pollutant,age_10 + sex + race_ethnicity + charlson_score + index_year_f + acs_pct_poverty + acs_pct_unemployed + acs_pct_no_vehicle + acs_pct_nonwhite + acs_median_household_income_10k + acs_pct_bachelor_plus
UCMC,NO2,Q3,9.74493387838205,Extubation,1,16.25,0.4706755445035522,NO2 single-pollutant,age_10 + sex + race_ethnicity + charlson_score + index_year_f + acs_pct_poverty + acs_pct_unemployed + acs_pct_no_vehicle + acs_pct_nonwhite + acs_median_household_income_10k + acs_pct_bachelor_plus
UCMC,NO2,Q3,9.74493387838205,Extubation,1,16.5,0.47108369232455993,NO2 single-pollutant,age_10 + sex + race_ethnicity + charlson_score + index_year_f + acs_pct_poverty + acs_pct_unemployed + acs_pct_no_vehicle + acs_pct_nonwhite + acs_median_household_income_10k + acs_pct_bachelor_plus
UCMC,NO2,Q3,9.74493387838205,Extubation,1,16.75,0.4715939165010772,NO2 single-pollutant,age_10 + sex + race_ethnicity + charlson_score + index_year_f + acs_pct_poverty + acs_pct_unemployed + acs_pct_no_vehicle + acs_pct_nonwhite + acs_median_household_income_10k + acs_pct_bachelor_plus
UCMC,NO2,Q3,9.74493387838205,Extubation,1,17,0.4722061624920393,NO2 single-pollutant,age_10 + sex + race_ethnicity + charlson_score + index_year_f + acs_pct_poverty + acs_pct_unemployed + acs_pct_no_vehicle + acs_pct_nonwhite + acs_median_household_income_10k + acs_pct_bachelor_plus
UCMC,NO2,Q3,9.74493387838205,Extubation,1,17.25,0.4728184025709977,NO2 single-pollutant,age_10 + sex + race_ethnicity + charlson_score + index_year_f + acs_pct_poverty + acs_pct_unemployed + acs_pct_no_vehicle + acs_pct_nonwhite + acs_median_household_income_10k + acs_pct_bachelor_plus
UCMC,NO2,Q3,9.74493387838205,Extubation,1,17.5,0.4735327148675773,NO2 single-pollutant,age_10 + sex + race_ethnicity + charlson_score + index_year_f + acs_pct_poverty + acs_pct_unemployed + acs_pct_no_vehicle + acs_pct_nonwhite + acs_median_household_income_10k + acs_pct_bachelor_plus
UCMC,NO2,Q3,9.74493387838205,Extubation,1,17.75,0.4737367966284174,NO2 single-pollutant,age_10 + sex + race_ethnicity + charlson_score + index_year_f + acs_pct_poverty + acs_pct_unemployed + acs_pct_no_vehicle + acs_pct_nonwhite + acs_median_household_income_10k + acs_pct_bachelor_plus
UCMC,NO2,Q3,9.74493387838205,Extubation,1,18,0.47424696353053764,NO2 single-pollutant,age_10 + sex + race_ethnicity + charlson_score + index_year_f + acs_pct_poverty + acs_pct_unemployed + acs_pct_no_vehicle + acs_pct_nonwhite + acs_median_household_income_10k + acs_pct_bachelor_plus
UCMC,NO2,Q3,9.74493387838205,Extubation,1,18.25,0.47465511933382076,NO2 single-pollutant,age_10 + sex + race_ethnicity + charlson_score + index_year_f + acs_pct_poverty + acs_pct_unemployed + acs_pct_no_vehicle + acs_pct_nonwhite + acs_median_household_income_10k + acs_pct_bachelor_plus
UCMC,NO2,Q3,9.74493387838205,Extubation,1,18.5,0.4749612309687128,NO2 single-pollutant,age_10 + sex + race_ethnicity + charlson_score + index_year_f + acs_pct_poverty + acs_pct_unemployed + acs_pct_no_vehicle + acs_pct_nonwhite + acs_median_household_income_10k + acs_pct_bachelor_plus
UCMC,NO2,Q3,9.74493387838205,Extubation,1,18.75,0.4752673700993838,NO2 single-pollutant,age_10 + sex + race_ethnicity + charlson_score + index_year_f + acs_pct_poverty + acs_pct_unemployed + acs_pct_no_vehicle + acs_pct_nonwhite + acs_median_household_income_10k + acs_pct_bachelor_plus
UCMC,NO2,Q3,9.74493387838205,Extubation,1,19,0.47598171990128746,NO2 single-pollutant,age_10 + sex + race_ethnicity + charlson_score + index_year_f + acs_pct_poverty + acs_pct_unemployed + acs_pct_no_vehicle + acs_pct_nonwhite + acs_median_household_income_10k + acs_pct_bachelor_plus
UCMC,NO2,Q3,9.74493387838205,Extubation,1,19.25,0.47628793571339245,NO2 single-pollutant,age_10 + sex + race_ethnicity + charlson_score + index_year_f + acs_pct_poverty + acs_pct_unemployed + acs_pct_no_vehicle + acs_pct_nonwhite + acs_median_household_income_10k + acs_pct_bachelor_plus
UCMC,NO2,Q3,9.74493387838205,Extubation,1,19.5,0.47669622289356606,NO2 single-pollutant,age_10 + sex + race_ethnicity + charlson_score + index_year_f + acs_pct_poverty + acs_pct_unemployed + acs_pct_no_vehicle + acs_pct_nonwhite + acs_median_household_income_10k + acs_pct_bachelor_plus
UCMC,NO2,Q3,9.74493387838205,Extubation,1,19.75,0.4774107441999338,NO2 single-pollutant,age_10 + sex + race_ethnicity + charlson_score + index_year_f + acs_pct_poverty + acs_pct_unemployed + acs_pct_no_vehicle + acs_pct_nonwhite + acs_median_household_income_10k + acs_pct_bachelor_plus
UCMC,NO2,Q3,9.74493387838205,Extubation,1,20,0.4781254071267821,NO2 single-pollutant,age_10 + sex + race_ethnicity + charlson_score + index_year_f + acs_pct_poverty + acs_pct_unemployed + acs_pct_no_vehicle + acs_pct_nonwhite + acs_median_household_income_10k + acs_pct_bachelor_plus
UCMC,NO2,Q3,9.74493387838205,Extubation,1,20.25,0.47843172080971075,NO2 single-pollutant,age_10 + sex + race_ethnicity + charlson_score + index_year_f + acs_pct_poverty + acs_pct_unemployed + acs_pct_no_vehicle + acs_pct_nonwhite + acs_median_household_income_10k + acs_pct_bachelor_plus
UCMC,NO2,Q3,9.74493387838205,Extubation,1,20.5,0.4786359093446121,NO2 single-pollutant,age_10 + sex + race_ethnicity + charlson_score + index_year_f + acs_pct_poverty + acs_pct_unemployed + acs_pct_no_vehicle + acs_pct_nonwhite + acs_median_household_income_10k + acs_pct_bachelor_plus
UCMC,NO2,Q3,9.74493387838205,Extubation,1,20.75,0.47873800380597,NO2 single-pollutant,age_10 + sex + race_ethnicity + charlson_score + index_year_f + acs_pct_poverty + acs_pct_unemployed + acs_pct_no_vehicle + acs_pct_nonwhite + acs_median_household_income_10k + acs_pct_bachelor_plus
UCMC,NO2,Q3,9.74493387838205,Extubation,1,21,0.4790443081143916,NO2 single-pollutant,age_10 + sex + race_ethnicity + charlson_score + index_year_f + acs_pct_poverty + acs_pct_unemployed + acs_pct_no_vehicle + acs_pct_nonwhite + acs_median_household_income_10k + acs_pct_bachelor_plus
UCMC,NO2,Q3,9.74493387838205,Extubation,1,21.25,0.47924850997509083,NO2 single-pollutant,age_10 + sex + race_ethnicity + charlson_score + index_year_f + acs_pct_poverty + acs_pct_unemployed + acs_pct_no_vehicle + acs_pct_nonwhite + acs_median_household_income_10k + acs_pct_bachelor_plus
UCMC,NO2,Q3,9.74493387838205,Extubation,1,21.5,0.4796569244474367,NO2 single-pollutant,age_10 + sex + race_ethnicity + charlson_score + index_year_f + acs_pct_poverty + acs_pct_unemployed + acs_pct_no_vehicle + acs_pct_nonwhite + acs_median_household_income_10k + acs_pct_bachelor_plus
UCMC,NO2,Q3,9.74493387838205,Extubation,1,21.75,0.47996321725975566,NO2 single-pollutant,age_10 + sex + race_ethnicity + charlson_score + index_year_f + acs_pct_poverty + acs_pct_unemployed + acs_pct_no_vehicle + acs_pct_nonwhite + acs_median_household_income_10k + acs_pct_bachelor_plus
UCMC,NO2,Q3,9.74493387838205,Extubation,1,22,0.4801674275606377,NO2 single-pollutant,age_10 + sex + race_ethnicity + charlson_score + index_year_f + acs_pct_poverty + acs_pct_unemployed + acs_pct_no_vehicle + acs_pct_nonwhite + acs_median_household_income_10k + acs_pct_bachelor_plus
UCMC,NO2,Q3,9.74493387838205,Extubation,1,22.25,0.48026952822361124,NO2 single-pollutant,age_10 + sex + race_ethnicity + charlson_score + index_year_f + acs_pct_poverty + acs_pct_unemployed + acs_pct_no_vehicle + acs_pct_nonwhite + acs_median_household_income_10k + acs_pct_bachelor_plus
UCMC,NO2,Q3,9.74493387838205,Extubation,1,22.5,0.48026952822361124,NO2 single-pollutant,age_10 + sex + race_ethnicity + charlson_score + index_year_f + acs_pct_poverty + acs_pct_unemployed + acs_pct_no_vehicle + acs_pct_nonwhite + acs_median_household_income_10k + acs_pct_bachelor_plus
UCMC,NO2,Q3,9.74493387838205,Extubation,1,22.75,0.48037162972171654,NO2 single-pollutant,age_10 + sex + race_ethnicity + charlson_score + index_year_f + acs_pct_poverty + acs_pct_unemployed + acs_pct_no_vehicle + acs_pct_nonwhite + acs_median_household_income_10k + acs_pct_bachelor_plus
UCMC,NO2,Q3,9.74493387838205,Extubation,1,23,0.48057581790652026,NO2 single-pollutant,age_10 + sex + race_ethnicity + charlson_score + index_year_f + acs_pct_poverty + acs_pct_unemployed + acs_pct_no_vehicle + acs_pct_nonwhite + acs_median_household_income_10k + acs_pct_bachelor_plus
UCMC,NO2,Q3,9.74493387838205,Extubation,1,23.25,0.48067791195746534,NO2 single-pollutant,age_10 + sex + race_ethnicity + charlson_score + index_year_f + acs_pct_poverty + acs_pct_unemployed + acs_pct_no_vehicle + acs_pct_nonwhite + acs_median_household_income_10k + acs_pct_bachelor_plus
UCMC,NO2,Q3,9.74493387838205,Extubation,1,23.5,0.4810862860679702,NO2 single-pollutant,age_10 + sex + race_ethnicity + charlson_score + index_year_f + acs_pct_poverty + acs_pct_unemployed + acs_pct_no_vehicle + acs_pct_nonwhite + acs_median_household_income_10k + acs_pct_bachelor_plus
UCMC,NO2,Q3,9.74493387838205,Extubation,1,23.75,0.4811884040686649,NO2 single-pollutant,age_10 + sex + race_ethnicity + charlson_score + index_year_f + acs_pct_poverty + acs_pct_unemployed + acs_pct_no_vehicle + acs_pct_nonwhite + acs_median_household_income_10k + acs_pct_bachelor_plus
UCMC,NO2,Q3,9.74493387838205,Extubation,1,24,0.48180119007529854,NO2 single-pollutant,age_10 + sex + race_ethnicity + charlson_score + index_year_f + acs_pct_poverty + acs_pct_unemployed + acs_pct_no_vehicle + acs_pct_nonwhite + acs_median_household_income_10k + acs_pct_bachelor_plus
UCMC,NO2,Q3,9.74493387838205,Extubation,1,24.25,0.48200549411465143,NO2 single-pollutant,age_10 + sex + race_ethnicity + charlson_score + index_year_f + acs_pct_poverty + acs_pct_unemployed + acs_pct_no_vehicle + acs_pct_nonwhite + acs_median_household_income_10k + acs_pct_bachelor_plus
UCMC,NO2,Q3,9.74493387838205,Extubation,1,24.5,0.48200549411465143,NO2 single-pollutant,age_10 + sex + race_ethnicity + charlson_score + index_year_f + acs_pct_poverty + acs_pct_unemployed + acs_pct_no_vehicle + acs_pct_nonwhite + acs_median_household_income_10k + acs_pct_bachelor_plus
UCMC,NO2,Q3,9.74493387838205,Extubation,1,24.75,0.4824141067739043,NO2 single-pollutant,age_10 + sex + race_ethnicity + charlson_score + index_year_f + acs_pct_poverty + acs_pct_unemployed + acs_pct_no_vehicle + acs_pct_nonwhite + acs_median_household_income_10k + acs_pct_bachelor_plus
UCMC,NO2,Q3,9.74493387838205,Extubation,1,25,0.4824141067739043,NO2 single-pollutant,age_10 + sex + race_ethnicity + charlson_score + index_year_f + acs_pct_poverty + acs_pct_unemployed + acs_pct_no_vehicle + acs_pct_nonwhite + acs_median_household_income_10k + acs_pct_bachelor_plus
UCMC,NO2,Q3,9.74493387838205,Extubation,1,25.25,0.4828227906763076,NO2 single-pollutant,age_10 + sex + race_ethnicity + charlson_score + index_year_f + acs_pct_poverty + acs_pct_unemployed + acs_pct_no_vehicle + acs_pct_nonwhite + acs_median_household_income_10k + acs_pct_bachelor_plus
UCMC,NO2,Q3,9.74493387838205,Extubation,1,25.5,0.4830271442281564,NO2 single-pollutant,age_10 + sex + race_ethnicity + charlson_score + index_year_f + acs_pct_poverty + acs_pct_unemployed + acs_pct_no_vehicle + acs_pct_nonwhite + acs_median_household_income_10k + acs_pct_bachelor_plus
UCMC,NO2,Q3,9.74493387838205,Extubation,1,25.75,0.4832315085516917,NO2 single-pollutant,age_10 + sex + race_ethnicity + charlson_score + index_year_f + acs_pct_poverty + acs_pct_unemployed + acs_pct_no_vehicle + acs_pct_nonwhite + acs_median_household_income_10k + acs_pct_bachelor_plus
UCMC,NO2,Q3,9.74493387838205,Extubation,1,26,0.4834358978497374,NO2 single-pollutant,age_10 + sex + race_ethnicity + charlson_score + index_year_f + acs_pct_poverty + acs_pct_unemployed + acs_pct_no_vehicle + acs_pct_nonwhite + acs_median_household_income_10k + acs_pct_bachelor_plus
UCMC,NO2,Q3,9.74493387838205,Extubation,1,26.25,0.4835380874797255,NO2 single-pollutant,age_10 + sex + race_ethnicity + charlson_score + index_year_f + acs_pct_poverty + acs_pct_unemployed + acs_pct_no_vehicle + acs_pct_nonwhite + acs_median_household_income_10k + acs_pct_bachelor_plus
UCMC,NO2,Q3,9.74493387838205,Extubation,1,26.5,0.4838446819153329,NO2 single-pollutant,age_10 + sex + race_ethnicity + charlson_score + index_year_f + acs_pct_poverty + acs_pct_unemployed + acs_pct_no_vehicle + acs_pct_nonwhite + acs_median_household_income_10k + acs_pct_bachelor_plus
UCMC,NO2,Q3,9.74493387838205,Extubation,1,26.75,0.48394688869072133,NO2 single-pollutant,age_10 + sex + race_ethnicity + charlson_score + index_year_f + acs_pct_poverty + acs_pct_unemployed + acs_pct_no_vehicle + acs_pct_nonwhite + acs_median_household_income_10k + acs_pct_bachelor_plus
UCMC,NO2,Q3,9.74493387838205,Extubation,1,27,0.4840490910552837,NO2 single-pollutant,age_10 + sex + race_ethnicity + charlson_score + index_year_f + acs_pct_poverty + acs_pct_unemployed + acs_pct_no_vehicle + acs_pct_nonwhite + acs_median_household_income_10k + acs_pct_bachelor_plus
UCMC,NO2,Q3,9.74493387838205,Extubation,1,27.25,0.484151294016541,NO2 single-pollutant,age_10 + sex + race_ethnicity + charlson_score + index_year_f + acs_pct_poverty + acs_pct_unemployed + acs_pct_no_vehicle + acs_pct_nonwhite + acs_median_household_income_10k + acs_pct_bachelor_plus
UCMC,NO2,Q3,9.74493387838205,Extubation,1,27.5,0.484151294016541,NO2 single-pollutant,age_10 + sex + race_ethnicity + charlson_score + index_year_f + acs_pct_poverty + acs_pct_unemployed + acs_pct_no_vehicle + acs_pct_nonwhite + acs_median_household_income_10k + acs_pct_bachelor_plus
UCMC,NO2,Q3,9.74493387838205,Extubation,1,27.75,0.48425349248967353,NO2 single-pollutant,age_10 + sex + race_ethnicity + charlson_score + index_year_f + acs_pct_poverty + acs_pct_unemployed + acs_pct_no_vehicle + acs_pct_nonwhite + acs_median_household_income_10k + acs_pct_bachelor_plus
UCMC,NO2,Q3,9.74493387838205,Extubation,1,28,0.4844578846397132,NO2 single-pollutant,age_10 + sex + race_ethnicity + charlson_score + index_year_f + acs_pct_poverty + acs_pct_unemployed + acs_pct_no_vehicle + acs_pct_nonwhite + acs_median_household_income_10k + acs_pct_bachelor_plus
UCMC,NO2,Q4,14.3724528312683,Extubation,1,0,0,NO2 single-pollutant,age_10 + sex + race_ethnicity + charlson_score + index_year_f + acs_pct_poverty + acs_pct_unemployed + acs_pct_no_vehicle + acs_pct_nonwhite + acs_median_household_income_10k + acs_pct_bachelor_plus
UCMC,NO2,Q4,14.3724528312683,Extubation,1,0.25,0.025375523598443306,NO2 single-pollutant,age_10 + sex + race_ethnicity + charlson_score + index_year_f + acs_pct_poverty + acs_pct_unemployed + acs_pct_no_vehicle + acs_pct_nonwhite + acs_median_household_income_10k + acs_pct_bachelor_plus
UCMC,NO2,Q4,14.3724528312683,Extubation,1,0.5,0.09252083819568868,NO2 single-pollutant,age_10 + sex + race_ethnicity + charlson_score + index_year_f + acs_pct_poverty + acs_pct_unemployed + acs_pct_no_vehicle + acs_pct_nonwhite + acs_median_household_income_10k + acs_pct_bachelor_plus
UCMC,NO2,Q4,14.3724528312683,Extubation,1,0.75,0.13042222559997318,NO2 single-pollutant,age_10 + sex + race_ethnicity + charlson_score + index_year_f + acs_pct_poverty + acs_pct_unemployed + acs_pct_no_vehicle + acs_pct_nonwhite + acs_median_household_income_10k + acs_pct_bachelor_plus
UCMC,NO2,Q4,14.3724528312683,Extubation,1,1,0.18386537657692748,NO2 single-pollutant,age_10 + sex + race_ethnicity + charlson_score + index_year_f + acs_pct_poverty + acs_pct_unemployed + acs_pct_no_vehicle + acs_pct_nonwhite + acs_median_household_income_10k + acs_pct_bachelor_plus
UCMC,NO2,Q4,14.3724528312683,Extubation,1,1.25,0.2142637574976891,NO2 single-pollutant,age_10 + sex + race_ethnicity + charlson_score + index_year_f + acs_pct_poverty + acs_pct_unemployed + acs_pct_no_vehicle + acs_pct_nonwhite + acs_median_household_income_10k + acs_pct_bachelor_plus
UCMC,NO2,Q4,14.3724528312683,Extubation,1,1.5,0.23225708813226775,NO2 single-pollutant,age_10 + sex + race_ethnicity + charlson_score + index_year_f + acs_pct_poverty + acs_pct_unemployed + acs_pct_no_vehicle + acs_pct_nonwhite + acs_median_household_income_10k + acs_pct_bachelor_plus
UCMC,NO2,Q4,14.3724528312683,Extubation,1,1.75,0.2512570950727341,NO2 single-pollutant,age_10 + sex + race_ethnicity + charlson_score + index_year_f + acs_pct_poverty + acs_pct_unemployed + acs_pct_no_vehicle + acs_pct_nonwhite + acs_median_household_income_10k + acs_pct_bachelor_plus
UCMC,NO2,Q4,14.3724528312683,Extubation,1,2,0.2718427277465997,NO2 single-pollutant,age_10 + sex + race_ethnicity + charlson_score + index_year_f + acs_pct_poverty + acs_pct_unemployed + acs_pct_no_vehicle + acs_pct_nonwhite + acs_median_household_income_10k + acs_pct_bachelor_plus
UCMC,NO2,Q4,14.3724528312683,Extubation,1,2.25,0.2866982331190753,NO2 single-pollutant,age_10 + sex + race_ethnicity + charlson_score + index_year_f + acs_pct_poverty + acs_pct_unemployed + acs_pct_no_vehicle + acs_pct_nonwhite + acs_median_household_income_10k + acs_pct_bachelor_plus
UCMC,NO2,Q4,14.3724528312683,Extubation,1,2.5,0.29713585891098604,NO2 single-pollutant,age_10 + sex + race_ethnicity + charlson_score + index_year_f + acs_pct_poverty + acs_pct_unemployed + acs_pct_no_vehicle + acs_pct_nonwhite + acs_median_household_income_10k + acs_pct_bachelor_plus
UCMC,NO2,Q4,14.3724528312683,Extubation,1,2.75,0.309432427289854,NO2 single-pollutant,age_10 + sex + race_ethnicity + charlson_score + index_year_f + acs_pct_poverty + acs_pct_unemployed + acs_pct_no_vehicle + acs_pct_nonwhite + acs_median_household_income_10k + acs_pct_bachelor_plus
UCMC,NO2,Q4,14.3724528312683,Extubation,1,3,0.32048591016274364,NO2 single-pollutant,age_10 + sex + race_ethnicity + charlson_score + index_year_f + acs_pct_poverty + acs_pct_unemployed + acs_pct_no_vehicle + acs_pct_nonwhite + acs_median_household_income_10k + acs_pct_bachelor_plus
UCMC,NO2,Q4,14.3724528312683,Extubation,1,3.25,0.3291324490497707,NO2 single-pollutant,age_10 + sex + race_ethnicity + charlson_score + index_year_f + acs_pct_poverty + acs_pct_unemployed + acs_pct_no_vehicle + acs_pct_nonwhite + acs_median_household_income_10k + acs_pct_bachelor_plus
UCMC,NO2,Q4,14.3724528312683,Extubation,1,3.5,0.3369152857483386,NO2 single-pollutant,age_10 + sex + race_ethnicity + charlson_score + index_year_f + acs_pct_poverty + acs_pct_unemployed + acs_pct_no_vehicle + acs_pct_nonwhite + acs_median_household_income_10k + acs_pct_bachelor_plus
UCMC,NO2,Q4,14.3724528312683,Extubation,1,3.75,0.3436378582400744,NO2 single-pollutant,age_10 + sex + race_ethnicity + charlson_score + index_year_f + acs_pct_poverty + acs_pct_unemployed + acs_pct_no_vehicle + acs_pct_nonwhite + acs_median_household_income_10k + acs_pct_bachelor_plus
UCMC,NO2,Q4,14.3724528312683,Extubation,1,4,0.3502685545651405,NO2 single-pollutant,age_10 + sex + race_ethnicity + charlson_score + index_year_f + acs_pct_poverty + acs_pct_unemployed + acs_pct_no_vehicle + acs_pct_nonwhite + acs_median_household_income_10k + acs_pct_bachelor_plus
UCMC,NO2,Q4,14.3724528312683,Extubation,1,4.25,0.35602911868974507,NO2 single-pollutant,age_10 + sex + race_ethnicity + charlson_score + index_year_f + acs_pct_poverty + acs_pct_unemployed + acs_pct_no_vehicle + acs_pct_nonwhite + acs_median_household_income_10k + acs_pct_bachelor_plus
UCMC,NO2,Q4,14.3724528312683,Extubation,1,4.5,0.3609136416386103,NO2 single-pollutant,age_10 + sex + race_ethnicity + charlson_score + index_year_f + acs_pct_poverty + acs_pct_unemployed + acs_pct_no_vehicle + acs_pct_nonwhite + acs_median_household_income_10k + acs_pct_bachelor_plus
UCMC,NO2,Q4,14.3724528312683,Extubation,1,4.75,0.3657028894911305,NO2 single-pollutant,age_10 + sex + race_ethnicity + charlson_score + index_year_f + acs_pct_poverty + acs_pct_unemployed + acs_pct_no_vehicle + acs_pct_nonwhite + acs_median_household_income_10k + acs_pct_bachelor_plus
UCMC,NO2,Q4,14.3724528312683,Extubation,1,5,0.37078812401844674,NO2 single-pollutant,age_10 + sex + race_ethnicity + charlson_score + index_year_f + acs_pct_poverty + acs_pct_unemployed + acs_pct_no_vehicle + acs_pct_nonwhite + acs_median_household_income_10k + acs_pct_bachelor_plus
UCMC,NO2,Q4,14.3724528312683,Extubation,1,5.25,0.37528917831756137,NO2 single-pollutant,age_10 + sex + race_ethnicity + charlson_score + index_year_f + acs_pct_poverty + acs_pct_unemployed + acs_pct_no_vehicle + acs_pct_nonwhite + acs_median_household_income_10k + acs_pct_bachelor_plus
UCMC,NO2,Q4,14.3724528312683,Extubation,1,5.5,0.37949992883873784,NO2 single-pollutant,age_10 + sex + race_ethnicity + charlson_score + index_year_f + acs_pct_poverty + acs_pct_unemployed + acs_pct_no_vehicle + acs_pct_nonwhite + acs_median_household_income_10k + acs_pct_bachelor_plus
UCMC,NO2,Q4,14.3724528312683,Extubation,1,5.75,0.3832226044838656,NO2 single-pollutant,age_10 + sex + race_ethnicity + charlson_score + index_year_f + acs_pct_poverty + acs_pct_unemployed + acs_pct_no_vehicle + acs_pct_nonwhite + acs_median_household_income_10k + acs_pct_bachelor_plus
UCMC,NO2,Q4,14.3724528312683,Extubation,1,6,0.38724027222921187,NO2 single-pollutant,age_10 + sex + race_ethnicity + charlson_score + index_year_f + acs_pct_poverty + acs_pct_unemployed + acs_pct_no_vehicle + acs_pct_nonwhite + acs_median_household_income_10k + acs_pct_bachelor_plus
UCMC,NO2,Q4,14.3724528312683,Extubation,1,6.25,0.39008312162575964,NO2 single-pollutant,age_10 + sex + race_ethnicity + charlson_score + index_year_f + acs_pct_poverty + acs_pct_unemployed + acs_pct_no_vehicle + acs_pct_nonwhite + acs_median_household_income_10k + acs_pct_bachelor_plus
UCMC,NO2,Q4,14.3724528312683,Extubation,1,6.5,0.39312371225922116,NO2 single-pollutant,age_10 + sex + race_ethnicity + charlson_score + index_year_f + acs_pct_poverty + acs_pct_unemployed + acs_pct_no_vehicle + acs_pct_nonwhite + acs_median_household_income_10k + acs_pct_bachelor_plus
UCMC,NO2,Q4,14.3724528312683,Extubation,1,6.75,0.3963632261632276,NO2 single-pollutant,age_10 + sex + race_ethnicity + charlson_score + index_year_f + acs_pct_poverty + acs_pct_unemployed + acs_pct_no_vehicle + acs_pct_nonwhite + acs_median_household_income_10k + acs_pct_bachelor_plus
UCMC,NO2,Q4,14.3724528312683,Extubation,1,7,0.399506982452425,NO2 single-pollutant,age_10 + sex + race_ethnicity + charlson_score + index_year_f + acs_pct_poverty + acs_pct_unemployed + acs_pct_no_vehicle + acs_pct_nonwhite + acs_median_household_income_10k + acs_pct_bachelor_plus
UCMC,NO2,Q4,14.3724528312683,Extubation,1,7.25,0.4018654294889793,NO2 single-pollutant,age_10 + sex + race_ethnicity + charlson_score + index_year_f + acs_pct_poverty + acs_pct_unemployed + acs_pct_no_vehicle + acs_pct_nonwhite + acs_median_household_income_10k + acs_pct_bachelor_plus
UCMC,NO2,Q4,14.3724528312683,Extubation,1,7.5,0.40392990599809253,NO2 single-pollutant,age_10 + sex + race_ethnicity + charlson_score + index_year_f + acs_pct_poverty + acs_pct_unemployed + acs_pct_no_vehicle + acs_pct_nonwhite + acs_median_household_income_10k + acs_pct_bachelor_plus
UCMC,NO2,Q4,14.3724528312683,Extubation,1,7.75,0.40668459172574667,NO2 single-pollutant,age_10 + sex + race_ethnicity + charlson_score + index_year_f + acs_pct_poverty + acs_pct_unemployed + acs_pct_no_vehicle + acs_pct_nonwhite + acs_median_household_income_10k + acs_pct_bachelor_plus
UCMC,NO2,Q4,14.3724528312683,Extubation,1,8,0.4096385728562697,NO2 single-pollutant,age_10 + sex + race_ethnicity + charlson_score + index_year_f + acs_pct_poverty + acs_pct_unemployed + acs_pct_no_vehicle + acs_pct_nonwhite + acs_median_household_income_10k + acs_pct_bachelor_plus
UCMC,NO2,Q4,14.3724528312683,Extubation,1,8.25,0.41141228048756306,NO2 single-pollutant,age_10 + sex + race_ethnicity + charlson_score + index_year_f + acs_pct_poverty + acs_pct_unemployed + acs_pct_no_vehicle + acs_pct_nonwhite + acs_median_household_income_10k + acs_pct_bachelor_plus
UCMC,NO2,Q4,14.3724528312683,Extubation,1,8.5,0.4133840985370937,NO2 single-pollutant,age_10 + sex + race_ethnicity + charlson_score + index_year_f + acs_pct_poverty + acs_pct_unemployed + acs_pct_no_vehicle + acs_pct_nonwhite + acs_median_household_income_10k + acs_pct_bachelor_plus
UCMC,NO2,Q4,14.3724528312683,Extubation,1,8.75,0.41584991038901276,NO2 single-pollutant,age_10 + sex + race_ethnicity + charlson_score + index_year_f + acs_pct_poverty + acs_pct_unemployed + acs_pct_no_vehicle + acs_pct_nonwhite + acs_median_household_income_10k + acs_pct_bachelor_plus
UCMC,NO2,Q4,14.3724528312683,Extubation,1,9,0.4180206294978108,NO2 single-pollutant,age_10 + sex + race_ethnicity + charlson_score + index_year_f + acs_pct_poverty + acs_pct_unemployed + acs_pct_no_vehicle + acs_pct_nonwhite + acs_median_household_income_10k + acs_pct_bachelor_plus
UCMC,NO2,Q4,14.3724528312683,Extubation,1,9.25,0.4197975680175279,NO2 single-pollutant,age_10 + sex + race_ethnicity + charlson_score + index_year_f + acs_pct_poverty + acs_pct_unemployed + acs_pct_no_vehicle + acs_pct_nonwhite + acs_median_household_income_10k + acs_pct_bachelor_plus
UCMC,NO2,Q4,14.3724528312683,Extubation,1,9.5,0.42137773826509206,NO2 single-pollutant,age_10 + sex + race_ethnicity + charlson_score + index_year_f + acs_pct_poverty + acs_pct_unemployed + acs_pct_no_vehicle + acs_pct_nonwhite + acs_median_household_income_10k + acs_pct_bachelor_plus
UCMC,NO2,Q4,14.3724528312683,Extubation,1,9.75,0.4228596047827259,NO2 single-pollutant,age_10 + sex + race_ethnicity + charlson_score + index_year_f + acs_pct_poverty + acs_pct_unemployed + acs_pct_no_vehicle + acs_pct_nonwhite + acs_median_household_income_10k + acs_pct_bachelor_plus
UCMC,NO2,Q4,14.3724528312683,Extubation,1,10,0.42483627425811044,NO2 single-pollutant,age_10 + sex + race_ethnicity + charlson_score + index_year_f + acs_pct_poverty + acs_pct_unemployed + acs_pct_no_vehicle + acs_pct_nonwhite + acs_median_household_income_10k + acs_pct_bachelor_plus
UCMC,NO2,Q4,14.3724528312683,Extubation,1,10.25,0.4262206564988926,NO2 single-pollutant,age_10 + sex + race_ethnicity + charlson_score + index_year_f + acs_pct_poverty + acs_pct_unemployed + acs_pct_no_vehicle + acs_pct_nonwhite + acs_median_household_income_10k + acs_pct_bachelor_plus
UCMC,NO2,Q4,14.3724528312683,Extubation,1,10.5,0.4270119197364274,NO2 single-pollutant,age_10 + sex + race_ethnicity + charlson_score + index_year_f + acs_pct_poverty + acs_pct_unemployed + acs_pct_no_vehicle + acs_pct_nonwhite + acs_median_household_income_10k + acs_pct_bachelor_plus
UCMC,NO2,Q4,14.3724528312683,Extubation,1,10.75,0.4279021856752787,NO2 single-pollutant,age_10 + sex + race_ethnicity + charlson_score + index_year_f + acs_pct_poverty + acs_pct_unemployed + acs_pct_no_vehicle + acs_pct_nonwhite + acs_median_household_income_10k + acs_pct_bachelor_plus
UCMC,NO2,Q4,14.3724528312683,Extubation,1,11,0.4291883383913352,NO2 single-pollutant,age_10 + sex + race_ethnicity + charlson_score + index_year_f + acs_pct_poverty + acs_pct_unemployed + acs_pct_no_vehicle + acs_pct_nonwhite + acs_median_household_income_10k + acs_pct_bachelor_plus
UCMC,NO2,Q4,14.3724528312683,Extubation,1,11.25,0.4297819713973039,NO2 single-pollutant,age_10 + sex + race_ethnicity + charlson_score + index_year_f + acs_pct_poverty + acs_pct_unemployed + acs_pct_no_vehicle + acs_pct_nonwhite + acs_median_household_income_10k + acs_pct_bachelor_plus
UCMC,NO2,Q4,14.3724528312683,Extubation,1,11.5,0.43067241775407195,NO2 single-pollutant,age_10 + sex + race_ethnicity + charlson_score + index_year_f + acs_pct_poverty + acs_pct_unemployed + acs_pct_no_vehicle + acs_pct_nonwhite + acs_median_household_income_10k + acs_pct_bachelor_plus
UCMC,NO2,Q4,14.3724528312683,Extubation,1,11.75,0.4317609488994233,NO2 single-pollutant,age_10 + sex + race_ethnicity + charlson_score + index_year_f + acs_pct_poverty + acs_pct_unemployed + acs_pct_no_vehicle + acs_pct_nonwhite + acs_median_household_income_10k + acs_pct_bachelor_plus
UCMC,NO2,Q4,14.3724528312683,Extubation,1,12,0.4340373825445559,NO2 single-pollutant,age_10 + sex + race_ethnicity + charlson_score + index_year_f + acs_pct_poverty + acs_pct_unemployed + acs_pct_no_vehicle + acs_pct_nonwhite + acs_median_household_income_10k + acs_pct_bachelor_plus
UCMC,NO2,Q4,14.3724528312683,Extubation,1,12.25,0.43502756736884385,NO2 single-pollutant,age_10 + sex + race_ethnicity + charlson_score + index_year_f + acs_pct_poverty + acs_pct_unemployed + acs_pct_no_vehicle + acs_pct_nonwhite + acs_median_household_income_10k + acs_pct_bachelor_plus
UCMC,NO2,Q4,14.3724528312683,Extubation,1,12.5,0.4362159244378281,NO2 single-pollutant,age_10 + sex + race_ethnicity + charlson_score + index_year_f + acs_pct_poverty + acs_pct_unemployed + acs_pct_no_vehicle + acs_pct_nonwhite + acs_median_household_income_10k + acs_pct_bachelor_plus
UCMC,NO2,Q4,14.3724528312683,Extubation,1,12.75,0.43799932138995956,NO2 single-pollutant,age_10 + sex + race_ethnicity + charlson_score + index_year_f + acs_pct_poverty + acs_pct_unemployed + acs_pct_no_vehicle + acs_pct_nonwhite + acs_median_household_income_10k + acs_pct_bachelor_plus
UCMC,NO2,Q4,14.3724528312683,Extubation,1,13,0.43859394288243125,NO2 single-pollutant,age_10 + sex + race_ethnicity + charlson_score + index_year_f + acs_pct_poverty + acs_pct_unemployed + acs_pct_no_vehicle + acs_pct_nonwhite + acs_median_household_income_10k + acs_pct_bachelor_plus
UCMC,NO2,Q4,14.3724528312683,Extubation,1,13.25,0.43948608746219764,NO2 single-pollutant,age_10 + sex + race_ethnicity + charlson_score + index_year_f + acs_pct_poverty + acs_pct_unemployed + acs_pct_no_vehicle + acs_pct_nonwhite + acs_median_household_income_10k + acs_pct_bachelor_plus
UCMC,NO2,Q4,14.3724528312683,Extubation,1,13.5,0.43968436699526314,NO2 single-pollutant,age_10 + sex + race_ethnicity + charlson_score + index_year_f + acs_pct_poverty + acs_pct_unemployed + acs_pct_no_vehicle + acs_pct_nonwhite + acs_median_household_income_10k + acs_pct_bachelor_plus
UCMC,NO2,Q4,14.3724528312683,Extubation,1,13.75,0.440774940648918,NO2 single-pollutant,age_10 + sex + race_ethnicity + charlson_score + index_year_f + acs_pct_poverty + acs_pct_unemployed + acs_pct_no_vehicle + acs_pct_nonwhite + acs_median_household_income_10k + acs_pct_bachelor_plus
UCMC,NO2,Q4,14.3724528312683,Extubation,1,14,0.4417666239026875,NO2 single-pollutant,age_10 + sex + race_ethnicity + charlson_score + index_year_f + acs_pct_poverty + acs_pct_unemployed + acs_pct_no_vehicle + acs_pct_nonwhite + acs_median_household_income_10k + acs_pct_bachelor_plus
UCMC,NO2,Q4,14.3724528312683,Extubation,1,14.25,0.4424610018999767,NO2 single-pollutant,age_10 + sex + race_ethnicity + charlson_score + index_year_f + acs_pct_poverty + acs_pct_unemployed + acs_pct_no_vehicle + acs_pct_nonwhite + acs_median_household_income_10k + acs_pct_bachelor_plus
UCMC,NO2,Q4,14.3724528312683,Extubation,1,14.5,0.44384996753659156,NO2 single-pollutant,age_10 + sex + race_ethnicity + charlson_score + index_year_f + acs_pct_poverty + acs_pct_unemployed + acs_pct_no_vehicle + acs_pct_nonwhite + acs_median_household_income_10k + acs_pct_bachelor_plus
UCMC,NO2,Q4,14.3724528312683,Extubation,1,14.75,0.4440483788077826,NO2 single-pollutant,age_10 + sex + race_ethnicity + charlson_score + index_year_f + acs_pct_poverty + acs_pct_unemployed + acs_pct_no_vehicle + acs_pct_nonwhite + acs_median_household_income_10k + acs_pct_bachelor_plus
UCMC,NO2,Q4,14.3724528312683,Extubation,1,15,0.44444525775676935,NO2 single-pollutant,age_10 + sex + race_ethnicity + charlson_score + index_year_f + acs_pct_poverty + acs_pct_unemployed + acs_pct_no_vehicle + acs_pct_nonwhite + acs_median_household_income_10k + acs_pct_bachelor_plus
UCMC,NO2,Q4,14.3724528312683,Extubation,1,15.25,0.4454378928062004,NO2 single-pollutant,age_10 + sex + race_ethnicity + charlson_score + index_year_f + acs_pct_poverty + acs_pct_unemployed + acs_pct_no_vehicle + acs_pct_nonwhite + acs_median_household_income_10k + acs_pct_bachelor_plus
UCMC,NO2,Q4,14.3724528312683,Extubation,1,15.5,0.44603359978400214,NO2 single-pollutant,age_10 + sex + race_ethnicity + charlson_score + index_year_f + acs_pct_poverty + acs_pct_unemployed + acs_pct_no_vehicle + acs_pct_nonwhite + acs_median_household_income_10k + acs_pct_bachelor_plus
UCMC,NO2,Q4,14.3724528312683,Extubation,1,15.75,0.4464307362617035,NO2 single-pollutant,age_10 + sex + race_ethnicity + charlson_score + index_year_f + acs_pct_poverty + acs_pct_unemployed + acs_pct_no_vehicle + acs_pct_nonwhite + acs_median_household_income_10k + acs_pct_bachelor_plus
UCMC,NO2,Q4,14.3724528312683,Extubation,1,16,0.44692720933539964,NO2 single-pollutant,age_10 + sex + race_ethnicity + charlson_score + index_year_f + acs_pct_poverty + acs_pct_unemployed + acs_pct_no_vehicle + acs_pct_nonwhite + acs_median_household_income_10k + acs_pct_bachelor_plus
UCMC,NO2,Q4,14.3724528312683,Extubation,1,16.25,0.447523048199688,NO2 single-pollutant,age_10 + sex + race_ethnicity + charlson_score + index_year_f + acs_pct_poverty + acs_pct_unemployed + acs_pct_no_vehicle + acs_pct_nonwhite + acs_median_household_income_10k + acs_pct_bachelor_plus
UCMC,NO2,Q4,14.3724528312683,Extubation,1,16.5,0.4479203908071011,NO2 single-pollutant,age_10 + sex + race_ethnicity + charlson_score + index_year_f + acs_pct_poverty + acs_pct_unemployed + acs_pct_no_vehicle + acs_pct_nonwhite + acs_median_household_income_10k + acs_pct_bachelor_plus
UCMC,NO2,Q4,14.3724528312683,Extubation,1,16.75,0.4484171364461347,NO2 single-pollutant,age_10 + sex + race_ethnicity + charlson_score + index_year_f + acs_pct_poverty + acs_pct_unemployed + acs_pct_no_vehicle + acs_pct_nonwhite + acs_median_household_income_10k + acs_pct_bachelor_plus
UCMC,NO2,Q4,14.3724528312683,Extubation,1,17,0.4490132514095708,NO2 single-pollutant,age_10 + sex + race_ethnicity + charlson_score + index_year_f + acs_pct_poverty + acs_pct_unemployed + acs_pct_no_vehicle + acs_pct_nonwhite + acs_median_household_income_10k + acs_pct_bachelor_plus
UCMC,NO2,Q4,14.3724528312683,Extubation,1,17.25,0.4496094071525447,NO2 single-pollutant,age_10 + sex + race_ethnicity + charlson_score + index_year_f + acs_pct_poverty + acs_pct_unemployed + acs_pct_no_vehicle + acs_pct_nonwhite + acs_median_household_income_10k + acs_pct_bachelor_plus
UCMC,NO2,Q4,14.3724528312683,Extubation,1,17.5,0.45030501244123855,NO2 single-pollutant,age_10 + sex + race_ethnicity + charlson_score + index_year_f + acs_pct_poverty + acs_pct_unemployed + acs_pct_no_vehicle + acs_pct_nonwhite + acs_median_household_income_10k + acs_pct_bachelor_plus
UCMC,NO2,Q4,14.3724528312683,Extubation,1,17.75,0.4505037611999141,NO2 single-pollutant,age_10 + sex + race_ethnicity + charlson_score + index_year_f + acs_pct_poverty + acs_pct_unemployed + acs_pct_no_vehicle + acs_pct_nonwhite + acs_median_household_income_10k + acs_pct_bachelor_plus
UCMC,NO2,Q4,14.3724528312683,Extubation,1,18,0.4510006192704571,NO2 single-pollutant,age_10 + sex + race_ethnicity + charlson_score + index_year_f + acs_pct_poverty + acs_pct_unemployed + acs_pct_no_vehicle + acs_pct_nonwhite + acs_median_household_income_10k + acs_pct_bachelor_plus
UCMC,NO2,Q4,14.3724528312683,Extubation,1,18.25,0.451398150788588,NO2 single-pollutant,age_10 + sex + race_ethnicity + charlson_score + index_year_f + acs_pct_poverty + acs_pct_unemployed + acs_pct_no_vehicle + acs_pct_nonwhite + acs_median_household_income_10k + acs_pct_bachelor_plus
UCMC,NO2,Q4,14.3724528312683,Extubation,1,18.5,0.4516963079842774,NO2 single-pollutant,age_10 + sex + race_ethnicity + charlson_score + index_year_f + acs_pct_poverty + acs_pct_unemployed + acs_pct_no_vehicle + acs_pct_nonwhite + acs_median_household_income_10k + acs_pct_bachelor_plus
UCMC,NO2,Q4,14.3724528312683,Extubation,1,18.75,0.45199450366124305,NO2 single-pollutant,age_10 + sex + race_ethnicity + charlson_score + index_year_f + acs_pct_poverty + acs_pct_unemployed + acs_pct_no_vehicle + acs_pct_nonwhite + acs_median_household_income_10k + acs_pct_bachelor_plus
UCMC,NO2,Q4,14.3724528312683,Extubation,1,19,0.45269036363056914,NO2 single-pollutant,age_10 + sex + race_ethnicity + charlson_score + index_year_f + acs_pct_poverty + acs_pct_unemployed + acs_pct_no_vehicle + acs_pct_nonwhite + acs_median_household_income_10k + acs_pct_bachelor_plus
UCMC,NO2,Q4,14.3724528312683,Extubation,1,19.25,0.45298867306589174,NO2 single-pollutant,age_10 + sex + race_ethnicity + charlson_score + index_year_f + acs_pct_poverty + acs_pct_unemployed + acs_pct_no_vehicle + acs_pct_nonwhite + acs_median_household_income_10k + acs_pct_bachelor_plus
UCMC,NO2,Q4,14.3724528312683,Extubation,1,19.5,0.45338643668543543,NO2 single-pollutant,age_10 + sex + race_ethnicity + charlson_score + index_year_f + acs_pct_poverty + acs_pct_unemployed + acs_pct_no_vehicle + acs_pct_nonwhite + acs_median_household_income_10k + acs_pct_bachelor_plus
UCMC,NO2,Q4,14.3724528312683,Extubation,1,19.75,0.4540825915446304,NO2 single-pollutant,age_10 + sex + race_ethnicity + charlson_score + index_year_f + acs_pct_poverty + acs_pct_unemployed + acs_pct_no_vehicle + acs_pct_nonwhite + acs_median_household_income_10k + acs_pct_bachelor_plus
UCMC,NO2,Q4,14.3724528312683,Extubation,1,20,0.45477894845986555,NO2 single-pollutant,age_10 + sex + race_ethnicity + charlson_score + index_year_f + acs_pct_poverty + acs_pct_unemployed + acs_pct_no_vehicle + acs_pct_nonwhite + acs_median_household_income_10k + acs_pct_bachelor_plus
UCMC,NO2,Q4,14.3724528312683,Extubation,1,20.25,0.4550774355944426,NO2 single-pollutant,age_10 + sex + race_ethnicity + charlson_score + index_year_f + acs_pct_poverty + acs_pct_unemployed + acs_pct_no_vehicle + acs_pct_nonwhite + acs_median_household_income_10k + acs_pct_bachelor_plus
UCMC,NO2,Q4,14.3724528312683,Extubation,1,20.5,0.4552764135090015,NO2 single-pollutant,age_10 + sex + race_ethnicity + charlson_score + index_year_f + acs_pct_poverty + acs_pct_unemployed + acs_pct_no_vehicle + acs_pct_nonwhite + acs_median_household_income_10k + acs_pct_bachelor_plus
UCMC,NO2,Q4,14.3724528312683,Extubation,1,20.75,0.45537590462171074,NO2 single-pollutant,age_10 + sex + race_ethnicity + charlson_score + index_year_f + acs_pct_poverty + acs_pct_unemployed + acs_pct_no_vehicle + acs_pct_nonwhite + acs_median_household_income_10k + acs_pct_bachelor_plus
UCMC,NO2,Q4,14.3724528312683,Extubation,1,21,0.4556744062207507,NO2 single-pollutant,age_10 + sex + race_ethnicity + charlson_score + index_year_f + acs_pct_poverty + acs_pct_unemployed + acs_pct_no_vehicle + acs_pct_nonwhite + acs_median_household_income_10k + acs_pct_bachelor_plus
UCMC,NO2,Q4,14.3724528312683,Extubation,1,21.25,0.4558734128622106,NO2 single-pollutant,age_10 + sex + race_ethnicity + charlson_score + index_year_f + acs_pct_poverty + acs_pct_unemployed + acs_pct_no_vehicle + acs_pct_nonwhite + acs_median_household_income_10k + acs_pct_bachelor_plus
UCMC,NO2,Q4,14.3724528312683,Extubation,1,21.5,0.4562714523800795,NO2 single-pollutant,age_10 + sex + race_ethnicity + charlson_score + index_year_f + acs_pct_poverty + acs_pct_unemployed + acs_pct_no_vehicle + acs_pct_nonwhite + acs_median_household_income_10k + acs_pct_bachelor_plus
UCMC,NO2,Q4,14.3724528312683,Extubation,1,21.75,0.4565699782303152,NO2 single-pollutant,age_10 + sex + race_ethnicity + charlson_score + index_year_f + acs_pct_poverty + acs_pct_unemployed + acs_pct_no_vehicle + acs_pct_nonwhite + acs_median_household_income_10k + acs_pct_bachelor_plus
UCMC,NO2,Q4,14.3724528312683,Extubation,1,22,0.4567690167476083,NO2 single-pollutant,age_10 + sex + race_ethnicity + charlson_score + index_year_f + acs_pct_poverty + acs_pct_unemployed + acs_pct_no_vehicle + acs_pct_nonwhite + acs_median_household_income_10k + acs_pct_bachelor_plus
UCMC,NO2,Q4,14.3724528312683,Extubation,1,22.25,0.45686853360539026,NO2 single-pollutant,age_10 + sex + race_ethnicity + charlson_score + index_year_f + acs_pct_poverty + acs_pct_unemployed + acs_pct_no_vehicle + acs_pct_nonwhite + acs_median_household_income_10k + acs_pct_bachelor_plus
UCMC,NO2,Q4,14.3724528312683,Extubation,1,22.5,0.45686853360539026,NO2 single-pollutant,age_10 + sex + race_ethnicity + charlson_score + index_year_f + acs_pct_poverty + acs_pct_unemployed + acs_pct_no_vehicle + acs_pct_nonwhite + acs_median_household_income_10k + acs_pct_bachelor_plus
UCMC,NO2,Q4,14.3724528312683,Extubation,1,22.75,0.45696805259281803,NO2 single-pollutant,age_10 + sex + race_ethnicity + charlson_score + index_year_f + acs_pct_poverty + acs_pct_unemployed + acs_pct_no_vehicle + acs_pct_nonwhite + acs_median_household_income_10k + acs_pct_bachelor_plus
UCMC,NO2,Q4,14.3724528312683,Extubation,1,23,0.4571670800784873,NO2 single-pollutant,age_10 + sex + race_ethnicity + charlson_score + index_year_f + acs_pct_poverty + acs_pct_unemployed + acs_pct_no_vehicle + acs_pct_nonwhite + acs_median_household_income_10k + acs_pct_bachelor_plus
UCMC,NO2,Q4,14.3724528312683,Extubation,1,23.25,0.4572665957552098,NO2 single-pollutant,age_10 + sex + race_ethnicity + charlson_score + index_year_f + acs_pct_poverty + acs_pct_unemployed + acs_pct_no_vehicle + acs_pct_nonwhite + acs_median_household_income_10k + acs_pct_bachelor_plus
UCMC,NO2,Q4,14.3724528312683,Extubation,1,23.5,0.4576646695899893,NO2 single-pollutant,age_10 + sex + race_ethnicity + charlson_score + index_year_f + acs_pct_poverty + acs_pct_unemployed + acs_pct_no_vehicle + acs_pct_nonwhite + acs_median_household_income_10k + acs_pct_bachelor_plus
UCMC,NO2,Q4,14.3724528312683,Extubation,1,23.75,0.45776421519887855,NO2 single-pollutant,age_10 + sex + race_ethnicity + charlson_score + index_year_f + acs_pct_poverty + acs_pct_unemployed + acs_pct_no_vehicle + acs_pct_nonwhite + acs_median_household_income_10k + acs_pct_bachelor_plus
UCMC,NO2,Q4,14.3724528312683,Extubation,1,24,0.4583615925959228,NO2 single-pollutant,age_10 + sex + race_ethnicity + charlson_score + index_year_f + acs_pct_poverty + acs_pct_unemployed + acs_pct_no_vehicle + acs_pct_nonwhite + acs_median_household_income_10k + acs_pct_bachelor_plus
UCMC,NO2,Q4,14.3724528312683,Extubation,1,24.25,0.4585607699393427,NO2 single-pollutant,age_10 + sex + race_ethnicity + charlson_score + index_year_f + acs_pct_poverty + acs_pct_unemployed + acs_pct_no_vehicle + acs_pct_nonwhite + acs_median_household_income_10k + acs_pct_bachelor_plus
UCMC,NO2,Q4,14.3724528312683,Extubation,1,24.5,0.4585607699393427,NO2 single-pollutant,age_10 + sex + race_ethnicity + charlson_score + index_year_f + acs_pct_poverty + acs_pct_unemployed + acs_pct_no_vehicle + acs_pct_nonwhite + acs_median_household_income_10k + acs_pct_bachelor_plus
UCMC,NO2,Q4,14.3724528312683,Extubation,1,24.75,0.458959144954315,NO2 single-pollutant,age_10 + sex + race_ethnicity + charlson_score + index_year_f + acs_pct_poverty + acs_pct_unemployed + acs_pct_no_vehicle + acs_pct_nonwhite + acs_median_household_income_10k + acs_pct_bachelor_plus
UCMC,NO2,Q4,14.3724528312683,Extubation,1,25,0.458959144954315,NO2 single-pollutant,age_10 + sex + race_ethnicity + charlson_score + index_year_f + acs_pct_poverty + acs_pct_unemployed + acs_pct_no_vehicle + acs_pct_nonwhite + acs_median_household_income_10k + acs_pct_bachelor_plus
UCMC,NO2,Q4,14.3724528312683,Extubation,1,25.25,0.4593576105979703,NO2 single-pollutant,age_10 + sex + race_ethnicity + charlson_score + index_year_f + acs_pct_poverty + acs_pct_unemployed + acs_pct_no_vehicle + acs_pct_nonwhite + acs_median_household_income_10k + acs_pct_bachelor_plus
UCMC,NO2,Q4,14.3724528312683,Extubation,1,25.5,0.4595568626762072,NO2 single-pollutant,age_10 + sex + race_ethnicity + charlson_score + index_year_f + acs_pct_poverty + acs_pct_unemployed + acs_pct_no_vehicle + acs_pct_nonwhite + acs_median_household_income_10k + acs_pct_bachelor_plus
UCMC,NO2,Q4,14.3724528312683,Extubation,1,25.75,0.45975613055803366,NO2 single-pollutant,age_10 + sex + race_ethnicity + charlson_score + index_year_f + acs_pct_poverty + acs_pct_unemployed + acs_pct_no_vehicle + acs_pct_nonwhite + acs_median_household_income_10k + acs_pct_bachelor_plus
UCMC,NO2,Q4,14.3724528312683,Extubation,1,26,0.4599554280957119,NO2 single-pollutant,age_10 + sex + race_ethnicity + charlson_score + index_year_f + acs_pct_poverty + acs_pct_unemployed + acs_pct_no_vehicle + acs_pct_nonwhite + acs_median_household_income_10k + acs_pct_bachelor_plus
UCMC,NO2,Q4,14.3724528312683,Extubation,1,26.25,0.46005507396030043,NO2 single-pollutant,age_10 + sex + race_ethnicity + charlson_score + index_year_f + acs_pct_poverty + acs_pct_unemployed + acs_pct_no_vehicle + acs_pct_nonwhite + acs_median_household_income_10k + acs_pct_bachelor_plus
UCMC,NO2,Q4,14.3724528312683,Extubation,1,26.5,0.4603540444270736,NO2 single-pollutant,age_10 + sex + race_ethnicity + charlson_score + index_year_f + acs_pct_poverty + acs_pct_unemployed + acs_pct_no_vehicle + acs_pct_nonwhite + acs_median_household_income_10k + acs_pct_bachelor_plus
UCMC,NO2,Q4,14.3724528312683,Extubation,1,26.75,0.4604537123206047,NO2 single-pollutant,age_10 + sex + race_ethnicity + charlson_score + index_year_f + acs_pct_poverty + acs_pct_unemployed + acs_pct_no_vehicle + acs_pct_nonwhite + acs_median_household_income_10k + acs_pct_bachelor_plus
UCMC,NO2,Q4,14.3724528312683,Extubation,1,27,0.46055337724118883,NO2 single-pollutant,age_10 + sex + race_ethnicity + charlson_score + index_year_f + acs_pct_poverty + acs_pct_unemployed + acs_pct_no_vehicle + acs_pct_nonwhite + acs_median_household_income_10k + acs_pct_bachelor_plus
UCMC,NO2,Q4,14.3724528312683,Extubation,1,27.25,0.4606530440722285,NO2 single-pollutant,age_10 + sex + race_ethnicity + charlson_score + index_year_f + acs_pct_poverty + acs_pct_unemployed + acs_pct_no_vehicle + acs_pct_nonwhite + acs_median_household_income_10k + acs_pct_bachelor_plus
UCMC,NO2,Q4,14.3724528312683,Extubation,1,27.5,0.4606530440722285,NO2 single-pollutant,age_10 + sex + race_ethnicity + charlson_score + index_year_f + acs_pct_poverty + acs_pct_unemployed + acs_pct_no_vehicle + acs_pct_nonwhite + acs_median_household_income_10k + acs_pct_bachelor_plus
UCMC,NO2,Q4,14.3724528312683,Extubation,1,27.75,0.4607527078552871,NO2 single-pollutant,age_10 + sex + race_ethnicity + charlson_score + index_year_f + acs_pct_poverty + acs_pct_unemployed + acs_pct_no_vehicle + acs_pct_nonwhite + acs_median_household_income_10k + acs_pct_bachelor_plus
UCMC,NO2,Q4,14.3724528312683,Extubation,1,28,0.4609520347313312,NO2 single-pollutant,age_10 + sex + race_ethnicity + charlson_score + index_year_f + acs_pct_poverty + acs_pct_unemployed + acs_pct_no_vehicle + acs_pct_nonwhite + acs_median_household_income_10k + acs_pct_bachelor_plus
UCMC,NO2,Q1,5.304929783666767,Death,2,0,0,NO2 single-pollutant,age_10 + sex + race_ethnicity + charlson_score + index_year_f + acs_pct_poverty + acs_pct_unemployed + acs_pct_no_vehicle + acs_pct_nonwhite + acs_median_household_income_10k + acs_pct_bachelor_plus
UCMC,NO2,Q1,5.304929783666767,Death,2,0.25,9.551318318590241e-4,NO2 single-pollutant,age_10 + sex + race_ethnicity + charlson_score + index_year_f + acs_pct_poverty + acs_pct_unemployed + acs_pct_no_vehicle + acs_pct_nonwhite + acs_median_household_income_10k + acs_pct_bachelor_plus
UCMC,NO2,Q1,5.304929783666767,Death,2,0.5,0.0031051617863859793,NO2 single-pollutant,age_10 + sex + race_ethnicity + charlson_score + index_year_f + acs_pct_poverty + acs_pct_unemployed + acs_pct_no_vehicle + acs_pct_nonwhite + acs_median_household_income_10k + acs_pct_bachelor_plus
UCMC,NO2,Q1,5.304929783666767,Death,2,0.75,0.005576541031221183,NO2 single-pollutant,age_10 + sex + race_ethnicity + charlson_score + index_year_f + acs_pct_poverty + acs_pct_unemployed + acs_pct_no_vehicle + acs_pct_nonwhite + acs_median_household_income_10k + acs_pct_bachelor_plus
UCMC,NO2,Q1,5.304929783666767,Death,2,1,0.008930004443032713,NO2 single-pollutant,age_10 + sex + race_ethnicity + charlson_score + index_year_f + acs_pct_poverty + acs_pct_unemployed + acs_pct_no_vehicle + acs_pct_nonwhite + acs_median_household_income_10k + acs_pct_bachelor_plus
UCMC,NO2,Q1,5.304929783666767,Death,2,1.25,0.015733871244740905,NO2 single-pollutant,age_10 + sex + race_ethnicity + charlson_score + index_year_f + acs_pct_poverty + acs_pct_unemployed + acs_pct_no_vehicle + acs_pct_nonwhite + acs_median_household_income_10k + acs_pct_bachelor_plus
UCMC,NO2,Q1,5.304929783666767,Death,2,1.5,0.021915441803897595,NO2 single-pollutant,age_10 + sex + race_ethnicity + charlson_score + index_year_f + acs_pct_poverty + acs_pct_unemployed + acs_pct_no_vehicle + acs_pct_nonwhite + acs_median_household_income_10k + acs_pct_bachelor_plus
UCMC,NO2,Q1,5.304929783666767,Death,2,1.75,0.02706835959035958,NO2 single-pollutant,age_10 + sex + race_ethnicity + charlson_score + index_year_f + acs_pct_poverty + acs_pct_unemployed + acs_pct_no_vehicle + acs_pct_nonwhite + acs_median_household_income_10k + acs_pct_bachelor_plus
UCMC,NO2,Q1,5.304929783666767,Death,2,2,0.03223266856059004,NO2 single-pollutant,age_10 + sex + race_ethnicity + charlson_score + index_year_f + acs_pct_poverty + acs_pct_unemployed + acs_pct_no_vehicle + acs_pct_nonwhite + acs_median_household_income_10k + acs_pct_bachelor_plus
UCMC,NO2,Q1,5.304929783666767,Death,2,2.25,0.03870571205088236,NO2 single-pollutant,age_10 + sex + race_ethnicity + charlson_score + index_year_f + acs_pct_poverty + acs_pct_unemployed + acs_pct_no_vehicle + acs_pct_nonwhite + acs_median_household_income_10k + acs_pct_bachelor_plus
UCMC,NO2,Q1,5.304929783666767,Death,2,2.5,0.0445461418006734,NO2 single-pollutant,age_10 + sex + race_ethnicity + charlson_score + index_year_f + acs_pct_poverty + acs_pct_unemployed + acs_pct_no_vehicle + acs_pct_nonwhite + acs_median_household_income_10k + acs_pct_bachelor_plus
UCMC,NO2,Q1,5.304929783666767,Death,2,2.75,0.049344722539139574,NO2 single-pollutant,age_10 + sex + race_ethnicity + charlson_score + index_year_f + acs_pct_poverty + acs_pct_unemployed + acs_pct_no_vehicle + acs_pct_nonwhite + acs_median_household_income_10k + acs_pct_bachelor_plus
UCMC,NO2,Q1,5.304929783666767,Death,2,3,0.05383001611640037,NO2 single-pollutant,age_10 + sex + race_ethnicity + charlson_score + index_year_f + acs_pct_poverty + acs_pct_unemployed + acs_pct_no_vehicle + acs_pct_nonwhite + acs_median_household_income_10k + acs_pct_bachelor_plus
UCMC,NO2,Q1,5.304929783666767,Death,2,3.25,0.05890265653020288,NO2 single-pollutant,age_10 + sex + race_ethnicity + charlson_score + index_year_f + acs_pct_poverty + acs_pct_unemployed + acs_pct_no_vehicle + acs_pct_nonwhite + acs_median_household_income_10k + acs_pct_bachelor_plus
UCMC,NO2,Q1,5.304929783666767,Death,2,3.5,0.06251173233408436,NO2 single-pollutant,age_10 + sex + race_ethnicity + charlson_score + index_year_f + acs_pct_poverty + acs_pct_unemployed + acs_pct_no_vehicle + acs_pct_nonwhite + acs_median_household_income_10k + acs_pct_bachelor_plus
UCMC,NO2,Q1,5.304929783666767,Death,2,3.75,0.06579872784446505,NO2 single-pollutant,age_10 + sex + race_ethnicity + charlson_score + index_year_f + acs_pct_poverty + acs_pct_unemployed + acs_pct_no_vehicle + acs_pct_nonwhite + acs_median_household_income_10k + acs_pct_bachelor_plus
UCMC,NO2,Q1,5.304929783666767,Death,2,4,0.07016193731887344,NO2 single-pollutant,age_10 + sex + race_ethnicity + charlson_score + index_year_f + acs_pct_poverty + acs_pct_unemployed + acs_pct_no_vehicle + acs_pct_nonwhite + acs_median_household_income_10k + acs_pct_bachelor_plus
UCMC,NO2,Q1,5.304929783666767,Death,2,4.25,0.0730470364726945,NO2 single-pollutant,age_10 + sex + race_ethnicity + charlson_score + index_year_f + acs_pct_poverty + acs_pct_unemployed + acs_pct_no_vehicle + acs_pct_nonwhite + acs_median_household_income_10k + acs_pct_bachelor_plus
UCMC,NO2,Q1,5.304929783666767,Death,2,4.5,0.07659644501697693,NO2 single-pollutant,age_10 + sex + race_ethnicity + charlson_score + index_year_f + acs_pct_poverty + acs_pct_unemployed + acs_pct_no_vehicle + acs_pct_nonwhite + acs_median_household_income_10k + acs_pct_bachelor_plus
UCMC,NO2,Q1,5.304929783666767,Death,2,4.75,0.07982201895523999,NO2 single-pollutant,age_10 + sex + race_ethnicity + charlson_score + index_year_f + acs_pct_poverty + acs_pct_unemployed + acs_pct_no_vehicle + acs_pct_nonwhite + acs_median_household_income_10k + acs_pct_bachelor_plus
UCMC,NO2,Q1,5.304929783666767,Death,2,5,0.08247334161482545,NO2 single-pollutant,age_10 + sex + race_ethnicity + charlson_score + index_year_f + acs_pct_poverty + acs_pct_unemployed + acs_pct_no_vehicle + acs_pct_nonwhite + acs_median_household_income_10k + acs_pct_bachelor_plus
UCMC,NO2,Q1,5.304929783666767,Death,2,5.25,0.08537715572115223,NO2 single-pollutant,age_10 + sex + race_ethnicity + charlson_score + index_year_f + acs_pct_poverty + acs_pct_unemployed + acs_pct_no_vehicle + acs_pct_nonwhite + acs_median_household_income_10k + acs_pct_bachelor_plus
UCMC,NO2,Q1,5.304929783666767,Death,2,5.5,0.0878698568891293,NO2 single-pollutant,age_10 + sex + race_ethnicity + charlson_score + index_year_f + acs_pct_poverty + acs_pct_unemployed + acs_pct_no_vehicle + acs_pct_nonwhite + acs_median_household_income_10k + acs_pct_bachelor_plus
UCMC,NO2,Q1,5.304929783666767,Death,2,5.75,0.09086646514727059,NO2 single-pollutant,age_10 + sex + race_ethnicity + charlson_score + index_year_f + acs_pct_poverty + acs_pct_unemployed + acs_pct_no_vehicle + acs_pct_nonwhite + acs_median_household_income_10k + acs_pct_bachelor_plus
UCMC,NO2,Q1,5.304929783666767,Death,2,6,0.09336706790626403,NO2 single-pollutant,age_10 + sex + race_ethnicity + charlson_score + index_year_f + acs_pct_poverty + acs_pct_unemployed + acs_pct_no_vehicle + acs_pct_nonwhite + acs_median_household_income_10k + acs_pct_bachelor_plus
UCMC,NO2,Q1,5.304929783666767,Death,2,6.25,0.09570384530416864,NO2 single-pollutant,age_10 + sex + race_ethnicity + charlson_score + index_year_f + acs_pct_poverty + acs_pct_unemployed + acs_pct_no_vehicle + acs_pct_nonwhite + acs_median_household_income_10k + acs_pct_bachelor_plus
UCMC,NO2,Q1,5.304929783666767,Death,2,6.5,0.09754173908585406,NO2 single-pollutant,age_10 + sex + race_ethnicity + charlson_score + index_year_f + acs_pct_poverty + acs_pct_unemployed + acs_pct_no_vehicle + acs_pct_nonwhite + acs_median_household_income_10k + acs_pct_bachelor_plus
UCMC,NO2,Q1,5.304929783666767,Death,2,6.75,0.0996321300723002,NO2 single-pollutant,age_10 + sex + race_ethnicity + charlson_score + index_year_f + acs_pct_poverty + acs_pct_unemployed + acs_pct_no_vehicle + acs_pct_nonwhite + acs_median_household_income_10k + acs_pct_bachelor_plus
UCMC,NO2,Q1,5.304929783666767,Death,2,7,0.10155636422206404,NO2 single-pollutant,age_10 + sex + race_ethnicity + charlson_score + index_year_f + acs_pct_poverty + acs_pct_unemployed + acs_pct_no_vehicle + acs_pct_nonwhite + acs_median_household_income_10k + acs_pct_bachelor_plus
UCMC,NO2,Q1,5.304929783666767,Death,2,7.25,0.10331496193688872,NO2 single-pollutant,age_10 + sex + race_ethnicity + charlson_score + index_year_f + acs_pct_poverty + acs_pct_unemployed + acs_pct_no_vehicle + acs_pct_nonwhite + acs_median_household_income_10k + acs_pct_bachelor_plus
UCMC,NO2,Q1,5.304929783666767,Death,2,7.5,0.10624847306388341,NO2 single-pollutant,age_10 + sex + race_ethnicity + charlson_score + index_year_f + acs_pct_poverty + acs_pct_unemployed + acs_pct_no_vehicle + acs_pct_nonwhite + acs_median_household_income_10k + acs_pct_bachelor_plus
UCMC,NO2,Q1,5.304929783666767,Death,2,7.75,0.10750714782193338,NO2 single-pollutant,age_10 + sex + race_ethnicity + charlson_score + index_year_f + acs_pct_poverty + acs_pct_unemployed + acs_pct_no_vehicle + acs_pct_nonwhite + acs_median_household_income_10k + acs_pct_bachelor_plus
UCMC,NO2,Q1,5.304929783666767,Death,2,8,0.10918632271330031,NO2 single-pollutant,age_10 + sex + race_ethnicity + charlson_score + index_year_f + acs_pct_poverty + acs_pct_unemployed + acs_pct_no_vehicle + acs_pct_nonwhite + acs_median_household_income_10k + acs_pct_bachelor_plus
UCMC,NO2,Q1,5.304929783666767,Death,2,8.25,0.11095022851697567,NO2 single-pollutant,age_10 + sex + race_ethnicity + charlson_score + index_year_f + acs_pct_poverty + acs_pct_unemployed + acs_pct_no_vehicle + acs_pct_nonwhite + acs_median_household_income_10k + acs_pct_bachelor_plus
UCMC,NO2,Q1,5.304929783666767,Death,2,8.5,0.11221115451538777,NO2 single-pollutant,age_10 + sex + race_ethnicity + charlson_score + index_year_f + acs_pct_poverty + acs_pct_unemployed + acs_pct_no_vehicle + acs_pct_nonwhite + acs_median_household_income_10k + acs_pct_bachelor_plus
UCMC,NO2,Q1,5.304929783666767,Death,2,8.75,0.11338874099254814,NO2 single-pollutant,age_10 + sex + race_ethnicity + charlson_score + index_year_f + acs_pct_poverty + acs_pct_unemployed + acs_pct_no_vehicle + acs_pct_nonwhite + acs_median_household_income_10k + acs_pct_bachelor_plus
UCMC,NO2,Q1,5.304929783666767,Death,2,9,0.11507168248975985,NO2 single-pollutant,age_10 + sex + race_ethnicity + charlson_score + index_year_f + acs_pct_poverty + acs_pct_unemployed + acs_pct_no_vehicle + acs_pct_nonwhite + acs_median_household_income_10k + acs_pct_bachelor_plus
UCMC,NO2,Q1,5.304929783666767,Death,2,9.25,0.11633483577953452,NO2 single-pollutant,age_10 + sex + race_ethnicity + charlson_score + index_year_f + acs_pct_poverty + acs_pct_unemployed + acs_pct_no_vehicle + acs_pct_nonwhite + acs_median_household_income_10k + acs_pct_bachelor_plus
UCMC,NO2,Q1,5.304929783666767,Death,2,9.5,0.11751447711766316,NO2 single-pollutant,age_10 + sex + race_ethnicity + charlson_score + index_year_f + acs_pct_poverty + acs_pct_unemployed + acs_pct_no_vehicle + acs_pct_nonwhite + acs_median_household_income_10k + acs_pct_bachelor_plus
UCMC,NO2,Q1,5.304929783666767,Death,2,9.75,0.11827319769040345,NO2 single-pollutant,age_10 + sex + race_ethnicity + charlson_score + index_year_f + acs_pct_poverty + acs_pct_unemployed + acs_pct_no_vehicle + acs_pct_nonwhite + acs_median_household_income_10k + acs_pct_bachelor_plus
UCMC,NO2,Q1,5.304929783666767,Death,2,10,0.11945414406620702,NO2 single-pollutant,age_10 + sex + race_ethnicity + charlson_score + index_year_f + acs_pct_poverty + acs_pct_unemployed + acs_pct_no_vehicle + acs_pct_nonwhite + acs_median_household_income_10k + acs_pct_bachelor_plus
UCMC,NO2,Q1,5.304929783666767,Death,2,10.25,0.12072029865350087,NO2 single-pollutant,age_10 + sex + race_ethnicity + charlson_score + index_year_f + acs_pct_poverty + acs_pct_unemployed + acs_pct_no_vehicle + acs_pct_nonwhite + acs_median_household_income_10k + acs_pct_bachelor_plus
UCMC,NO2,Q1,5.304929783666767,Death,2,10.5,0.12181830321280651,NO2 single-pollutant,age_10 + sex + race_ethnicity + charlson_score + index_year_f + acs_pct_poverty + acs_pct_unemployed + acs_pct_no_vehicle + acs_pct_nonwhite + acs_median_household_income_10k + acs_pct_bachelor_plus
UCMC,NO2,Q1,5.304929783666767,Death,2,10.75,0.12257868045182929,NO2 single-pollutant,age_10 + sex + race_ethnicity + charlson_score + index_year_f + acs_pct_poverty + acs_pct_unemployed + acs_pct_no_vehicle + acs_pct_nonwhite + acs_median_household_income_10k + acs_pct_bachelor_plus
UCMC,NO2,Q1,5.304929783666767,Death,2,11,0.12359290717288307,NO2 single-pollutant,age_10 + sex + race_ethnicity + charlson_score + index_year_f + acs_pct_poverty + acs_pct_unemployed + acs_pct_no_vehicle + acs_pct_nonwhite + acs_median_household_income_10k + acs_pct_bachelor_plus
UCMC,NO2,Q1,5.304929783666767,Death,2,11.25,0.12452323521704811,NO2 single-pollutant,age_10 + sex + race_ethnicity + charlson_score + index_year_f + acs_pct_poverty + acs_pct_unemployed + acs_pct_no_vehicle + acs_pct_nonwhite + acs_median_household_income_10k + acs_pct_bachelor_plus
UCMC,NO2,Q1,5.304929783666767,Death,2,11.5,0.12520012091310284,NO2 single-pollutant,age_10 + sex + race_ethnicity + charlson_score + index_year_f + acs_pct_poverty + acs_pct_unemployed + acs_pct_no_vehicle + acs_pct_nonwhite + acs_median_household_income_10k + acs_pct_bachelor_plus
UCMC,NO2,Q1,5.304929783666767,Death,2,11.75,0.12621600227462126,NO2 single-pollutant,age_10 + sex + race_ethnicity + charlson_score + index_year_f + acs_pct_poverty + acs_pct_unemployed + acs_pct_no_vehicle + acs_pct_nonwhite + acs_median_household_income_10k + acs_pct_bachelor_plus
UCMC,NO2,Q1,5.304929783666767,Death,2,12,0.12689358780324933,NO2 single-pollutant,age_10 + sex + race_ethnicity + charlson_score + index_year_f + acs_pct_poverty + acs_pct_unemployed + acs_pct_no_vehicle + acs_pct_nonwhite + acs_median_household_income_10k + acs_pct_bachelor_plus
UCMC,NO2,Q1,5.304929783666767,Death,2,12.25,0.12799572760516564,NO2 single-pollutant,age_10 + sex + race_ethnicity + charlson_score + index_year_f + acs_pct_poverty + acs_pct_unemployed + acs_pct_no_vehicle + acs_pct_nonwhite + acs_median_household_income_10k + acs_pct_bachelor_plus
UCMC,NO2,Q1,5.304929783666767,Death,2,12.5,0.12850462010165808,NO2 single-pollutant,age_10 + sex + race_ethnicity + charlson_score + index_year_f + acs_pct_poverty + acs_pct_unemployed + acs_pct_no_vehicle + acs_pct_nonwhite + acs_median_household_income_10k + acs_pct_bachelor_plus
UCMC,NO2,Q1,5.304929783666767,Death,2,12.75,0.12901364529778325,NO2 single-pollutant,age_10 + sex + race_ethnicity + charlson_score + index_year_f + acs_pct_poverty + acs_pct_unemployed + acs_pct_no_vehicle + acs_pct_nonwhite + acs_median_household_income_10k + acs_pct_bachelor_plus
UCMC,NO2,Q1,5.304929783666767,Death,2,13,0.1300320221203085,NO2 single-pollutant,age_10 + sex + race_ethnicity + charlson_score + index_year_f + acs_pct_poverty + acs_pct_unemployed + acs_pct_no_vehicle + acs_pct_nonwhite + acs_median_household_income_10k + acs_pct_bachelor_plus
UCMC,NO2,Q1,5.304929783666767,Death,2,13.25,0.13079608951515398,NO2 single-pollutant,age_10 + sex + race_ethnicity + charlson_score + index_year_f + acs_pct_poverty + acs_pct_unemployed + acs_pct_no_vehicle + acs_pct_nonwhite + acs_median_household_income_10k + acs_pct_bachelor_plus
UCMC,NO2,Q1,5.304929783666767,Death,2,13.5,0.13113573005230095,NO2 single-pollutant,age_10 + sex + race_ethnicity + charlson_score + index_year_f + acs_pct_poverty + acs_pct_unemployed + acs_pct_no_vehicle + acs_pct_nonwhite + acs_median_household_income_10k + acs_pct_bachelor_plus
UCMC,NO2,Q1,5.304929783666767,Death,2,13.75,0.13147545503333946,NO2 single-pollutant,age_10 + sex + race_ethnicity + charlson_score + index_year_f + acs_pct_poverty + acs_pct_unemployed + acs_pct_no_vehicle + acs_pct_nonwhite + acs_median_household_income_10k + acs_pct_bachelor_plus
UCMC,NO2,Q1,5.304929783666767,Death,2,14,0.1318152039589522,NO2 single-pollutant,age_10 + sex + race_ethnicity + charlson_score + index_year_f + acs_pct_poverty + acs_pct_unemployed + acs_pct_no_vehicle + acs_pct_nonwhite + acs_median_household_income_10k + acs_pct_bachelor_plus
UCMC,NO2,Q1,5.304929783666767,Death,2,14.25,0.13240987100407697,NO2 single-pollutant,age_10 + sex + race_ethnicity + charlson_score + index_year_f + acs_pct_poverty + acs_pct_unemployed + acs_pct_no_vehicle + acs_pct_nonwhite + acs_median_household_income_10k + acs_pct_bachelor_plus
UCMC,NO2,Q1,5.304929783666767,Death,2,14.5,0.13325967803392125,NO2 single-pollutant,age_10 + sex + race_ethnicity + charlson_score + index_year_f + acs_pct_poverty + acs_pct_unemployed + acs_pct_no_vehicle + acs_pct_nonwhite + acs_median_household_income_10k + acs_pct_bachelor_plus
UCMC,NO2,Q1,5.304929783666767,Death,2,14.75,0.13385468209522644,NO2 single-pollutant,age_10 + sex + race_ethnicity + charlson_score + index_year_f + acs_pct_poverty + acs_pct_unemployed + acs_pct_no_vehicle + acs_pct_nonwhite + acs_median_household_income_10k + acs_pct_bachelor_plus
UCMC,NO2,Q1,5.304929783666767,Death,2,15,0.1341947455905892,NO2 single-pollutant,age_10 + sex + race_ethnicity + charlson_score + index_year_f + acs_pct_poverty + acs_pct_unemployed + acs_pct_no_vehicle + acs_pct_nonwhite + acs_median_household_income_10k + acs_pct_bachelor_plus
UCMC,NO2,Q1,5.304929783666767,Death,2,15.25,0.13453488280831893,NO2 single-pollutant,age_10 + sex + race_ethnicity + charlson_score + index_year_f + acs_pct_poverty + acs_pct_unemployed + acs_pct_no_vehicle + acs_pct_nonwhite + acs_median_household_income_10k + acs_pct_bachelor_plus
UCMC,NO2,Q1,5.304929783666767,Death,2,15.5,0.13487507794951215,NO2 single-pollutant,age_10 + sex + race_ethnicity + charlson_score + index_year_f + acs_pct_poverty + acs_pct_unemployed + acs_pct_no_vehicle + acs_pct_nonwhite + acs_median_household_income_10k + acs_pct_bachelor_plus
UCMC,NO2,Q1,5.304929783666767,Death,2,15.75,0.13555568264663198,NO2 single-pollutant,age_10 + sex + race_ethnicity + charlson_score + index_year_f + acs_pct_poverty + acs_pct_unemployed + acs_pct_no_vehicle + acs_pct_nonwhite + acs_median_household_income_10k + acs_pct_bachelor_plus
UCMC,NO2,Q1,5.304929783666767,Death,2,16,0.1359811865906716,NO2 single-pollutant,age_10 + sex + race_ethnicity + charlson_score + index_year_f + acs_pct_poverty + acs_pct_unemployed + acs_pct_no_vehicle + acs_pct_nonwhite + acs_median_household_income_10k + acs_pct_bachelor_plus
UCMC,NO2,Q1,5.304929783666767,Death,2,16.25,0.1364919259060643,NO2 single-pollutant,age_10 + sex + race_ethnicity + charlson_score + index_year_f + acs_pct_poverty + acs_pct_unemployed + acs_pct_no_vehicle + acs_pct_nonwhite + acs_median_household_income_10k + acs_pct_bachelor_plus
UCMC,NO2,Q1,5.304929783666767,Death,2,16.5,0.13683249267681608,NO2 single-pollutant,age_10 + sex + race_ethnicity + charlson_score + index_year_f + acs_pct_poverty + acs_pct_unemployed + acs_pct_no_vehicle + acs_pct_nonwhite + acs_median_household_income_10k + acs_pct_bachelor_plus
UCMC,NO2,Q1,5.304929783666767,Death,2,16.75,0.1372583194891146,NO2 single-pollutant,age_10 + sex + race_ethnicity + charlson_score + index_year_f + acs_pct_poverty + acs_pct_unemployed + acs_pct_no_vehicle + acs_pct_nonwhite + acs_median_household_income_10k + acs_pct_bachelor_plus
UCMC,NO2,Q1,5.304929783666767,Death,2,17,0.13751384233731967,NO2 single-pollutant,age_10 + sex + race_ethnicity + charlson_score + index_year_f + acs_pct_poverty + acs_pct_unemployed + acs_pct_no_vehicle + acs_pct_nonwhite + acs_median_household_income_10k + acs_pct_bachelor_plus
UCMC,NO2,Q1,5.304929783666767,Death,2,17.25,0.13802495407367765,NO2 single-pollutant,age_10 + sex + race_ethnicity + charlson_score + index_year_f + acs_pct_poverty + acs_pct_unemployed + acs_pct_no_vehicle + acs_pct_nonwhite + acs_median_household_income_10k + acs_pct_bachelor_plus
UCMC,NO2,Q1,5.304929783666767,Death,2,17.5,0.13845102742122983,NO2 single-pollutant,age_10 + sex + race_ethnicity + charlson_score + index_year_f + acs_pct_poverty + acs_pct_unemployed + acs_pct_no_vehicle + acs_pct_nonwhite + acs_median_household_income_10k + acs_pct_bachelor_plus
UCMC,NO2,Q1,5.304929783666767,Death,2,17.75,0.13879195356847462,NO2 single-pollutant,age_10 + sex + race_ethnicity + charlson_score + index_year_f + acs_pct_poverty + acs_pct_unemployed + acs_pct_no_vehicle + acs_pct_nonwhite + acs_median_household_income_10k + acs_pct_bachelor_plus
UCMC,NO2,Q1,5.304929783666767,Death,2,18,0.13896243478975023,NO2 single-pollutant,age_10 + sex + race_ethnicity + charlson_score + index_year_f + acs_pct_poverty + acs_pct_unemployed + acs_pct_no_vehicle + acs_pct_nonwhite + acs_median_household_income_10k + acs_pct_bachelor_plus
UCMC,NO2,Q1,5.304929783666767,Death,2,18.25,0.1393886518938675,NO2 single-pollutant,age_10 + sex + race_ethnicity + charlson_score + index_year_f + acs_pct_poverty + acs_pct_unemployed + acs_pct_no_vehicle + acs_pct_nonwhite + acs_median_household_income_10k + acs_pct_bachelor_plus
UCMC,NO2,Q1,5.304929783666767,Death,2,18.5,0.13964439477612833,NO2 single-pollutant,age_10 + sex + race_ethnicity + charlson_score + index_year_f + acs_pct_poverty + acs_pct_unemployed + acs_pct_no_vehicle + acs_pct_nonwhite + acs_median_household_income_10k + acs_pct_bachelor_plus
UCMC,NO2,Q1,5.304929783666767,Death,2,18.75,0.13990016660345816,NO2 single-pollutant,age_10 + sex + race_ethnicity + charlson_score + index_year_f + acs_pct_poverty + acs_pct_unemployed + acs_pct_no_vehicle + acs_pct_nonwhite + acs_median_household_income_10k + acs_pct_bachelor_plus
UCMC,NO2,Q1,5.304929783666767,Death,2,19,0.14024121833613923,NO2 single-pollutant,age_10 + sex + race_ethnicity + charlson_score + index_year_f + acs_pct_poverty + acs_pct_unemployed + acs_pct_no_vehicle + acs_pct_nonwhite + acs_median_household_income_10k + acs_pct_bachelor_plus
UCMC,NO2,Q1,5.304929783666767,Death,2,19.25,0.14075283839377506,NO2 single-pollutant,age_10 + sex + race_ethnicity + charlson_score + index_year_f + acs_pct_poverty + acs_pct_unemployed + acs_pct_no_vehicle + acs_pct_nonwhite + acs_median_household_income_10k + acs_pct_bachelor_plus
UCMC,NO2,Q1,5.304929783666767,Death,2,19.5,0.14100867244496562,NO2 single-pollutant,age_10 + sex + race_ethnicity + charlson_score + index_year_f + acs_pct_poverty + acs_pct_unemployed + acs_pct_no_vehicle + acs_pct_nonwhite + acs_median_household_income_10k + acs_pct_bachelor_plus
UCMC,NO2,Q1,5.304929783666767,Death,2,19.75,0.14134979120266966,NO2 single-pollutant,age_10 + sex + race_ethnicity + charlson_score + index_year_f + acs_pct_poverty + acs_pct_unemployed + acs_pct_no_vehicle + acs_pct_nonwhite + acs_median_household_income_10k + acs_pct_bachelor_plus
UCMC,NO2,Q1,5.304929783666767,Death,2,20,0.14152037342409907,NO2 single-pollutant,age_10 + sex + race_ethnicity + charlson_score + index_year_f + acs_pct_poverty + acs_pct_unemployed + acs_pct_no_vehicle + acs_pct_nonwhite + acs_median_household_income_10k + acs_pct_bachelor_plus
UCMC,NO2,Q1,5.304929783666767,Death,2,20.25,0.1416909703424274,NO2 single-pollutant,age_10 + sex + race_ethnicity + charlson_score + index_year_f + acs_pct_poverty + acs_pct_unemployed + acs_pct_no_vehicle + acs_pct_nonwhite + acs_median_household_income_10k + acs_pct_bachelor_plus
UCMC,NO2,Q1,5.304929783666767,Death,2,20.5,0.14186157880461225,NO2 single-pollutant,age_10 + sex + race_ethnicity + charlson_score + index_year_f + acs_pct_poverty + acs_pct_unemployed + acs_pct_no_vehicle + acs_pct_nonwhite + acs_median_household_income_10k + acs_pct_bachelor_plus
UCMC,NO2,Q1,5.304929783666767,Death,2,20.75,0.14220286081947675,NO2 single-pollutant,age_10 + sex + race_ethnicity + charlson_score + index_year_f + acs_pct_poverty + acs_pct_unemployed + acs_pct_no_vehicle + acs_pct_nonwhite + acs_median_household_income_10k + acs_pct_bachelor_plus
UCMC,NO2,Q1,5.304929783666767,Death,2,21,0.14254425471895915,NO2 single-pollutant,age_10 + sex + race_ethnicity + charlson_score + index_year_f + acs_pct_poverty + acs_pct_unemployed + acs_pct_no_vehicle + acs_pct_nonwhite + acs_median_household_income_10k + acs_pct_bachelor_plus
UCMC,NO2,Q1,5.304929783666767,Death,2,21.25,0.14254425471895915,NO2 single-pollutant,age_10 + sex + race_ethnicity + charlson_score + index_year_f + acs_pct_poverty + acs_pct_unemployed + acs_pct_no_vehicle + acs_pct_nonwhite + acs_median_household_income_10k + acs_pct_bachelor_plus
UCMC,NO2,Q1,5.304929783666767,Death,2,21.5,0.14297108936586633,NO2 single-pollutant,age_10 + sex + race_ethnicity + charlson_score + index_year_f + acs_pct_poverty + acs_pct_unemployed + acs_pct_no_vehicle + acs_pct_nonwhite + acs_median_household_income_10k + acs_pct_bachelor_plus
UCMC,NO2,Q1,5.304929783666767,Death,2,21.75,0.14305645850923732,NO2 single-pollutant,age_10 + sex + race_ethnicity + charlson_score + index_year_f + acs_pct_poverty + acs_pct_unemployed + acs_pct_no_vehicle + acs_pct_nonwhite + acs_median_household_income_10k + acs_pct_bachelor_plus
UCMC,NO2,Q1,5.304929783666767,Death,2,22,0.1431418279707456,NO2 single-pollutant,age_10 + sex + race_ethnicity + charlson_score + index_year_f + acs_pct_poverty + acs_pct_unemployed + acs_pct_no_vehicle + acs_pct_nonwhite + acs_median_household_income_10k + acs_pct_bachelor_plus
UCMC,NO2,Q1,5.304929783666767,Death,2,22.25,0.1431418279707456,NO2 single-pollutant,age_10 + sex + race_ethnicity + charlson_score + index_year_f + acs_pct_poverty + acs_pct_unemployed + acs_pct_no_vehicle + acs_pct_nonwhite + acs_median_household_income_10k + acs_pct_bachelor_plus
UCMC,NO2,Q1,5.304929783666767,Death,2,22.5,0.1432271942085397,NO2 single-pollutant,age_10 + sex + race_ethnicity + charlson_score + index_year_f + acs_pct_poverty + acs_pct_unemployed + acs_pct_no_vehicle + acs_pct_nonwhite + acs_median_household_income_10k + acs_pct_bachelor_plus
UCMC,NO2,Q1,5.304929783666767,Death,2,22.75,0.14339795226514052,NO2 single-pollutant,age_10 + sex + race_ethnicity + charlson_score + index_year_f + acs_pct_poverty + acs_pct_unemployed + acs_pct_no_vehicle + acs_pct_nonwhite + acs_median_household_income_10k + acs_pct_bachelor_plus
UCMC,NO2,Q1,5.304929783666767,Death,2,23,0.1435687356096167,NO2 single-pollutant,age_10 + sex + race_ethnicity + charlson_score + index_year_f + acs_pct_poverty + acs_pct_unemployed + acs_pct_no_vehicle + acs_pct_nonwhite + acs_median_household_income_10k + acs_pct_bachelor_plus
UCMC,NO2,Q1,5.304929783666767,Death,2,23.25,0.1435687356096167,NO2 single-pollutant,age_10 + sex + race_ethnicity + charlson_score + index_year_f + acs_pct_poverty + acs_pct_unemployed + acs_pct_no_vehicle + acs_pct_nonwhite + acs_median_household_income_10k + acs_pct_bachelor_plus
UCMC,NO2,Q1,5.304929783666767,Death,2,23.5,0.14373953475298373,NO2 single-pollutant,age_10 + sex + race_ethnicity + charlson_score + index_year_f + acs_pct_poverty + acs_pct_unemployed + acs_pct_no_vehicle + acs_pct_nonwhite + acs_median_household_income_10k + acs_pct_bachelor_plus
UCMC,NO2,Q1,5.304929783666767,Death,2,23.75,0.14399576785229873,NO2 single-pollutant,age_10 + sex + race_ethnicity + charlson_score + index_year_f + acs_pct_poverty + acs_pct_unemployed + acs_pct_no_vehicle + acs_pct_nonwhite + acs_median_household_income_10k + acs_pct_bachelor_plus
UCMC,NO2,Q1,5.304929783666767,Death,2,24,0.144166613905101,NO2 single-pollutant,age_10 + sex + race_ethnicity + charlson_score + index_year_f + acs_pct_poverty + acs_pct_unemployed + acs_pct_no_vehicle + acs_pct_nonwhite + acs_median_household_income_10k + acs_pct_bachelor_plus
UCMC,NO2,Q1,5.304929783666767,Death,2,24.25,0.144166613905101,NO2 single-pollutant,age_10 + sex + race_ethnicity + charlson_score + index_year_f + acs_pct_poverty + acs_pct_unemployed + acs_pct_no_vehicle + acs_pct_nonwhite + acs_median_household_income_10k + acs_pct_bachelor_plus
UCMC,NO2,Q1,5.304929783666767,Death,2,24.5,0.14450836280169166,NO2 single-pollutant,age_10 + sex + race_ethnicity + charlson_score + index_year_f + acs_pct_poverty + acs_pct_unemployed + acs_pct_no_vehicle + acs_pct_nonwhite + acs_median_household_income_10k + acs_pct_bachelor_plus
UCMC,NO2,Q1,5.304929783666767,Death,2,24.75,0.1445938089308918,NO2 single-pollutant,age_10 + sex + race_ethnicity + charlson_score + index_year_f + acs_pct_poverty + acs_pct_unemployed + acs_pct_no_vehicle + acs_pct_nonwhite + acs_median_household_income_10k + acs_pct_bachelor_plus
UCMC,NO2,Q1,5.304929783666767,Death,2,25,0.14485017304289105,NO2 single-pollutant,age_10 + sex + race_ethnicity + charlson_score + index_year_f + acs_pct_poverty + acs_pct_unemployed + acs_pct_no_vehicle + acs_pct_nonwhite + acs_median_household_income_10k + acs_pct_bachelor_plus
UCMC,NO2,Q1,5.304929783666767,Death,2,25.25,0.14485017304289105,NO2 single-pollutant,age_10 + sex + race_ethnicity + charlson_score + index_year_f + acs_pct_poverty + acs_pct_unemployed + acs_pct_no_vehicle + acs_pct_nonwhite + acs_median_household_income_10k + acs_pct_bachelor_plus
UCMC,NO2,Q1,5.304929783666767,Death,2,25.5,0.14493563125696185,NO2 single-pollutant,age_10 + sex + race_ethnicity + charlson_score + index_year_f + acs_pct_poverty + acs_pct_unemployed + acs_pct_no_vehicle + acs_pct_nonwhite + acs_median_household_income_10k + acs_pct_bachelor_plus
UCMC,NO2,Q1,5.304929783666767,Death,2,25.75,0.14502109115248007,NO2 single-pollutant,age_10 + sex + race_ethnicity + charlson_score + index_year_f + acs_pct_poverty + acs_pct_unemployed + acs_pct_no_vehicle + acs_pct_nonwhite + acs_median_household_income_10k + acs_pct_bachelor_plus
UCMC,NO2,Q1,5.304929783666767,Death,2,26,0.14527749514772614,NO2 single-pollutant,age_10 + sex + race_ethnicity + charlson_score + index_year_f + acs_pct_poverty + acs_pct_unemployed + acs_pct_no_vehicle + acs_pct_nonwhite + acs_median_household_income_10k + acs_pct_bachelor_plus
UCMC,NO2,Q1,5.304929783666767,Death,2,26.25,0.14527749514772614,NO2 single-pollutant,age_10 + sex + race_ethnicity + charlson_score + index_year_f + acs_pct_poverty + acs_pct_unemployed + acs_pct_no_vehicle + acs_pct_nonwhite + acs_median_household_income_10k + acs_pct_bachelor_plus
UCMC,NO2,Q1,5.304929783666767,Death,2,26.5,0.1453629675363124,NO2 single-pollutant,age_10 + sex + race_ethnicity + charlson_score + index_year_f + acs_pct_poverty + acs_pct_unemployed + acs_pct_no_vehicle + acs_pct_nonwhite + acs_median_household_income_10k + acs_pct_bachelor_plus
UCMC,NO2,Q1,5.304929783666767,Death,2,26.75,0.14553392167206158,NO2 single-pollutant,age_10 + sex + race_ethnicity + charlson_score + index_year_f + acs_pct_poverty + acs_pct_unemployed + acs_pct_no_vehicle + acs_pct_nonwhite + acs_median_household_income_10k + acs_pct_bachelor_plus
UCMC,NO2,Q1,5.304929783666767,Death,2,27,0.14553392167206158,NO2 single-pollutant,age_10 + sex + race_ethnicity + charlson_score + index_year_f + acs_pct_poverty + acs_pct_unemployed + acs_pct_no_vehicle + acs_pct_nonwhite + acs_median_household_income_10k + acs_pct_bachelor_plus
UCMC,NO2,Q1,5.304929783666767,Death,2,27.25,0.14570489942333542,NO2 single-pollutant,age_10 + sex + race_ethnicity + charlson_score + index_year_f + acs_pct_poverty + acs_pct_unemployed + acs_pct_no_vehicle + acs_pct_nonwhite + acs_median_household_income_10k + acs_pct_bachelor_plus
UCMC,NO2,Q1,5.304929783666767,Death,2,27.5,0.1457903885967471,NO2 single-pollutant,age_10 + sex + race_ethnicity + charlson_score + index_year_f + acs_pct_poverty + acs_pct_unemployed + acs_pct_no_vehicle + acs_pct_nonwhite + acs_median_household_income_10k + acs_pct_bachelor_plus
UCMC,NO2,Q1,5.304929783666767,Death,2,27.75,0.14587588412924513,NO2 single-pollutant,age_10 + sex + race_ethnicity + charlson_score + index_year_f + acs_pct_poverty + acs_pct_unemployed + acs_pct_no_vehicle + acs_pct_nonwhite + acs_median_household_income_10k + acs_pct_bachelor_plus
UCMC,NO2,Q1,5.304929783666767,Death,2,28,0.14587588412924513,NO2 single-pollutant,age_10 + sex + race_ethnicity + charlson_score + index_year_f + acs_pct_poverty + acs_pct_unemployed + acs_pct_no_vehicle + acs_pct_nonwhite + acs_median_household_income_10k + acs_pct_bachelor_plus
UCMC,NO2,Q2,8.583861067891124,Death,2,0,0,NO2 single-pollutant,age_10 + sex + race_ethnicity + charlson_score + index_year_f + acs_pct_poverty + acs_pct_unemployed + acs_pct_no_vehicle + acs_pct_nonwhite + acs_median_household_income_10k + acs_pct_bachelor_plus
UCMC,NO2,Q2,8.583861067891124,Death,2,0.25,0.0010947245543524442,NO2 single-pollutant,age_10 + sex + race_ethnicity + charlson_score + index_year_f + acs_pct_poverty + acs_pct_unemployed + acs_pct_no_vehicle + acs_pct_nonwhite + acs_median_household_income_10k + acs_pct_bachelor_plus
UCMC,NO2,Q2,8.583861067891124,Death,2,0.5,0.003558421691151059,NO2 single-pollutant,age_10 + sex + race_ethnicity + charlson_score + index_year_f + acs_pct_poverty + acs_pct_unemployed + acs_pct_no_vehicle + acs_pct_nonwhite + acs_median_household_income_10k + acs_pct_bachelor_plus
UCMC,NO2,Q2,8.583861067891124,Death,2,0.75,0.006389389851098937,NO2 single-pollutant,age_10 + sex + race_ethnicity + charlson_score + index_year_f + acs_pct_poverty + acs_pct_unemployed + acs_pct_no_vehicle + acs_pct_nonwhite + acs_median_household_income_10k + acs_pct_bachelor_plus
UCMC,NO2,Q2,8.583861067891124,Death,2,1,0.010229141295921229,NO2 single-pollutant,age_10 + sex + race_ethnicity + charlson_score + index_year_f + acs_pct_poverty + acs_pct_unemployed + acs_pct_no_vehicle + acs_pct_nonwhite + acs_median_household_income_10k + acs_pct_bachelor_plus
UCMC,NO2,Q2,8.583861067891124,Death,2,1.25,0.018013799346522363,NO2 single-pollutant,age_10 + sex + race_ethnicity + charlson_score + index_year_f + acs_pct_poverty + acs_pct_unemployed + acs_pct_no_vehicle + acs_pct_nonwhite + acs_median_household_income_10k + acs_pct_bachelor_plus
UCMC,NO2,Q2,8.583861067891124,Death,2,1.5,0.02507963816265113,NO2 single-pollutant,age_10 + sex + race_ethnicity + charlson_score + index_year_f + acs_pct_poverty + acs_pct_unemployed + acs_pct_no_vehicle + acs_pct_nonwhite + acs_median_household_income_10k + acs_pct_bachelor_plus
UCMC,NO2,Q2,8.583861067891124,Death,2,1.75,0.030964689519581534,NO2 single-pollutant,age_10 + sex + race_ethnicity + charlson_score + index_year_f + acs_pct_poverty + acs_pct_unemployed + acs_pct_no_vehicle + acs_pct_nonwhite + acs_median_household_income_10k + acs_pct_bachelor_plus
UCMC,NO2,Q2,8.583861067891124,Death,2,2,0.03685817931223101,NO2 single-pollutant,age_10 + sex + race_ethnicity + charlson_score + index_year_f + acs_pct_poverty + acs_pct_unemployed + acs_pct_no_vehicle + acs_pct_nonwhite + acs_median_household_income_10k + acs_pct_bachelor_plus
UCMC,NO2,Q2,8.583861067891124,Death,2,2.25,0.04423869726500218,NO2 single-pollutant,age_10 + sex + race_ethnicity + charlson_score + index_year_f + acs_pct_poverty + acs_pct_unemployed + acs_pct_no_vehicle + acs_pct_nonwhite + acs_median_household_income_10k + acs_pct_bachelor_plus
UCMC,NO2,Q2,8.583861067891124,Death,2,2.5,0.05089168104892472,NO2 single-pollutant,age_10 + sex + race_ethnicity + charlson_score + index_year_f + acs_pct_poverty + acs_pct_unemployed + acs_pct_no_vehicle + acs_pct_nonwhite + acs_median_household_income_10k + acs_pct_bachelor_plus
UCMC,NO2,Q2,8.583861067891124,Death,2,2.75,0.05635342092812623,NO2 single-pollutant,age_10 + sex + race_ethnicity + charlson_score + index_year_f + acs_pct_poverty + acs_pct_unemployed + acs_pct_no_vehicle + acs_pct_nonwhite + acs_median_household_income_10k + acs_pct_bachelor_plus
UCMC,NO2,Q2,8.583861067891124,Death,2,3,0.06145493413120451,NO2 single-pollutant,age_10 + sex + race_ethnicity + charlson_score + index_year_f + acs_pct_poverty + acs_pct_unemployed + acs_pct_no_vehicle + acs_pct_nonwhite + acs_median_household_income_10k + acs_pct_bachelor_plus
UCMC,NO2,Q2,8.583861067891124,Death,2,3.25,0.0672202271918575,NO2 single-pollutant,age_10 + sex + race_ethnicity + charlson_score + index_year_f + acs_pct_poverty + acs_pct_unemployed + acs_pct_no_vehicle + acs_pct_nonwhite + acs_median_household_income_10k + acs_pct_bachelor_plus
UCMC,NO2,Q2,8.583861067891124,Death,2,3.5,0.07131934623369496,NO2 single-pollutant,age_10 + sex + race_ethnicity + charlson_score + index_year_f + acs_pct_poverty + acs_pct_unemployed + acs_pct_no_vehicle + acs_pct_nonwhite + acs_median_household_income_10k + acs_pct_bachelor_plus
UCMC,NO2,Q2,8.583861067891124,Death,2,3.75,0.07505064553987051,NO2 single-pollutant,age_10 + sex + race_ethnicity + charlson_score + index_year_f + acs_pct_poverty + acs_pct_unemployed + acs_pct_no_vehicle + acs_pct_nonwhite + acs_median_household_income_10k + acs_pct_bachelor_plus
UCMC,NO2,Q2,8.583861067891124,Death,2,4,0.08000066507333636,NO2 single-pollutant,age_10 + sex + race_ethnicity + charlson_score + index_year_f + acs_pct_poverty + acs_pct_unemployed + acs_pct_no_vehicle + acs_pct_nonwhite + acs_median_household_income_10k + acs_pct_bachelor_plus
UCMC,NO2,Q2,8.583861067891124,Death,2,4.25,0.08327191851141036,NO2 single-pollutant,age_10 + sex + race_ethnicity + charlson_score + index_year_f + acs_pct_poverty + acs_pct_unemployed + acs_pct_no_vehicle + acs_pct_nonwhite + acs_median_household_income_10k + acs_pct_bachelor_plus
UCMC,NO2,Q2,8.583861067891124,Death,2,4.5,0.08729435289957643,NO2 single-pollutant,age_10 + sex + race_ethnicity + charlson_score + index_year_f + acs_pct_poverty + acs_pct_unemployed + acs_pct_no_vehicle + acs_pct_nonwhite + acs_median_household_income_10k + acs_pct_bachelor_plus
UCMC,NO2,Q2,8.583861067891124,Death,2,4.75,0.09094783539762585,NO2 single-pollutant,age_10 + sex + race_ethnicity + charlson_score + index_year_f + acs_pct_poverty + acs_pct_unemployed + acs_pct_no_vehicle + acs_pct_nonwhite + acs_median_household_income_10k + acs_pct_bachelor_plus
UCMC,NO2,Q2,8.583861067891124,Death,2,5,0.09394948403345116,NO2 single-pollutant,age_10 + sex + race_ethnicity + charlson_score + index_year_f + acs_pct_poverty + acs_pct_unemployed + acs_pct_no_vehicle + acs_pct_nonwhite + acs_median_household_income_10k + acs_pct_bachelor_plus
UCMC,NO2,Q2,8.583861067891124,Death,2,5.25,0.09723553135187535,NO2 single-pollutant,age_10 + sex + race_ethnicity + charlson_score + index_year_f + acs_pct_poverty + acs_pct_unemployed + acs_pct_no_vehicle + acs_pct_nonwhite + acs_median_household_income_10k + acs_pct_bachelor_plus
UCMC,NO2,Q2,8.583861067891124,Death,2,5.5,0.10005513388584886,NO2 single-pollutant,age_10 + sex + race_ethnicity + charlson_score + index_year_f + acs_pct_poverty + acs_pct_unemployed + acs_pct_no_vehicle + acs_pct_nonwhite + acs_median_household_income_10k + acs_pct_bachelor_plus
UCMC,NO2,Q2,8.583861067891124,Death,2,5.75,0.10344323619793139,NO2 single-pollutant,age_10 + sex + race_ethnicity + charlson_score + index_year_f + acs_pct_poverty + acs_pct_unemployed + acs_pct_no_vehicle + acs_pct_nonwhite + acs_median_household_income_10k + acs_pct_bachelor_plus
UCMC,NO2,Q2,8.583861067891124,Death,2,6,0.10626928255501822,NO2 single-pollutant,age_10 + sex + race_ethnicity + charlson_score + index_year_f + acs_pct_poverty + acs_pct_unemployed + acs_pct_no_vehicle + acs_pct_nonwhite + acs_median_household_income_10k + acs_pct_bachelor_plus
UCMC,NO2,Q2,8.583861067891124,Death,2,6.25,0.10890915234623544,NO2 single-pollutant,age_10 + sex + race_ethnicity + charlson_score + index_year_f + acs_pct_poverty + acs_pct_unemployed + acs_pct_no_vehicle + acs_pct_nonwhite + acs_median_household_income_10k + acs_pct_bachelor_plus
UCMC,NO2,Q2,8.583861067891124,Death,2,6.5,0.11098473010143362,NO2 single-pollutant,age_10 + sex + race_ethnicity + charlson_score + index_year_f + acs_pct_poverty + acs_pct_unemployed + acs_pct_no_vehicle + acs_pct_nonwhite + acs_median_household_income_10k + acs_pct_bachelor_plus
UCMC,NO2,Q2,8.583861067891124,Death,2,6.75,0.11334470776111416,NO2 single-pollutant,age_10 + sex + race_ethnicity + charlson_score + index_year_f + acs_pct_poverty + acs_pct_unemployed + acs_pct_no_vehicle + acs_pct_nonwhite + acs_median_household_income_10k + acs_pct_bachelor_plus
UCMC,NO2,Q2,8.583861067891124,Death,2,7,0.11551639214826215,NO2 single-pollutant,age_10 + sex + race_ethnicity + charlson_score + index_year_f + acs_pct_poverty + acs_pct_unemployed + acs_pct_no_vehicle + acs_pct_nonwhite + acs_median_household_income_10k + acs_pct_bachelor_plus
UCMC,NO2,Q2,8.583861067891124,Death,2,7.25,0.1175005450741633,NO2 single-pollutant,age_10 + sex + race_ethnicity + charlson_score + index_year_f + acs_pct_poverty + acs_pct_unemployed + acs_pct_no_vehicle + acs_pct_nonwhite + acs_median_household_income_10k + acs_pct_bachelor_plus
UCMC,NO2,Q2,8.583861067891124,Death,2,7.5,0.12080903753679206,NO2 single-pollutant,age_10 + sex + race_ethnicity + charlson_score + index_year_f + acs_pct_poverty + acs_pct_unemployed + acs_pct_no_vehicle + acs_pct_nonwhite + acs_median_household_income_10k + acs_pct_bachelor_plus
UCMC,NO2,Q2,8.583861067891124,Death,2,7.75,0.12222811819439461,NO2 single-pollutant,age_10 + sex + race_ethnicity + charlson_score + index_year_f + acs_pct_poverty + acs_pct_unemployed + acs_pct_no_vehicle + acs_pct_nonwhite + acs_median_household_income_10k + acs_pct_bachelor_plus
UCMC,NO2,Q2,8.583861067891124,Death,2,8,0.12412083199797397,NO2 single-pollutant,age_10 + sex + race_ethnicity + charlson_score + index_year_f + acs_pct_poverty + acs_pct_unemployed + acs_pct_no_vehicle + acs_pct_nonwhite + acs_median_household_income_10k + acs_pct_bachelor_plus
UCMC,NO2,Q2,8.583861067891124,Death,2,8.25,0.12610849005203495,NO2 single-pollutant,age_10 + sex + race_ethnicity + charlson_score + index_year_f + acs_pct_poverty + acs_pct_unemployed + acs_pct_no_vehicle + acs_pct_nonwhite + acs_median_household_income_10k + acs_pct_bachelor_plus
UCMC,NO2,Q2,8.583861067891124,Death,2,8.5,0.1275290117341913,NO2 single-pollutant,age_10 + sex + race_ethnicity + charlson_score + index_year_f + acs_pct_poverty + acs_pct_unemployed + acs_pct_no_vehicle + acs_pct_nonwhite + acs_median_household_income_10k + acs_pct_bachelor_plus
UCMC,NO2,Q2,8.583861067891124,Death,2,8.75,0.12885537920386125,NO2 single-pollutant,age_10 + sex + race_ethnicity + charlson_score + index_year_f + acs_pct_poverty + acs_pct_unemployed + acs_pct_no_vehicle + acs_pct_nonwhite + acs_median_household_income_10k + acs_pct_bachelor_plus
UCMC,NO2,Q2,8.583861067891124,Death,2,9,0.13075050308446334,NO2 single-pollutant,age_10 + sex + race_ethnicity + charlson_score + index_year_f + acs_pct_poverty + acs_pct_unemployed + acs_pct_no_vehicle + acs_pct_nonwhite + acs_median_household_income_10k + acs_pct_bachelor_plus
UCMC,NO2,Q2,8.583861067891124,Death,2,9.25,0.13217256643897102,NO2 single-pollutant,age_10 + sex + race_ethnicity + charlson_score + index_year_f + acs_pct_poverty + acs_pct_unemployed + acs_pct_no_vehicle + acs_pct_nonwhite + acs_median_household_income_10k + acs_pct_bachelor_plus
UCMC,NO2,Q2,8.583861067891124,Death,2,9.5,0.13350034329494576,NO2 single-pollutant,age_10 + sex + race_ethnicity + charlson_score + index_year_f + acs_pct_poverty + acs_pct_unemployed + acs_pct_no_vehicle + acs_pct_nonwhite + acs_median_household_income_10k + acs_pct_bachelor_plus
UCMC,NO2,Q2,8.583861067891124,Death,2,9.75,0.13435420440983126,NO2 single-pollutant,age_10 + sex + race_ethnicity + charlson_score + index_year_f + acs_pct_poverty + acs_pct_unemployed + acs_pct_no_vehicle + acs_pct_nonwhite + acs_median_household_income_10k + acs_pct_bachelor_plus
UCMC,NO2,Q2,8.583861067891124,Death,2,10,0.13568302298372614,NO2 single-pollutant,age_10 + sex + race_ethnicity + charlson_score + index_year_f + acs_pct_poverty + acs_pct_unemployed + acs_pct_no_vehicle + acs_pct_nonwhite + acs_median_household_income_10k + acs_pct_bachelor_plus
UCMC,NO2,Q2,8.583861067891124,Death,2,10.25,0.13710742964819367,NO2 single-pollutant,age_10 + sex + race_ethnicity + charlson_score + index_year_f + acs_pct_poverty + acs_pct_unemployed + acs_pct_no_vehicle + acs_pct_nonwhite + acs_median_household_income_10k + acs_pct_bachelor_plus
UCMC,NO2,Q2,8.583861067891124,Death,2,10.5,0.13834242702686328,NO2 single-pollutant,age_10 + sex + race_ethnicity + charlson_score + index_year_f + acs_pct_poverty + acs_pct_unemployed + acs_pct_no_vehicle + acs_pct_nonwhite + acs_median_household_income_10k + acs_pct_bachelor_plus
UCMC,NO2,Q2,8.583861067891124,Death,2,10.75,0.13919754062579548,NO2 single-pollutant,age_10 + sex + race_ethnicity + charlson_score + index_year_f + acs_pct_poverty + acs_pct_unemployed + acs_pct_no_vehicle + acs_pct_nonwhite + acs_median_household_income_10k + acs_pct_bachelor_plus
UCMC,NO2,Q2,8.583861067891124,Death,2,11,0.14033796246380448,NO2 single-pollutant,age_10 + sex + race_ethnicity + charlson_score + index_year_f + acs_pct_poverty + acs_pct_unemployed + acs_pct_no_vehicle + acs_pct_nonwhite + acs_median_household_income_10k + acs_pct_bachelor_plus
UCMC,NO2,Q2,8.583861067891124,Death,2,11.25,0.14138387685205445,NO2 single-pollutant,age_10 + sex + race_ethnicity + charlson_score + index_year_f + acs_pct_poverty + acs_pct_unemployed + acs_pct_no_vehicle + acs_pct_nonwhite + acs_median_household_income_10k + acs_pct_bachelor_plus
UCMC,NO2,Q2,8.583861067891124,Death,2,11.5,0.14214475843696195,NO2 single-pollutant,age_10 + sex + race_ethnicity + charlson_score + index_year_f + acs_pct_poverty + acs_pct_unemployed + acs_pct_no_vehicle + acs_pct_nonwhite + acs_median_household_income_10k + acs_pct_bachelor_plus
UCMC,NO2,Q2,8.583861067891124,Death,2,11.75,0.1432865406606172,NO2 single-pollutant,age_10 + sex + race_ethnicity + charlson_score + index_year_f + acs_pct_poverty + acs_pct_unemployed + acs_pct_no_vehicle + acs_pct_nonwhite + acs_median_household_income_10k + acs_pct_bachelor_plus
UCMC,NO2,Q2,8.583861067891124,Death,2,12,0.14404799326009887,NO2 single-pollutant,age_10 + sex + race_ethnicity + charlson_score + index_year_f + acs_pct_poverty + acs_pct_unemployed + acs_pct_no_vehicle + acs_pct_nonwhite + acs_median_household_income_10k + acs_pct_bachelor_plus
UCMC,NO2,Q2,8.583861067891124,Death,2,12.25,0.14528636405736295,NO2 single-pollutant,age_10 + sex + race_ethnicity + charlson_score + index_year_f + acs_pct_poverty + acs_pct_unemployed + acs_pct_no_vehicle + acs_pct_nonwhite + acs_median_household_income_10k + acs_pct_bachelor_plus
UCMC,NO2,Q2,8.583861067891124,Death,2,12.5,0.14585808145870438,NO2 single-pollutant,age_10 + sex + race_ethnicity + charlson_score + index_year_f + acs_pct_poverty + acs_pct_unemployed + acs_pct_no_vehicle + acs_pct_nonwhite + acs_median_household_income_10k + acs_pct_bachelor_plus
UCMC,NO2,Q2,8.583861067891124,Death,2,12.75,0.1464298991070192,NO2 single-pollutant,age_10 + sex + race_ethnicity + charlson_score + index_year_f + acs_pct_poverty + acs_pct_unemployed + acs_pct_no_vehicle + acs_pct_nonwhite + acs_median_household_income_10k + acs_pct_bachelor_plus
UCMC,NO2,Q2,8.583861067891124,Death,2,13,0.14757375440186238,NO2 single-pollutant,age_10 + sex + race_ethnicity + charlson_score + index_year_f + acs_pct_poverty + acs_pct_unemployed + acs_pct_no_vehicle + acs_pct_nonwhite + acs_median_household_income_10k + acs_pct_bachelor_plus
UCMC,NO2,Q2,8.583861067891124,Death,2,13.25,0.14843183719882103,NO2 single-pollutant,age_10 + sex + race_ethnicity + charlson_score + index_year_f + acs_pct_poverty + acs_pct_unemployed + acs_pct_no_vehicle + acs_pct_nonwhite + acs_median_household_income_10k + acs_pct_bachelor_plus
UCMC,NO2,Q2,8.583861067891124,Death,2,13.5,0.14881323372481303,NO2 single-pollutant,age_10 + sex + race_ethnicity + charlson_score + index_year_f + acs_pct_poverty + acs_pct_unemployed + acs_pct_no_vehicle + acs_pct_nonwhite + acs_median_household_income_10k + acs_pct_bachelor_plus
UCMC,NO2,Q2,8.583861067891124,Death,2,13.75,0.1491947032676022,NO2 single-pollutant,age_10 + sex + race_ethnicity + charlson_score + index_year_f + acs_pct_poverty + acs_pct_unemployed + acs_pct_no_vehicle + acs_pct_nonwhite + acs_median_household_income_10k + acs_pct_bachelor_plus
UCMC,NO2,Q2,8.583861067891124,Death,2,14,0.1495761778761433,NO2 single-pollutant,age_10 + sex + race_ethnicity + charlson_score + index_year_f + acs_pct_poverty + acs_pct_unemployed + acs_pct_no_vehicle + acs_pct_nonwhite + acs_median_household_income_10k + acs_pct_bachelor_plus
UCMC,NO2,Q2,8.583861067891124,Death,2,14.25,0.1502438253907079,NO2 single-pollutant,age_10 + sex + race_ethnicity + charlson_score + index_year_f + acs_pct_poverty + acs_pct_unemployed + acs_pct_no_vehicle + acs_pct_nonwhite + acs_median_household_income_10k + acs_pct_bachelor_plus
UCMC,NO2,Q2,8.583861067891124,Death,2,14.5,0.1511978087781326,NO2 single-pollutant,age_10 + sex + race_ethnicity + charlson_score + index_year_f + acs_pct_poverty + acs_pct_unemployed + acs_pct_no_vehicle + acs_pct_nonwhite + acs_median_household_income_10k + acs_pct_bachelor_plus
UCMC,NO2,Q2,8.583861067891124,Death,2,14.75,0.15186567195084877,NO2 single-pollutant,age_10 + sex + race_ethnicity + charlson_score + index_year_f + acs_pct_poverty + acs_pct_unemployed + acs_pct_no_vehicle + acs_pct_nonwhite + acs_median_household_income_10k + acs_pct_bachelor_plus
UCMC,NO2,Q2,8.583861067891124,Death,2,15,0.15224734658994898,NO2 single-pollutant,age_10 + sex + race_ethnicity + charlson_score + index_year_f + acs_pct_poverty + acs_pct_unemployed + acs_pct_no_vehicle + acs_pct_nonwhite + acs_median_household_income_10k + acs_pct_bachelor_plus
UCMC,NO2,Q2,8.583861067891124,Death,2,15.25,0.15262908204428793,NO2 single-pollutant,age_10 + sex + race_ethnicity + charlson_score + index_year_f + acs_pct_poverty + acs_pct_unemployed + acs_pct_no_vehicle + acs_pct_nonwhite + acs_median_household_income_10k + acs_pct_bachelor_plus
UCMC,NO2,Q2,8.583861067891124,Death,2,15.5,0.1530108605626901,NO2 single-pollutant,age_10 + sex + race_ethnicity + charlson_score + index_year_f + acs_pct_poverty + acs_pct_unemployed + acs_pct_no_vehicle + acs_pct_nonwhite + acs_median_household_income_10k + acs_pct_bachelor_plus
UCMC,NO2,Q2,8.583861067891124,Death,2,15.75,0.15377459232325263,NO2 single-pollutant,age_10 + sex + race_ethnicity + charlson_score + index_year_f + acs_pct_poverty + acs_pct_unemployed + acs_pct_no_vehicle + acs_pct_nonwhite + acs_median_household_income_10k + acs_pct_bachelor_plus
UCMC,NO2,Q2,8.583861067891124,Death,2,16,0.15425202140838468,NO2 single-pollutant,age_10 + sex + race_ethnicity + charlson_score + index_year_f + acs_pct_poverty + acs_pct_unemployed + acs_pct_no_vehicle + acs_pct_nonwhite + acs_median_household_income_10k + acs_pct_bachelor_plus
UCMC,NO2,Q2,8.583861067891124,Death,2,16.25,0.15482504191458435,NO2 single-pollutant,age_10 + sex + race_ethnicity + charlson_score + index_year_f + acs_pct_poverty + acs_pct_unemployed + acs_pct_no_vehicle + acs_pct_nonwhite + acs_median_household_income_10k + acs_pct_bachelor_plus
UCMC,NO2,Q2,8.583861067891124,Death,2,16.5,0.1552071109505171,NO2 single-pollutant,age_10 + sex + race_ethnicity + charlson_score + index_year_f + acs_pct_poverty + acs_pct_unemployed + acs_pct_no_vehicle + acs_pct_nonwhite + acs_median_household_income_10k + acs_pct_bachelor_plus
UCMC,NO2,Q2,8.583861067891124,Death,2,16.75,0.1556847990040905,NO2 single-pollutant,age_10 + sex + race_ethnicity + charlson_score + index_year_f + acs_pct_poverty + acs_pct_unemployed + acs_pct_no_vehicle + acs_pct_nonwhite + acs_median_household_income_10k + acs_pct_bachelor_plus
UCMC,NO2,Q2,8.583861067891124,Death,2,17,0.15597142530626174,NO2 single-pollutant,age_10 + sex + race_ethnicity + charlson_score + index_year_f + acs_pct_poverty + acs_pct_unemployed + acs_pct_no_vehicle + acs_pct_nonwhite + acs_median_household_income_10k + acs_pct_bachelor_plus
UCMC,NO2,Q2,8.583861067891124,Death,2,17.25,0.15654471472666254,NO2 single-pollutant,age_10 + sex + race_ethnicity + charlson_score + index_year_f + acs_pct_poverty + acs_pct_unemployed + acs_pct_no_vehicle + acs_pct_nonwhite + acs_median_household_income_10k + acs_pct_bachelor_plus
UCMC,NO2,Q2,8.583861067891124,Death,2,17.5,0.15702258269338043,NO2 single-pollutant,age_10 + sex + race_ethnicity + charlson_score + index_year_f + acs_pct_poverty + acs_pct_unemployed + acs_pct_no_vehicle + acs_pct_nonwhite + acs_median_household_income_10k + acs_pct_bachelor_plus
UCMC,NO2,Q2,8.583861067891124,Death,2,17.75,0.15740492785036042,NO2 single-pollutant,age_10 + sex + race_ethnicity + charlson_score + index_year_f + acs_pct_poverty + acs_pct_unemployed + acs_pct_no_vehicle + acs_pct_nonwhite + acs_median_household_income_10k + acs_pct_bachelor_plus
UCMC,NO2,Q2,8.583861067891124,Death,2,18,0.15759611248081773,NO2 single-pollutant,age_10 + sex + race_ethnicity + charlson_score + index_year_f + acs_pct_poverty + acs_pct_unemployed + acs_pct_no_vehicle + acs_pct_nonwhite + acs_median_household_income_10k + acs_pct_bachelor_plus
UCMC,NO2,Q2,8.583861067891124,Death,2,18.25,0.15807406559404502,NO2 single-pollutant,age_10 + sex + race_ethnicity + charlson_score + index_year_f + acs_pct_poverty + acs_pct_unemployed + acs_pct_no_vehicle + acs_pct_nonwhite + acs_median_household_income_10k + acs_pct_bachelor_plus
UCMC,NO2,Q2,8.583861067891124,Death,2,18.5,0.15836083499951048,NO2 single-pollutant,age_10 + sex + race_ethnicity + charlson_score + index_year_f + acs_pct_poverty + acs_pct_unemployed + acs_pct_no_vehicle + acs_pct_nonwhite + acs_median_household_income_10k + acs_pct_bachelor_plus
UCMC,NO2,Q2,8.583861067891124,Death,2,18.75,0.15864762439469404,NO2 single-pollutant,age_10 + sex + race_ethnicity + charlson_score + index_year_f + acs_pct_poverty + acs_pct_unemployed + acs_pct_no_vehicle + acs_pct_nonwhite + acs_median_household_income_10k + acs_pct_bachelor_plus
UCMC,NO2,Q2,8.583861067891124,Death,2,19,0.15903001622719726,NO2 single-pollutant,age_10 + sex + race_ethnicity + charlson_score + index_year_f + acs_pct_poverty + acs_pct_unemployed + acs_pct_no_vehicle + acs_pct_nonwhite + acs_median_household_income_10k + acs_pct_bachelor_plus
UCMC,NO2,Q2,8.583861067891124,Death,2,19.25,0.15960360998427614,NO2 single-pollutant,age_10 + sex + race_ethnicity + charlson_score + index_year_f + acs_pct_poverty + acs_pct_unemployed + acs_pct_no_vehicle + acs_pct_nonwhite + acs_median_household_income_10k + acs_pct_bachelor_plus
UCMC,NO2,Q2,8.583861067891124,Death,2,19.5,0.15989041506665214,NO2 single-pollutant,age_10 + sex + race_ethnicity + charlson_score + index_year_f + acs_pct_poverty + acs_pct_unemployed + acs_pct_no_vehicle + acs_pct_nonwhite + acs_median_household_income_10k + acs_pct_bachelor_plus
UCMC,NO2,Q2,8.583861067891124,Death,2,19.75,0.16027280991140802,NO2 single-pollutant,age_10 + sex + race_ethnicity + charlson_score + index_year_f + acs_pct_poverty + acs_pct_unemployed + acs_pct_no_vehicle + acs_pct_nonwhite + acs_median_household_income_10k + acs_pct_bachelor_plus
UCMC,NO2,Q2,8.583861067891124,Death,2,20,0.16046402460911013,NO2 single-pollutant,age_10 + sex + race_ethnicity + charlson_score + index_year_f + acs_pct_poverty + acs_pct_unemployed + acs_pct_no_vehicle + acs_pct_nonwhite + acs_median_household_income_10k + acs_pct_bachelor_plus
UCMC,NO2,Q2,8.583861067891124,Death,2,20.25,0.16065525022470994,NO2 single-pollutant,age_10 + sex + race_ethnicity + charlson_score + index_year_f + acs_pct_poverty + acs_pct_unemployed + acs_pct_no_vehicle + acs_pct_nonwhite + acs_median_household_income_10k + acs_pct_bachelor_plus
UCMC,NO2,Q2,8.583861067891124,Death,2,20.5,0.16084648322167194,NO2 single-pollutant,age_10 + sex + race_ethnicity + charlson_score + index_year_f + acs_pct_poverty + acs_pct_unemployed + acs_pct_no_vehicle + acs_pct_nonwhite + acs_median_household_income_10k + acs_pct_bachelor_plus
UCMC,NO2,Q2,8.583861067891124,Death,2,20.75,0.1612290054899591,NO2 single-pollutant,age_10 + sex + race_ethnicity + charlson_score + index_year_f + acs_pct_poverty + acs_pct_unemployed + acs_pct_no_vehicle + acs_pct_nonwhite + acs_median_household_income_10k + acs_pct_bachelor_plus
UCMC,NO2,Q2,8.583861067891124,Death,2,21,0.1616116308978589,NO2 single-pollutant,age_10 + sex + race_ethnicity + charlson_score + index_year_f + acs_pct_poverty + acs_pct_unemployed + acs_pct_no_vehicle + acs_pct_nonwhite + acs_median_household_income_10k + acs_pct_bachelor_plus
UCMC,NO2,Q2,8.583861067891124,Death,2,21.25,0.1616116308978589,NO2 single-pollutant,age_10 + sex + race_ethnicity + charlson_score + index_year_f + acs_pct_poverty + acs_pct_unemployed + acs_pct_no_vehicle + acs_pct_nonwhite + acs_median_household_income_10k + acs_pct_bachelor_plus
UCMC,NO2,Q2,8.583861067891124,Death,2,21.5,0.16208998473697833,NO2 single-pollutant,age_10 + sex + race_ethnicity + charlson_score + index_year_f + acs_pct_poverty + acs_pct_unemployed + acs_pct_no_vehicle + acs_pct_nonwhite + acs_median_household_income_10k + acs_pct_bachelor_plus
UCMC,NO2,Q2,8.583861067891124,Death,2,21.75,0.1621856538059847,NO2 single-pollutant,age_10 + sex + race_ethnicity + charlson_score + index_year_f + acs_pct_poverty + acs_pct_unemployed + acs_pct_no_vehicle + acs_pct_nonwhite + acs_median_household_income_10k + acs_pct_bachelor_plus
UCMC,NO2,Q2,8.583861067891124,Death,2,22,0.16228132183785193,NO2 single-pollutant,age_10 + sex + race_ethnicity + charlson_score + index_year_f + acs_pct_poverty + acs_pct_unemployed + acs_pct_no_vehicle + acs_pct_nonwhite + acs_median_household_income_10k + acs_pct_bachelor_plus
UCMC,NO2,Q2,8.583861067891124,Death,2,22.25,0.16228132183785193,NO2 single-pollutant,age_10 + sex + race_ethnicity + charlson_score + index_year_f + acs_pct_poverty + acs_pct_unemployed + acs_pct_no_vehicle + acs_pct_nonwhite + acs_median_household_income_10k + acs_pct_bachelor_plus
UCMC,NO2,Q2,8.583861067891124,Death,2,22.5,0.16237698486340923,NO2 single-pollutant,age_10 + sex + race_ethnicity + charlson_score + index_year_f + acs_pct_poverty + acs_pct_unemployed + acs_pct_no_vehicle + acs_pct_nonwhite + acs_median_household_income_10k + acs_pct_bachelor_plus
UCMC,NO2,Q2,8.583861067891124,Death,2,22.75,0.16256833539854554,NO2 single-pollutant,age_10 + sex + race_ethnicity + charlson_score + index_year_f + acs_pct_poverty + acs_pct_unemployed + acs_pct_no_vehicle + acs_pct_nonwhite + acs_median_household_income_10k + acs_pct_bachelor_plus
UCMC,NO2,Q2,8.583861067891124,Death,2,23,0.16275970869209833,NO2 single-pollutant,age_10 + sex + race_ethnicity + charlson_score + index_year_f + acs_pct_poverty + acs_pct_unemployed + acs_pct_no_vehicle + acs_pct_nonwhite + acs_median_household_income_10k + acs_pct_bachelor_plus
UCMC,NO2,Q2,8.583861067891124,Death,2,23.25,0.16275970869209833,NO2 single-pollutant,age_10 + sex + race_ethnicity + charlson_score + index_year_f + acs_pct_poverty + acs_pct_unemployed + acs_pct_no_vehicle + acs_pct_nonwhite + acs_median_household_income_10k + acs_pct_bachelor_plus
UCMC,NO2,Q2,8.583861067891124,Death,2,23.5,0.16295109410811037,NO2 single-pollutant,age_10 + sex + race_ethnicity + charlson_score + index_year_f + acs_pct_poverty + acs_pct_unemployed + acs_pct_no_vehicle + acs_pct_nonwhite + acs_median_household_income_10k + acs_pct_bachelor_plus
UCMC,NO2,Q2,8.583861067891124,Death,2,23.75,0.1632382002911854,NO2 single-pollutant,age_10 + sex + race_ethnicity + charlson_score + index_year_f + acs_pct_poverty + acs_pct_unemployed + acs_pct_no_vehicle + acs_pct_nonwhite + acs_median_household_income_10k + acs_pct_bachelor_plus
UCMC,NO2,Q2,8.583861067891124,Death,2,24,0.16342962430712105,NO2 single-pollutant,age_10 + sex + race_ethnicity + charlson_score + index_year_f + acs_pct_poverty + acs_pct_unemployed + acs_pct_no_vehicle + acs_pct_nonwhite + acs_median_household_income_10k + acs_pct_bachelor_plus
UCMC,NO2,Q2,8.583861067891124,Death,2,24.25,0.16342962430712105,NO2 single-pollutant,age_10 + sex + race_ethnicity + charlson_score + index_year_f + acs_pct_poverty + acs_pct_unemployed + acs_pct_no_vehicle + acs_pct_nonwhite + acs_median_household_income_10k + acs_pct_bachelor_plus
UCMC,NO2,Q2,8.583861067891124,Death,2,24.5,0.16381251920121986,NO2 single-pollutant,age_10 + sex + race_ethnicity + charlson_score + index_year_f + acs_pct_poverty + acs_pct_unemployed + acs_pct_no_vehicle + acs_pct_nonwhite + acs_median_household_income_10k + acs_pct_bachelor_plus
UCMC,NO2,Q2,8.583861067891124,Death,2,24.75,0.1639082494070655,NO2 single-pollutant,age_10 + sex + race_ethnicity + charlson_score + index_year_f + acs_pct_poverty + acs_pct_unemployed + acs_pct_no_vehicle + acs_pct_nonwhite + acs_median_household_income_10k + acs_pct_bachelor_plus
UCMC,NO2,Q2,8.583861067891124,Death,2,25,0.16419546045331934,NO2 single-pollutant,age_10 + sex + race_ethnicity + charlson_score + index_year_f + acs_pct_poverty + acs_pct_unemployed + acs_pct_no_vehicle + acs_pct_nonwhite + acs_median_household_income_10k + acs_pct_bachelor_plus
UCMC,NO2,Q2,8.583861067891124,Death,2,25.25,0.16419546045331934,NO2 single-pollutant,age_10 + sex + race_ethnicity + charlson_score + index_year_f + acs_pct_poverty + acs_pct_unemployed + acs_pct_no_vehicle + acs_pct_nonwhite + acs_median_household_income_10k + acs_pct_bachelor_plus
UCMC,NO2,Q2,8.583861067891124,Death,2,25.5,0.1642911986032768,NO2 single-pollutant,age_10 + sex + race_ethnicity + charlson_score + index_year_f + acs_pct_poverty + acs_pct_unemployed + acs_pct_no_vehicle + acs_pct_nonwhite + acs_median_household_income_10k + acs_pct_bachelor_plus
UCMC,NO2,Q2,8.583861067891124,Death,2,25.75,0.16438693723772313,NO2 single-pollutant,age_10 + sex + race_ethnicity + charlson_score + index_year_f + acs_pct_poverty + acs_pct_unemployed + acs_pct_no_vehicle + acs_pct_nonwhite + acs_median_household_income_10k + acs_pct_bachelor_plus
UCMC,NO2,Q2,8.583861067891124,Death,2,26,0.16467417197548606,NO2 single-pollutant,age_10 + sex + race_ethnicity + charlson_score + index_year_f + acs_pct_poverty + acs_pct_unemployed + acs_pct_no_vehicle + acs_pct_nonwhite + acs_median_household_income_10k + acs_pct_bachelor_plus
UCMC,NO2,Q2,8.583861067891124,Death,2,26.25,0.16467417197548606,NO2 single-pollutant,age_10 + sex + race_ethnicity + charlson_score + index_year_f + acs_pct_poverty + acs_pct_unemployed + acs_pct_no_vehicle + acs_pct_nonwhite + acs_median_household_income_10k + acs_pct_bachelor_plus
UCMC,NO2,Q2,8.583861067891124,Death,2,26.5,0.16476991900615046,NO2 single-pollutant,age_10 + sex + race_ethnicity + charlson_score + index_year_f + acs_pct_poverty + acs_pct_unemployed + acs_pct_no_vehicle + acs_pct_nonwhite + acs_median_household_income_10k + acs_pct_bachelor_plus
UCMC,NO2,Q2,8.583861067891124,Death,2,26.75,0.16496141934981712,NO2 single-pollutant,age_10 + sex + race_ethnicity + charlson_score + index_year_f + acs_pct_poverty + acs_pct_unemployed + acs_pct_no_vehicle + acs_pct_nonwhite + acs_median_household_income_10k + acs_pct_bachelor_plus
UCMC,NO2,Q2,8.583861067891124,Death,2,27,0.16496141934981712,NO2 single-pollutant,age_10 + sex + race_ethnicity + charlson_score + index_year_f + acs_pct_poverty + acs_pct_unemployed + acs_pct_no_vehicle + acs_pct_nonwhite + acs_median_household_income_10k + acs_pct_bachelor_plus
UCMC,NO2,Q2,8.583861067891124,Death,2,27.25,0.16515294054354668,NO2 single-pollutant,age_10 + sex + race_ethnicity + charlson_score + index_year_f + acs_pct_poverty + acs_pct_unemployed + acs_pct_no_vehicle + acs_pct_nonwhite + acs_median_household_income_10k + acs_pct_bachelor_plus
UCMC,NO2,Q2,8.583861067891124,Death,2,27.5,0.16524869937212094,NO2 single-pollutant,age_10 + sex + race_ethnicity + charlson_score + index_year_f + acs_pct_poverty + acs_pct_unemployed + acs_pct_no_vehicle + acs_pct_nonwhite + acs_median_household_income_10k + acs_pct_bachelor_plus
UCMC,NO2,Q2,8.583861067891124,Death,2,27.75,0.16534446392213842,NO2 single-pollutant,age_10 + sex + race_ethnicity + charlson_score + index_year_f + acs_pct_poverty + acs_pct_unemployed + acs_pct_no_vehicle + acs_pct_nonwhite + acs_median_household_income_10k + acs_pct_bachelor_plus
UCMC,NO2,Q2,8.583861067891124,Death,2,28,0.16534446392213842,NO2 single-pollutant,age_10 + sex + race_ethnicity + charlson_score + index_year_f + acs_pct_poverty + acs_pct_unemployed + acs_pct_no_vehicle + acs_pct_nonwhite + acs_median_household_income_10k + acs_pct_bachelor_plus
UCMC,NO2,Q3,9.74493387838205,Death,2,0,0,NO2 single-pollutant,age_10 + sex + race_ethnicity + charlson_score + index_year_f + acs_pct_poverty + acs_pct_unemployed + acs_pct_no_vehicle + acs_pct_nonwhite + acs_median_household_income_10k + acs_pct_bachelor_plus
UCMC,NO2,Q3,9.74493387838205,Death,2,0.25,0.0011488975821544178,NO2 single-pollutant,age_10 + sex + race_ethnicity + charlson_score + index_year_f + acs_pct_poverty + acs_pct_unemployed + acs_pct_no_vehicle + acs_pct_nonwhite + acs_median_household_income_10k + acs_pct_bachelor_plus
UCMC,NO2,Q3,9.74493387838205,Death,2,0.5,0.003734283959883178,NO2 single-pollutant,age_10 + sex + race_ethnicity + charlson_score + index_year_f + acs_pct_poverty + acs_pct_unemployed + acs_pct_no_vehicle + acs_pct_nonwhite + acs_median_household_income_10k + acs_pct_bachelor_plus
UCMC,NO2,Q3,9.74493387838205,Death,2,0.75,0.006704691130797857,NO2 single-pollutant,age_10 + sex + race_ethnicity + charlson_score + index_year_f + acs_pct_poverty + acs_pct_unemployed + acs_pct_no_vehicle + acs_pct_nonwhite + acs_median_household_income_10k + acs_pct_bachelor_plus
UCMC,NO2,Q3,9.74493387838205,Death,2,1,0.010732899286249653,NO2 single-pollutant,age_10 + sex + race_ethnicity + charlson_score + index_year_f + acs_pct_poverty + acs_pct_unemployed + acs_pct_no_vehicle + acs_pct_nonwhite + acs_median_household_income_10k + acs_pct_bachelor_plus
UCMC,NO2,Q3,9.74493387838205,Death,2,1.25,0.018897254476365033,NO2 single-pollutant,age_10 + sex + race_ethnicity + charlson_score + index_year_f + acs_pct_poverty + acs_pct_unemployed + acs_pct_no_vehicle + acs_pct_nonwhite + acs_median_household_income_10k + acs_pct_bachelor_plus
UCMC,NO2,Q3,9.74493387838205,Death,2,1.5,0.026304956677580815,NO2 single-pollutant,age_10 + sex + race_ethnicity + charlson_score + index_year_f + acs_pct_poverty + acs_pct_unemployed + acs_pct_no_vehicle + acs_pct_nonwhite + acs_median_household_income_10k + acs_pct_bachelor_plus
UCMC,NO2,Q3,9.74493387838205,Death,2,1.75,0.0324727139480514,NO2 single-pollutant,age_10 + sex + race_ethnicity + charlson_score + index_year_f + acs_pct_poverty + acs_pct_unemployed + acs_pct_no_vehicle + acs_pct_nonwhite + acs_median_household_income_10k + acs_pct_bachelor_plus
UCMC,NO2,Q3,9.74493387838205,Death,2,2,0.03864745662526148,NO2 single-pollutant,age_10 + sex + race_ethnicity + charlson_score + index_year_f + acs_pct_poverty + acs_pct_unemployed + acs_pct_no_vehicle + acs_pct_nonwhite + acs_median_household_income_10k + acs_pct_bachelor_plus
UCMC,NO2,Q3,9.74493387838205,Death,2,2.25,0.04637755304495583,NO2 single-pollutant,age_10 + sex + race_ethnicity + charlson_score + index_year_f + acs_pct_poverty + acs_pct_unemployed + acs_pct_no_vehicle + acs_pct_nonwhite + acs_median_household_income_10k + acs_pct_bachelor_plus
UCMC,NO2,Q3,9.74493387838205,Death,2,2.5,0.05334312372515804,NO2 single-pollutant,age_10 + sex + race_ethnicity + charlson_score + index_year_f + acs_pct_poverty + acs_pct_unemployed + acs_pct_no_vehicle + acs_pct_nonwhite + acs_median_household_income_10k + acs_pct_bachelor_plus
UCMC,NO2,Q3,9.74493387838205,Death,2,2.75,0.05905967452413974,NO2 single-pollutant,age_10 + sex + race_ethnicity + charlson_score + index_year_f + acs_pct_poverty + acs_pct_unemployed + acs_pct_no_vehicle + acs_pct_nonwhite + acs_median_household_income_10k + acs_pct_bachelor_plus
UCMC,NO2,Q3,9.74493387838205,Death,2,3,0.06439771333730626,NO2 single-pollutant,age_10 + sex + race_ethnicity + charlson_score + index_year_f + acs_pct_poverty + acs_pct_unemployed + acs_pct_no_vehicle + acs_pct_nonwhite + acs_median_household_income_10k + acs_pct_bachelor_plus
UCMC,NO2,Q3,9.74493387838205,Death,2,3.25,0.07042857799559077,NO2 single-pollutant,age_10 + sex + race_ethnicity + charlson_score + index_year_f + acs_pct_poverty + acs_pct_unemployed + acs_pct_no_vehicle + acs_pct_nonwhite + acs_median_household_income_10k + acs_pct_bachelor_plus
UCMC,NO2,Q3,9.74493387838205,Death,2,3.5,0.07471539641021274,NO2 single-pollutant,age_10 + sex + race_ethnicity + charlson_score + index_year_f + acs_pct_poverty + acs_pct_unemployed + acs_pct_no_vehicle + acs_pct_nonwhite + acs_median_household_income_10k + acs_pct_bachelor_plus
UCMC,NO2,Q3,9.74493387838205,Death,2,3.75,0.07861673819212422,NO2 single-pollutant,age_10 + sex + race_ethnicity + charlson_score + index_year_f + acs_pct_poverty + acs_pct_unemployed + acs_pct_no_vehicle + acs_pct_nonwhite + acs_median_household_income_10k + acs_pct_bachelor_plus
UCMC,NO2,Q3,9.74493387838205,Death,2,4,0.08379113662176318,NO2 single-pollutant,age_10 + sex + race_ethnicity + charlson_score + index_year_f + acs_pct_poverty + acs_pct_unemployed + acs_pct_no_vehicle + acs_pct_nonwhite + acs_median_household_income_10k + acs_pct_bachelor_plus
UCMC,NO2,Q3,9.74493387838205,Death,2,4.25,0.08720991637247422,NO2 single-pollutant,age_10 + sex + race_ethnicity + charlson_score + index_year_f + acs_pct_poverty + acs_pct_unemployed + acs_pct_no_vehicle + acs_pct_nonwhite + acs_median_household_income_10k + acs_pct_bachelor_plus
UCMC,NO2,Q3,9.74493387838205,Death,2,4.5,0.09141292549448332,NO2 single-pollutant,age_10 + sex + race_ethnicity + charlson_score + index_year_f + acs_pct_poverty + acs_pct_unemployed + acs_pct_no_vehicle + acs_pct_nonwhite + acs_median_household_income_10k + acs_pct_bachelor_plus
UCMC,NO2,Q3,9.74493387838205,Death,2,4.75,0.09522962512728317,NO2 single-pollutant,age_10 + sex + race_ethnicity + charlson_score + index_year_f + acs_pct_poverty + acs_pct_unemployed + acs_pct_no_vehicle + acs_pct_nonwhite + acs_median_household_income_10k + acs_pct_bachelor_plus
UCMC,NO2,Q3,9.74493387838205,Death,2,5,0.09836480245843238,NO2 single-pollutant,age_10 + sex + race_ethnicity + charlson_score + index_year_f + acs_pct_poverty + acs_pct_unemployed + acs_pct_no_vehicle + acs_pct_nonwhite + acs_median_household_income_10k + acs_pct_bachelor_plus
UCMC,NO2,Q3,9.74493387838205,Death,2,5.25,0.1017964402943421,NO2 single-pollutant,age_10 + sex + race_ethnicity + charlson_score + index_year_f + acs_pct_poverty + acs_pct_unemployed + acs_pct_no_vehicle + acs_pct_nonwhite + acs_median_household_income_10k + acs_pct_bachelor_plus
UCMC,NO2,Q3,9.74493387838205,Death,2,5.5,0.10474047429562217,NO2 single-pollutant,age_10 + sex + race_ethnicity + charlson_score + index_year_f + acs_pct_poverty + acs_pct_unemployed + acs_pct_no_vehicle + acs_pct_nonwhite + acs_median_household_income_10k + acs_pct_bachelor_plus
UCMC,NO2,Q3,9.74493387838205,Death,2,5.75,0.10827749225860395,NO2 single-pollutant,age_10 + sex + race_ethnicity + charlson_score + index_year_f + acs_pct_poverty + acs_pct_unemployed + acs_pct_no_vehicle + acs_pct_nonwhite + acs_median_household_income_10k + acs_pct_bachelor_plus
UCMC,NO2,Q3,9.74493387838205,Death,2,6,0.11122724438896914,NO2 single-pollutant,age_10 + sex + race_ethnicity + charlson_score + index_year_f + acs_pct_poverty + acs_pct_unemployed + acs_pct_no_vehicle + acs_pct_nonwhite + acs_median_household_income_10k + acs_pct_bachelor_plus
UCMC,NO2,Q3,9.74493387838205,Death,2,6.25,0.11398225322542654,NO2 single-pollutant,age_10 + sex + race_ethnicity + charlson_score + index_year_f + acs_pct_poverty + acs_pct_unemployed + acs_pct_no_vehicle + acs_pct_nonwhite + acs_median_household_income_10k + acs_pct_bachelor_plus
UCMC,NO2,Q3,9.74493387838205,Death,2,6.5,0.11614807448804665,NO2 single-pollutant,age_10 + sex + race_ethnicity + charlson_score + index_year_f + acs_pct_poverty + acs_pct_unemployed + acs_pct_no_vehicle + acs_pct_nonwhite + acs_median_household_income_10k + acs_pct_bachelor_plus
UCMC,NO2,Q3,9.74493387838205,Death,2,6.75,0.11861035681307919,NO2 single-pollutant,age_10 + sex + race_ethnicity + charlson_score + index_year_f + acs_pct_poverty + acs_pct_unemployed + acs_pct_no_vehicle + acs_pct_nonwhite + acs_median_household_income_10k + acs_pct_bachelor_plus
UCMC,NO2,Q3,9.74493387838205,Death,2,7,0.12087589671958532,NO2 single-pollutant,age_10 + sex + race_ethnicity + charlson_score + index_year_f + acs_pct_poverty + acs_pct_unemployed + acs_pct_no_vehicle + acs_pct_nonwhite + acs_median_household_income_10k + acs_pct_bachelor_plus
UCMC,NO2,Q3,9.74493387838205,Death,2,7.25,0.1229455597118021,NO2 single-pollutant,age_10 + sex + race_ethnicity + charlson_score + index_year_f + acs_pct_poverty + acs_pct_unemployed + acs_pct_no_vehicle + acs_pct_nonwhite + acs_median_household_income_10k + acs_pct_bachelor_plus
UCMC,NO2,Q3,9.74493387838205,Death,2,7.5,0.12639612403472145,NO2 single-pollutant,age_10 + sex + race_ethnicity + charlson_score + index_year_f + acs_pct_poverty + acs_pct_unemployed + acs_pct_no_vehicle + acs_pct_nonwhite + acs_median_household_income_10k + acs_pct_bachelor_plus
UCMC,NO2,Q3,9.74493387838205,Death,2,7.75,0.12787594537130265,NO2 single-pollutant,age_10 + sex + race_ethnicity + charlson_score + index_year_f + acs_pct_poverty + acs_pct_unemployed + acs_pct_no_vehicle + acs_pct_nonwhite + acs_median_household_income_10k + acs_pct_bachelor_plus
UCMC,NO2,Q3,9.74493387838205,Death,2,8,0.1298494883122302,NO2 single-pollutant,age_10 + sex + race_ethnicity + charlson_score + index_year_f + acs_pct_poverty + acs_pct_unemployed + acs_pct_no_vehicle + acs_pct_nonwhite + acs_median_household_income_10k + acs_pct_bachelor_plus
UCMC,NO2,Q3,9.74493387838205,Death,2,8.25,0.1319218028256951,NO2 single-pollutant,age_10 + sex + race_ethnicity + charlson_score + index_year_f + acs_pct_poverty + acs_pct_unemployed + acs_pct_no_vehicle + acs_pct_nonwhite + acs_median_household_income_10k + acs_pct_bachelor_plus
UCMC,NO2,Q3,9.74493387838205,Death,2,8.5,0.13340268307024084,NO2 single-pollutant,age_10 + sex + race_ethnicity + charlson_score + index_year_f + acs_pct_poverty + acs_pct_unemployed + acs_pct_no_vehicle + acs_pct_nonwhite + acs_median_household_income_10k + acs_pct_bachelor_plus
UCMC,NO2,Q3,9.74493387838205,Death,2,8.75,0.13478530068181105,NO2 single-pollutant,age_10 + sex + race_ethnicity + charlson_score + index_year_f + acs_pct_poverty + acs_pct_unemployed + acs_pct_no_vehicle + acs_pct_nonwhite + acs_median_household_income_10k + acs_pct_bachelor_plus
UCMC,NO2,Q3,9.74493387838205,Death,2,9,0.1367606143011153,NO2 single-pollutant,age_10 + sex + race_ethnicity + charlson_score + index_year_f + acs_pct_poverty + acs_pct_unemployed + acs_pct_no_vehicle + acs_pct_nonwhite + acs_median_household_income_10k + acs_pct_bachelor_plus
UCMC,NO2,Q3,9.74493387838205,Death,2,9.25,0.13824271043956293,NO2 single-pollutant,age_10 + sex + race_ethnicity + charlson_score + index_year_f + acs_pct_poverty + acs_pct_unemployed + acs_pct_no_vehicle + acs_pct_nonwhite + acs_median_household_income_10k + acs_pct_bachelor_plus
UCMC,NO2,Q3,9.74493387838205,Death,2,9.5,0.1396264312017118,NO2 single-pollutant,age_10 + sex + race_ethnicity + charlson_score + index_year_f + acs_pct_poverty + acs_pct_unemployed + acs_pct_no_vehicle + acs_pct_nonwhite + acs_median_household_income_10k + acs_pct_bachelor_plus
UCMC,NO2,Q3,9.74493387838205,Death,2,9.75,0.14051621303296824,NO2 single-pollutant,age_10 + sex + race_ethnicity + charlson_score + index_year_f + acs_pct_poverty + acs_pct_unemployed + acs_pct_no_vehicle + acs_pct_nonwhite + acs_median_household_income_10k + acs_pct_bachelor_plus
UCMC,NO2,Q3,9.74493387838205,Death,2,10,0.14190084665257874,NO2 single-pollutant,age_10 + sex + race_ethnicity + charlson_score + index_year_f + acs_pct_poverty + acs_pct_unemployed + acs_pct_no_vehicle + acs_pct_nonwhite + acs_median_household_income_10k + acs_pct_bachelor_plus
UCMC,NO2,Q3,9.74493387838205,Death,2,10.25,0.14338496634893294,NO2 single-pollutant,age_10 + sex + race_ethnicity + charlson_score + index_year_f + acs_pct_poverty + acs_pct_unemployed + acs_pct_no_vehicle + acs_pct_nonwhite + acs_median_household_income_10k + acs_pct_bachelor_plus
UCMC,NO2,Q3,9.74493387838205,Death,2,10.5,0.14467163829900254,NO2 single-pollutant,age_10 + sex + race_ethnicity + charlson_score + index_year_f + acs_pct_poverty + acs_pct_unemployed + acs_pct_no_vehicle + acs_pct_nonwhite + acs_median_household_income_10k + acs_pct_bachelor_plus
UCMC,NO2,Q3,9.74493387838205,Death,2,10.75,0.1455624779391531,NO2 single-pollutant,age_10 + sex + race_ethnicity + charlson_score + index_year_f + acs_pct_poverty + acs_pct_unemployed + acs_pct_no_vehicle + acs_pct_nonwhite + acs_median_household_income_10k + acs_pct_bachelor_plus
UCMC,NO2,Q3,9.74493387838205,Death,2,11,0.1467504776032903,NO2 single-pollutant,age_10 + sex + race_ethnicity + charlson_score + index_year_f + acs_pct_poverty + acs_pct_unemployed + acs_pct_no_vehicle + acs_pct_nonwhite + acs_median_household_income_10k + acs_pct_bachelor_plus
UCMC,NO2,Q3,9.74493387838205,Death,2,11.25,0.14783995841740316,NO2 single-pollutant,age_10 + sex + race_ethnicity + charlson_score + index_year_f + acs_pct_poverty + acs_pct_unemployed + acs_pct_no_vehicle + acs_pct_nonwhite + acs_median_household_income_10k + acs_pct_bachelor_plus
UCMC,NO2,Q3,9.74493387838205,Death,2,11.5,0.14863249241210896,NO2 single-pollutant,age_10 + sex + race_ethnicity + charlson_score + index_year_f + acs_pct_poverty + acs_pct_unemployed + acs_pct_no_vehicle + acs_pct_nonwhite + acs_median_household_income_10k + acs_pct_bachelor_plus
UCMC,NO2,Q3,9.74493387838205,Death,2,11.75,0.14982170706960452,NO2 single-pollutant,age_10 + sex + race_ethnicity + charlson_score + index_year_f + acs_pct_poverty + acs_pct_unemployed + acs_pct_no_vehicle + acs_pct_nonwhite + acs_median_household_income_10k + acs_pct_bachelor_plus
UCMC,NO2,Q3,9.74493387838205,Death,2,12,0.15061474866624536,NO2 single-pollutant,age_10 + sex + race_ethnicity + charlson_score + index_year_f + acs_pct_poverty + acs_pct_unemployed + acs_pct_no_vehicle + acs_pct_nonwhite + acs_median_household_income_10k + acs_pct_bachelor_plus
UCMC,NO2,Q3,9.74493387838205,Death,2,12.25,0.1519044188849069,NO2 single-pollutant,age_10 + sex + race_ethnicity + charlson_score + index_year_f + acs_pct_poverty + acs_pct_unemployed + acs_pct_no_vehicle + acs_pct_nonwhite + acs_median_household_income_10k + acs_pct_bachelor_plus
UCMC,NO2,Q3,9.74493387838205,Death,2,12.5,0.1524997884307353,NO2 single-pollutant,age_10 + sex + race_ethnicity + charlson_score + index_year_f + acs_pct_poverty + acs_pct_unemployed + acs_pct_no_vehicle + acs_pct_nonwhite + acs_median_household_income_10k + acs_pct_bachelor_plus
UCMC,NO2,Q3,9.74493387838205,Death,2,12.75,0.15309524263416063,NO2 single-pollutant,age_10 + sex + race_ethnicity + charlson_score + index_year_f + acs_pct_poverty + acs_pct_unemployed + acs_pct_no_vehicle + acs_pct_nonwhite + acs_median_household_income_10k + acs_pct_bachelor_plus
UCMC,NO2,Q3,9.74493387838205,Death,2,13,0.15428632084866445,NO2 single-pollutant,age_10 + sex + race_ethnicity + charlson_score + index_year_f + acs_pct_poverty + acs_pct_unemployed + acs_pct_no_vehicle + acs_pct_nonwhite + acs_median_household_income_10k + acs_pct_bachelor_plus
UCMC,NO2,Q3,9.74493387838205,Death,2,13.25,0.15517977679074824,NO2 single-pollutant,age_10 + sex + race_ethnicity + charlson_score + index_year_f + acs_pct_poverty + acs_pct_unemployed + acs_pct_no_vehicle + acs_pct_nonwhite + acs_median_household_income_10k + acs_pct_bachelor_plus
UCMC,NO2,Q3,9.74493387838205,Death,2,13.5,0.15557688149555826,NO2 single-pollutant,age_10 + sex + race_ethnicity + charlson_score + index_year_f + acs_pct_poverty + acs_pct_unemployed + acs_pct_no_vehicle + acs_pct_nonwhite + acs_median_household_income_10k + acs_pct_bachelor_plus
UCMC,NO2,Q3,9.74493387838205,Death,2,13.75,0.15597405341181836,NO2 single-pollutant,age_10 + sex + race_ethnicity + charlson_score + index_year_f + acs_pct_poverty + acs_pct_unemployed + acs_pct_no_vehicle + acs_pct_nonwhite + acs_median_household_income_10k + acs_pct_bachelor_plus
UCMC,NO2,Q3,9.74493387838205,Death,2,14,0.1563712217849631,NO2 single-pollutant,age_10 + sex + race_ethnicity + charlson_score + index_year_f + acs_pct_poverty + acs_pct_unemployed + acs_pct_no_vehicle + acs_pct_nonwhite + acs_median_household_income_10k + acs_pct_bachelor_plus
UCMC,NO2,Q3,9.74493387838205,Death,2,14.25,0.15706631491009926,NO2 single-pollutant,age_10 + sex + race_ethnicity + charlson_score + index_year_f + acs_pct_poverty + acs_pct_unemployed + acs_pct_no_vehicle + acs_pct_nonwhite + acs_median_household_income_10k + acs_pct_bachelor_plus
UCMC,NO2,Q3,9.74493387838205,Death,2,14.5,0.15805946765672574,NO2 single-pollutant,age_10 + sex + race_ethnicity + charlson_score + index_year_f + acs_pct_poverty + acs_pct_unemployed + acs_pct_no_vehicle + acs_pct_nonwhite + acs_median_household_income_10k + acs_pct_bachelor_plus
UCMC,NO2,Q3,9.74493387838205,Death,2,14.75,0.1587547195665595,NO2 single-pollutant,age_10 + sex + race_ethnicity + charlson_score + index_year_f + acs_pct_poverty + acs_pct_unemployed + acs_pct_no_vehicle + acs_pct_nonwhite + acs_median_household_income_10k + acs_pct_bachelor_plus
UCMC,NO2,Q3,9.74493387838205,Death,2,15,0.15915203432215685,NO2 single-pollutant,age_10 + sex + race_ethnicity + charlson_score + index_year_f + acs_pct_poverty + acs_pct_unemployed + acs_pct_no_vehicle + acs_pct_nonwhite + acs_median_household_income_10k + acs_pct_bachelor_plus
UCMC,NO2,Q3,9.74493387838205,Death,2,15.25,0.15954940352603586,NO2 single-pollutant,age_10 + sex + race_ethnicity + charlson_score + index_year_f + acs_pct_poverty + acs_pct_unemployed + acs_pct_no_vehicle + acs_pct_nonwhite + acs_median_household_income_10k + acs_pct_bachelor_plus
UCMC,NO2,Q3,9.74493387838205,Death,2,15.5,0.15994680869262146,NO2 single-pollutant,age_10 + sex + race_ethnicity + charlson_score + index_year_f + acs_pct_poverty + acs_pct_unemployed + acs_pct_no_vehicle + acs_pct_nonwhite + acs_median_household_income_10k + acs_pct_bachelor_plus
UCMC,NO2,Q3,9.74493387838205,Death,2,15.75,0.16074177427929492,NO2 single-pollutant,age_10 + sex + race_ethnicity + charlson_score + index_year_f + acs_pct_poverty + acs_pct_unemployed + acs_pct_no_vehicle + acs_pct_nonwhite + acs_median_household_income_10k + acs_pct_bachelor_plus
UCMC,NO2,Q3,9.74493387838205,Death,2,16,0.16123871041920546,NO2 single-pollutant,age_10 + sex + race_ethnicity + charlson_score + index_year_f + acs_pct_poverty + acs_pct_unemployed + acs_pct_no_vehicle + acs_pct_nonwhite + acs_median_household_income_10k + acs_pct_bachelor_plus
UCMC,NO2,Q3,9.74493387838205,Death,2,16.25,0.16183512536578892,NO2 single-pollutant,age_10 + sex + race_ethnicity + charlson_score + index_year_f + acs_pct_poverty + acs_pct_unemployed + acs_pct_no_vehicle + acs_pct_nonwhite + acs_median_household_income_10k + acs_pct_bachelor_plus
UCMC,NO2,Q3,9.74493387838205,Death,2,16.5,0.16223278183126144,NO2 single-pollutant,age_10 + sex + race_ethnicity + charlson_score + index_year_f + acs_pct_poverty + acs_pct_unemployed + acs_pct_no_vehicle + acs_pct_nonwhite + acs_median_household_income_10k + acs_pct_bachelor_plus
UCMC,NO2,Q3,9.74493387838205,Death,2,16.75,0.1627299457963175,NO2 single-pollutant,age_10 + sex + race_ethnicity + charlson_score + index_year_f + acs_pct_poverty + acs_pct_unemployed + acs_pct_no_vehicle + acs_pct_nonwhite + acs_median_household_income_10k + acs_pct_bachelor_plus
UCMC,NO2,Q3,9.74493387838205,Death,2,17,0.16302825150959832,NO2 single-pollutant,age_10 + sex + race_ethnicity + charlson_score + index_year_f + acs_pct_poverty + acs_pct_unemployed + acs_pct_no_vehicle + acs_pct_nonwhite + acs_median_household_income_10k + acs_pct_bachelor_plus
UCMC,NO2,Q3,9.74493387838205,Death,2,17.25,0.16362488620160742,NO2 single-pollutant,age_10 + sex + race_ethnicity + charlson_score + index_year_f + acs_pct_poverty + acs_pct_unemployed + acs_pct_no_vehicle + acs_pct_nonwhite + acs_median_household_income_10k + acs_pct_bachelor_plus
UCMC,NO2,Q3,9.74493387838205,Death,2,17.5,0.16412219838068576,NO2 single-pollutant,age_10 + sex + race_ethnicity + charlson_score + index_year_f + acs_pct_poverty + acs_pct_unemployed + acs_pct_no_vehicle + acs_pct_nonwhite + acs_median_household_income_10k + acs_pct_bachelor_plus
UCMC,NO2,Q3,9.74493387838205,Death,2,17.75,0.16452009092213038,NO2 single-pollutant,age_10 + sex + race_ethnicity + charlson_score + index_year_f + acs_pct_poverty + acs_pct_unemployed + acs_pct_no_vehicle + acs_pct_nonwhite + acs_median_household_income_10k + acs_pct_bachelor_plus
UCMC,NO2,Q3,9.74493387838205,Death,2,18,0.16471904638244372,NO2 single-pollutant,age_10 + sex + race_ethnicity + charlson_score + index_year_f + acs_pct_poverty + acs_pct_unemployed + acs_pct_no_vehicle + acs_pct_nonwhite + acs_median_household_income_10k + acs_pct_bachelor_plus
UCMC,NO2,Q3,9.74493387838205,Death,2,18.25,0.16521641644437524,NO2 single-pollutant,age_10 + sex + race_ethnicity + charlson_score + index_year_f + acs_pct_poverty + acs_pct_unemployed + acs_pct_no_vehicle + acs_pct_nonwhite + acs_median_household_income_10k + acs_pct_bachelor_plus
UCMC,NO2,Q3,9.74493387838205,Death,2,18.5,0.16551482920909888,NO2 single-pollutant,age_10 + sex + race_ethnicity + charlson_score + index_year_f + acs_pct_poverty + acs_pct_unemployed + acs_pct_no_vehicle + acs_pct_nonwhite + acs_median_household_income_10k + acs_pct_bachelor_plus
UCMC,NO2,Q3,9.74493387838205,Death,2,18.75,0.16581325774022393,NO2 single-pollutant,age_10 + sex + race_ethnicity + charlson_score + index_year_f + acs_pct_poverty + acs_pct_unemployed + acs_pct_no_vehicle + acs_pct_nonwhite + acs_median_household_income_10k + acs_pct_bachelor_plus
UCMC,NO2,Q3,9.74493387838205,Death,2,19,0.16621116082762166,NO2 single-pollutant,age_10 + sex + race_ethnicity + charlson_score + index_year_f + acs_pct_poverty + acs_pct_unemployed + acs_pct_no_vehicle + acs_pct_nonwhite + acs_median_household_income_10k + acs_pct_bachelor_plus
UCMC,NO2,Q3,9.74493387838205,Death,2,19.25,0.16680800491234837,NO2 single-pollutant,age_10 + sex + race_ethnicity + charlson_score + index_year_f + acs_pct_poverty + acs_pct_unemployed + acs_pct_no_vehicle + acs_pct_nonwhite + acs_median_household_income_10k + acs_pct_bachelor_plus
UCMC,NO2,Q3,9.74493387838205,Death,2,19.5,0.16710642792793873,NO2 single-pollutant,age_10 + sex + race_ethnicity + charlson_score + index_year_f + acs_pct_poverty + acs_pct_unemployed + acs_pct_no_vehicle + acs_pct_nonwhite + acs_median_household_income_10k + acs_pct_bachelor_plus
UCMC,NO2,Q3,9.74493387838205,Death,2,19.75,0.16750430502027613,NO2 single-pollutant,age_10 + sex + race_ethnicity + charlson_score + index_year_f + acs_pct_poverty + acs_pct_unemployed + acs_pct_no_vehicle + acs_pct_nonwhite + acs_median_household_income_10k + acs_pct_bachelor_plus
UCMC,NO2,Q3,9.74493387838205,Death,2,20,0.1677032581768797,NO2 single-pollutant,age_10 + sex + race_ethnicity + charlson_score + index_year_f + acs_pct_poverty + acs_pct_unemployed + acs_pct_no_vehicle + acs_pct_nonwhite + acs_median_household_income_10k + acs_pct_bachelor_plus
UCMC,NO2,Q3,9.74493387838205,Death,2,20.25,0.16790222044936998,NO2 single-pollutant,age_10 + sex + race_ethnicity + charlson_score + index_year_f + acs_pct_poverty + acs_pct_unemployed + acs_pct_no_vehicle + acs_pct_nonwhite + acs_median_household_income_10k + acs_pct_bachelor_plus
UCMC,NO2,Q3,9.74493387838205,Death,2,20.5,0.1681011881573211,NO2 single-pollutant,age_10 + sex + race_ethnicity + charlson_score + index_year_f + acs_pct_poverty + acs_pct_unemployed + acs_pct_no_vehicle + acs_pct_nonwhite + acs_median_household_income_10k + acs_pct_bachelor_plus
UCMC,NO2,Q3,9.74493387838205,Death,2,20.75,0.16849917538634773,NO2 single-pollutant,age_10 + sex + race_ethnicity + charlson_score + index_year_f + acs_pct_poverty + acs_pct_unemployed + acs_pct_no_vehicle + acs_pct_nonwhite + acs_median_household_income_10k + acs_pct_bachelor_plus
UCMC,NO2,Q3,9.74493387838205,Death,2,21,0.1688972609343663,NO2 single-pollutant,age_10 + sex + race_ethnicity + charlson_score + index_year_f + acs_pct_poverty + acs_pct_unemployed + acs_pct_no_vehicle + acs_pct_nonwhite + acs_median_household_income_10k + acs_pct_bachelor_plus
UCMC,NO2,Q3,9.74493387838205,Death,2,21.25,0.1688972609343663,NO2 single-pollutant,age_10 + sex + race_ethnicity + charlson_score + index_year_f + acs_pct_poverty + acs_pct_unemployed + acs_pct_no_vehicle + acs_pct_nonwhite + acs_median_household_income_10k + acs_pct_bachelor_plus
UCMC,NO2,Q3,9.74493387838205,Death,2,21.5,0.16939493020760332,NO2 single-pollutant,age_10 + sex + race_ethnicity + charlson_score + index_year_f + acs_pct_poverty + acs_pct_unemployed + acs_pct_no_vehicle + acs_pct_nonwhite + acs_median_household_income_10k + acs_pct_bachelor_plus
UCMC,NO2,Q3,9.74493387838205,Death,2,21.75,0.16949446060702544,NO2 single-pollutant,age_10 + sex + race_ethnicity + charlson_score + index_year_f + acs_pct_poverty + acs_pct_unemployed + acs_pct_no_vehicle + acs_pct_nonwhite + acs_median_household_income_10k + acs_pct_bachelor_plus
UCMC,NO2,Q3,9.74493387838205,Death,2,22,0.16959398936471937,NO2 single-pollutant,age_10 + sex + race_ethnicity + charlson_score + index_year_f + acs_pct_poverty + acs_pct_unemployed + acs_pct_no_vehicle + acs_pct_nonwhite + acs_median_household_income_10k + acs_pct_bachelor_plus
UCMC,NO2,Q3,9.74493387838205,Death,2,22.25,0.16959398936471937,NO2 single-pollutant,age_10 + sex + race_ethnicity + charlson_score + index_year_f + acs_pct_poverty + acs_pct_unemployed + acs_pct_no_vehicle + acs_pct_nonwhite + acs_median_household_income_10k + acs_pct_bachelor_plus
UCMC,NO2,Q3,9.74493387838205,Death,2,22.5,0.1696935123513289,NO2 single-pollutant,age_10 + sex + race_ethnicity + charlson_score + index_year_f + acs_pct_poverty + acs_pct_unemployed + acs_pct_no_vehicle + acs_pct_nonwhite + acs_median_household_income_10k + acs_pct_bachelor_plus
UCMC,NO2,Q3,9.74493387838205,Death,2,22.75,0.16989258210770086,NO2 single-pollutant,age_10 + sex + race_ethnicity + charlson_score + index_year_f + acs_pct_poverty + acs_pct_unemployed + acs_pct_no_vehicle + acs_pct_nonwhite + acs_median_household_income_10k + acs_pct_bachelor_plus
UCMC,NO2,Q3,9.74493387838205,Death,2,23,0.1700916732879576,NO2 single-pollutant,age_10 + sex + race_ethnicity + charlson_score + index_year_f + acs_pct_poverty + acs_pct_unemployed + acs_pct_no_vehicle + acs_pct_nonwhite + acs_median_household_income_10k + acs_pct_bachelor_plus
UCMC,NO2,Q3,9.74493387838205,Death,2,23.25,0.1700916732879576,NO2 single-pollutant,age_10 + sex + race_ethnicity + charlson_score + index_year_f + acs_pct_poverty + acs_pct_unemployed + acs_pct_no_vehicle + acs_pct_nonwhite + acs_median_household_income_10k + acs_pct_bachelor_plus
UCMC,NO2,Q3,9.74493387838205,Death,2,23.5,0.17029077482609944,NO2 single-pollutant,age_10 + sex + race_ethnicity + charlson_score + index_year_f + acs_pct_poverty + acs_pct_unemployed + acs_pct_no_vehicle + acs_pct_nonwhite + acs_median_household_income_10k + acs_pct_bachelor_plus
UCMC,NO2,Q3,9.74493387838205,Death,2,23.75,0.1705894520965271,NO2 single-pollutant,age_10 + sex + race_ethnicity + charlson_score + index_year_f + acs_pct_poverty + acs_pct_unemployed + acs_pct_no_vehicle + acs_pct_nonwhite + acs_median_household_income_10k + acs_pct_bachelor_plus
UCMC,NO2,Q3,9.74493387838205,Death,2,24,0.17078858815316533,NO2 single-pollutant,age_10 + sex + race_ethnicity + charlson_score + index_year_f + acs_pct_poverty + acs_pct_unemployed + acs_pct_no_vehicle + acs_pct_nonwhite + acs_median_household_income_10k + acs_pct_bachelor_plus
UCMC,NO2,Q3,9.74493387838205,Death,2,24.25,0.17078858815316533,NO2 single-pollutant,age_10 + sex + race_ethnicity + charlson_score + index_year_f + acs_pct_poverty + acs_pct_unemployed + acs_pct_no_vehicle + acs_pct_nonwhite + acs_median_household_income_10k + acs_pct_bachelor_plus
UCMC,NO2,Q3,9.74493387838205,Death,2,24.5,0.1711869022463005,NO2 single-pollutant,age_10 + sex + race_ethnicity + charlson_score + index_year_f + acs_pct_poverty + acs_pct_unemployed + acs_pct_no_vehicle + acs_pct_nonwhite + acs_median_household_income_10k + acs_pct_bachelor_plus
UCMC,NO2,Q3,9.74493387838205,Death,2,24.75,0.17128648610193054,NO2 single-pollutant,age_10 + sex + race_ethnicity + charlson_score + index_year_f + acs_pct_poverty + acs_pct_unemployed + acs_pct_no_vehicle + acs_pct_nonwhite + acs_median_household_income_10k + acs_pct_bachelor_plus
UCMC,NO2,Q3,9.74493387838205,Death,2,25,0.17158525553186976,NO2 single-pollutant,age_10 + sex + race_ethnicity + charlson_score + index_year_f + acs_pct_poverty + acs_pct_unemployed + acs_pct_no_vehicle + acs_pct_nonwhite + acs_median_household_income_10k + acs_pct_bachelor_plus
UCMC,NO2,Q3,9.74493387838205,Death,2,25.25,0.17158525553186976,NO2 single-pollutant,age_10 + sex + race_ethnicity + charlson_score + index_year_f + acs_pct_poverty + acs_pct_unemployed + acs_pct_no_vehicle + acs_pct_nonwhite + acs_median_household_income_10k + acs_pct_bachelor_plus
UCMC,NO2,Q3,9.74493387838205,Death,2,25.5,0.1716848453924612,NO2 single-pollutant,age_10 + sex + race_ethnicity + charlson_score + index_year_f + acs_pct_poverty + acs_pct_unemployed + acs_pct_no_vehicle + acs_pct_nonwhite + acs_median_household_income_10k + acs_pct_bachelor_plus
UCMC,NO2,Q3,9.74493387838205,Death,2,25.75,0.17178443519212871,NO2 single-pollutant,age_10 + sex + race_ethnicity + charlson_score + index_year_f + acs_pct_poverty + acs_pct_unemployed + acs_pct_no_vehicle + acs_pct_nonwhite + acs_median_household_income_10k + acs_pct_bachelor_plus
UCMC,NO2,Q3,9.74493387838205,Death,2,26,0.17208322079274485,NO2 single-pollutant,age_10 + sex + race_ethnicity + charlson_score + index_year_f + acs_pct_poverty + acs_pct_unemployed + acs_pct_no_vehicle + acs_pct_nonwhite + acs_median_household_income_10k + acs_pct_bachelor_plus
UCMC,NO2,Q3,9.74493387838205,Death,2,26.25,0.17208322079274485,NO2 single-pollutant,age_10 + sex + race_ethnicity + charlson_score + index_year_f + acs_pct_poverty + acs_pct_unemployed + acs_pct_no_vehicle + acs_pct_nonwhite + acs_median_household_income_10k + acs_pct_bachelor_plus
UCMC,NO2,Q3,9.74493387838205,Death,2,26.5,0.1721828170658013,NO2 single-pollutant,age_10 + sex + race_ethnicity + charlson_score + index_year_f + acs_pct_poverty + acs_pct_unemployed + acs_pct_no_vehicle + acs_pct_nonwhite + acs_median_household_income_10k + acs_pct_bachelor_plus
UCMC,NO2,Q3,9.74493387838205,Death,2,26.75,0.172382014450723,NO2 single-pollutant,age_10 + sex + race_ethnicity + charlson_score + index_year_f + acs_pct_poverty + acs_pct_unemployed + acs_pct_no_vehicle + acs_pct_nonwhite + acs_median_household_income_10k + acs_pct_bachelor_plus
UCMC,NO2,Q3,9.74493387838205,Death,2,27,0.172382014450723,NO2 single-pollutant,age_10 + sex + race_ethnicity + charlson_score + index_year_f + acs_pct_poverty + acs_pct_unemployed + acs_pct_no_vehicle + acs_pct_nonwhite + acs_median_household_income_10k + acs_pct_bachelor_plus
UCMC,NO2,Q3,9.74493387838205,Death,2,27.25,0.17258123126147884,NO2 single-pollutant,age_10 + sex + race_ethnicity + charlson_score + index_year_f + acs_pct_poverty + acs_pct_unemployed + acs_pct_no_vehicle + acs_pct_nonwhite + acs_median_household_income_10k + acs_pct_bachelor_plus
UCMC,NO2,Q3,9.74493387838205,Death,2,27.5,0.17268083697898595,NO2 single-pollutant,age_10 + sex + race_ethnicity + charlson_score + index_year_f + acs_pct_poverty + acs_pct_unemployed + acs_pct_no_vehicle + acs_pct_nonwhite + acs_median_household_income_10k + acs_pct_bachelor_plus
UCMC,NO2,Q3,9.74493387838205,Death,2,27.75,0.17278044808197046,NO2 single-pollutant,age_10 + sex + race_ethnicity + charlson_score + index_year_f + acs_pct_poverty + acs_pct_unemployed + acs_pct_no_vehicle + acs_pct_nonwhite + acs_median_household_income_10k + acs_pct_bachelor_plus
UCMC,NO2,Q3,9.74493387838205,Death,2,28,0.17278044808197046,NO2 single-pollutant,age_10 + sex + race_ethnicity + charlson_score + index_year_f + acs_pct_poverty + acs_pct_unemployed + acs_pct_no_vehicle + acs_pct_nonwhite + acs_median_household_income_10k + acs_pct_bachelor_plus
UCMC,NO2,Q4,14.3724528312683,Death,2,0,0,NO2 single-pollutant,age_10 + sex + race_ethnicity + charlson_score + index_year_f + acs_pct_poverty + acs_pct_unemployed + acs_pct_no_vehicle + acs_pct_nonwhite + acs_median_household_income_10k + acs_pct_bachelor_plus
UCMC,NO2,Q4,14.3724528312683,Death,2,0.25,0.001392765630828352,NO2 single-pollutant,age_10 + sex + race_ethnicity + charlson_score + index_year_f + acs_pct_poverty + acs_pct_unemployed + acs_pct_no_vehicle + acs_pct_nonwhite + acs_median_household_income_10k + acs_pct_bachelor_plus
UCMC,NO2,Q4,14.3724528312683,Death,2,0.5,0.0045256882181838876,NO2 single-pollutant,age_10 + sex + race_ethnicity + charlson_score + index_year_f + acs_pct_poverty + acs_pct_unemployed + acs_pct_no_vehicle + acs_pct_nonwhite + acs_median_household_income_10k + acs_pct_bachelor_plus
UCMC,NO2,Q4,14.3724528312683,Death,2,0.75,0.008123040276609372,NO2 single-pollutant,age_10 + sex + race_ethnicity + charlson_score + index_year_f + acs_pct_poverty + acs_pct_unemployed + acs_pct_no_vehicle + acs_pct_nonwhite + acs_median_household_income_10k + acs_pct_bachelor_plus
UCMC,NO2,Q4,14.3724528312683,Death,2,1,0.012997806201043516,NO2 single-pollutant,age_10 + sex + race_ethnicity + charlson_score + index_year_f + acs_pct_poverty + acs_pct_unemployed + acs_pct_no_vehicle + acs_pct_nonwhite + acs_median_household_income_10k + acs_pct_bachelor_plus
UCMC,NO2,Q4,14.3724528312683,Death,2,1.25,0.02286501963363663,NO2 single-pollutant,age_10 + sex + race_ethnicity + charlson_score + index_year_f + acs_pct_poverty + acs_pct_unemployed + acs_pct_no_vehicle + acs_pct_nonwhite + acs_median_household_income_10k + acs_pct_bachelor_plus
UCMC,NO2,Q4,14.3724528312683,Death,2,1.5,0.03180268791783303,NO2 single-pollutant,age_10 + sex + race_ethnicity + charlson_score + index_year_f + acs_pct_poverty + acs_pct_unemployed + acs_pct_no_vehicle + acs_pct_nonwhite + acs_median_household_income_10k + acs_pct_bachelor_plus
UCMC,NO2,Q4,14.3724528312683,Death,2,1.75,0.039233309917691805,NO2 single-pollutant,age_10 + sex + race_ethnicity + charlson_score + index_year_f + acs_pct_poverty + acs_pct_unemployed + acs_pct_no_vehicle + acs_pct_nonwhite + acs_median_household_income_10k + acs_pct_bachelor_plus
UCMC,NO2,Q4,14.3724528312683,Death,2,2,0.046662275682175736,NO2 single-pollutant,age_10 + sex + race_ethnicity + charlson_score + index_year_f + acs_pct_poverty + acs_pct_unemployed + acs_pct_no_vehicle + acs_pct_nonwhite + acs_median_household_income_10k + acs_pct_bachelor_plus
UCMC,NO2,Q4,14.3724528312683,Death,2,2.25,0.05594823812748273,NO2 single-pollutant,age_10 + sex + race_ethnicity + charlson_score + index_year_f + acs_pct_poverty + acs_pct_unemployed + acs_pct_no_vehicle + acs_pct_nonwhite + acs_median_household_income_10k + acs_pct_bachelor_plus
UCMC,NO2,Q4,14.3724528312683,Death,2,2.5,0.0643021154900415,NO2 single-pollutant,age_10 + sex + race_ethnicity + charlson_score + index_year_f + acs_pct_poverty + acs_pct_unemployed + acs_pct_no_vehicle + acs_pct_nonwhite + acs_median_household_income_10k + acs_pct_bachelor_plus
UCMC,NO2,Q4,14.3724528312683,Death,2,2.75,0.07114828732633194,NO2 single-pollutant,age_10 + sex + race_ethnicity + charlson_score + index_year_f + acs_pct_poverty + acs_pct_unemployed + acs_pct_no_vehicle + acs_pct_nonwhite + acs_median_household_income_10k + acs_pct_bachelor_plus
UCMC,NO2,Q4,14.3724528312683,Death,2,3,0.07753318044549362,NO2 single-pollutant,age_10 + sex + race_ethnicity + charlson_score + index_year_f + acs_pct_poverty + acs_pct_unemployed + acs_pct_no_vehicle + acs_pct_nonwhite + acs_median_household_income_10k + acs_pct_bachelor_plus
UCMC,NO2,Q4,14.3724528312683,Death,2,3.25,0.08473746528839365,NO2 single-pollutant,age_10 + sex + race_ethnicity + charlson_score + index_year_f + acs_pct_poverty + acs_pct_unemployed + acs_pct_no_vehicle + acs_pct_nonwhite + acs_median_household_income_10k + acs_pct_bachelor_plus
UCMC,NO2,Q4,14.3724528312683,Death,2,3.5,0.08985233680177884,NO2 single-pollutant,age_10 + sex + race_ethnicity + charlson_score + index_year_f + acs_pct_poverty + acs_pct_unemployed + acs_pct_no_vehicle + acs_pct_nonwhite + acs_median_household_income_10k + acs_pct_bachelor_plus
UCMC,NO2,Q4,14.3724528312683,Death,2,3.75,0.09450289969341097,NO2 single-pollutant,age_10 + sex + race_ethnicity + charlson_score + index_year_f + acs_pct_poverty + acs_pct_unemployed + acs_pct_no_vehicle + acs_pct_nonwhite + acs_median_household_income_10k + acs_pct_bachelor_plus
UCMC,NO2,Q4,14.3724528312683,Death,2,4,0.10066454732639896,NO2 single-pollutant,age_10 + sex + race_ethnicity + charlson_score + index_year_f + acs_pct_poverty + acs_pct_unemployed + acs_pct_no_vehicle + acs_pct_nonwhite + acs_median_household_income_10k + acs_pct_bachelor_plus
UCMC,NO2,Q4,14.3724528312683,Death,2,4.25,0.1047315623048255,NO2 single-pollutant,age_10 + sex + race_ethnicity + charlson_score + index_year_f + acs_pct_poverty + acs_pct_unemployed + acs_pct_no_vehicle + acs_pct_nonwhite + acs_median_household_income_10k + acs_pct_bachelor_plus
UCMC,NO2,Q4,14.3724528312683,Death,2,4.5,0.10972707121360814,NO2 single-pollutant,age_10 + sex + race_ethnicity + charlson_score + index_year_f + acs_pct_poverty + acs_pct_unemployed + acs_pct_no_vehicle + acs_pct_nonwhite + acs_median_household_income_10k + acs_pct_bachelor_plus
UCMC,NO2,Q4,14.3724528312683,Death,2,4.75,0.11425917995552903,NO2 single-pollutant,age_10 + sex + race_ethnicity + charlson_score + index_year_f + acs_pct_poverty + acs_pct_unemployed + acs_pct_no_vehicle + acs_pct_nonwhite + acs_median_household_income_10k + acs_pct_bachelor_plus
UCMC,NO2,Q4,14.3724528312683,Death,2,5,0.11797898459565592,NO2 single-pollutant,age_10 + sex + race_ethnicity + charlson_score + index_year_f + acs_pct_poverty + acs_pct_unemployed + acs_pct_no_vehicle + acs_pct_nonwhite + acs_median_household_income_10k + acs_pct_bachelor_plus
UCMC,NO2,Q4,14.3724528312683,Death,2,5.25,0.12204738322289055,NO2 single-pollutant,age_10 + sex + race_ethnicity + charlson_score + index_year_f + acs_pct_poverty + acs_pct_unemployed + acs_pct_no_vehicle + acs_pct_nonwhite + acs_median_household_income_10k + acs_pct_bachelor_plus
UCMC,NO2,Q4,14.3724528312683,Death,2,5.5,0.12553507041245027,NO2 single-pollutant,age_10 + sex + race_ethnicity + charlson_score + index_year_f + acs_pct_poverty + acs_pct_unemployed + acs_pct_no_vehicle + acs_pct_nonwhite + acs_median_household_income_10k + acs_pct_bachelor_plus
UCMC,NO2,Q4,14.3724528312683,Death,2,5.75,0.1297220225023813,NO2 single-pollutant,age_10 + sex + race_ethnicity + charlson_score + index_year_f + acs_pct_poverty + acs_pct_unemployed + acs_pct_no_vehicle + acs_pct_nonwhite + acs_median_household_income_10k + acs_pct_bachelor_plus
UCMC,NO2,Q4,14.3724528312683,Death,2,6,0.13321110139945336,NO2 single-pollutant,age_10 + sex + race_ethnicity + charlson_score + index_year_f + acs_pct_poverty + acs_pct_unemployed + acs_pct_no_vehicle + acs_pct_nonwhite + acs_median_household_income_10k + acs_pct_bachelor_plus
UCMC,NO2,Q4,14.3724528312683,Death,2,6.25,0.13646760996221674,NO2 single-pollutant,age_10 + sex + race_ethnicity + charlson_score + index_year_f + acs_pct_poverty + acs_pct_unemployed + acs_pct_no_vehicle + acs_pct_nonwhite + acs_median_household_income_10k + acs_pct_bachelor_plus
UCMC,NO2,Q4,14.3724528312683,Death,2,6.5,0.1390261706684779,NO2 single-pollutant,age_10 + sex + race_ethnicity + charlson_score + index_year_f + acs_pct_poverty + acs_pct_unemployed + acs_pct_no_vehicle + acs_pct_nonwhite + acs_median_household_income_10k + acs_pct_bachelor_plus
UCMC,NO2,Q4,14.3724528312683,Death,2,6.75,0.141933333878409,NO2 single-pollutant,age_10 + sex + race_ethnicity + charlson_score + index_year_f + acs_pct_poverty + acs_pct_unemployed + acs_pct_no_vehicle + acs_pct_nonwhite + acs_median_household_income_10k + acs_pct_bachelor_plus
UCMC,NO2,Q4,14.3724528312683,Death,2,7,0.14460668427988066,NO2 single-pollutant,age_10 + sex + race_ethnicity + charlson_score + index_year_f + acs_pct_poverty + acs_pct_unemployed + acs_pct_no_vehicle + acs_pct_nonwhite + acs_median_household_income_10k + acs_pct_bachelor_plus
UCMC,NO2,Q4,14.3724528312683,Death,2,7.25,0.14704762013992811,NO2 single-pollutant,age_10 + sex + race_ethnicity + charlson_score + index_year_f + acs_pct_poverty + acs_pct_unemployed + acs_pct_no_vehicle + acs_pct_nonwhite + acs_median_household_income_10k + acs_pct_bachelor_plus
UCMC,NO2,Q4,14.3724528312683,Death,2,7.5,0.15111445377843646,NO2 single-pollutant,age_10 + sex + race_ethnicity + charlson_score + index_year_f + acs_pct_poverty + acs_pct_unemployed + acs_pct_no_vehicle + acs_pct_nonwhite + acs_median_household_income_10k + acs_pct_bachelor_plus
UCMC,NO2,Q4,14.3724528312683,Death,2,7.75,0.15285752621592363,NO2 single-pollutant,age_10 + sex + race_ethnicity + charlson_score + index_year_f + acs_pct_poverty + acs_pct_unemployed + acs_pct_no_vehicle + acs_pct_nonwhite + acs_median_household_income_10k + acs_pct_bachelor_plus
UCMC,NO2,Q4,14.3724528312683,Death,2,8,0.155181172716104,NO2 single-pollutant,age_10 + sex + race_ethnicity + charlson_score + index_year_f + acs_pct_poverty + acs_pct_unemployed + acs_pct_no_vehicle + acs_pct_nonwhite + acs_median_household_income_10k + acs_pct_bachelor_plus
UCMC,NO2,Q4,14.3724528312683,Death,2,8.25,0.1576199080971249,NO2 single-pollutant,age_10 + sex + race_ethnicity + charlson_score + index_year_f + acs_pct_poverty + acs_pct_unemployed + acs_pct_no_vehicle + acs_pct_nonwhite + acs_median_household_income_10k + acs_pct_bachelor_plus
UCMC,NO2,Q4,14.3724528312683,Death,2,8.5,0.15936187618772957,NO2 single-pollutant,age_10 + sex + race_ethnicity + charlson_score + index_year_f + acs_pct_poverty + acs_pct_unemployed + acs_pct_no_vehicle + acs_pct_nonwhite + acs_median_household_income_10k + acs_pct_bachelor_plus
UCMC,NO2,Q4,14.3724528312683,Death,2,8.75,0.16098768673603547,NO2 single-pollutant,age_10 + sex + race_ethnicity + charlson_score + index_year_f + acs_pct_poverty + acs_pct_unemployed + acs_pct_no_vehicle + acs_pct_nonwhite + acs_median_household_income_10k + acs_pct_bachelor_plus
UCMC,NO2,Q4,14.3724528312683,Death,2,9,0.16330948702643067,NO2 single-pollutant,age_10 + sex + race_ethnicity + charlson_score + index_year_f + acs_pct_poverty + acs_pct_unemployed + acs_pct_no_vehicle + acs_pct_nonwhite + acs_median_household_income_10k + acs_pct_bachelor_plus
UCMC,NO2,Q4,14.3724528312683,Death,2,9.25,0.16505081459819948,NO2 single-pollutant,age_10 + sex + race_ethnicity + charlson_score + index_year_f + acs_pct_poverty + acs_pct_unemployed + acs_pct_no_vehicle + acs_pct_nonwhite + acs_median_household_income_10k + acs_pct_bachelor_plus
UCMC,NO2,Q4,14.3724528312683,Death,2,9.5,0.16667598601251987,NO2 single-pollutant,age_10 + sex + race_ethnicity + charlson_score + index_year_f + acs_pct_poverty + acs_pct_unemployed + acs_pct_no_vehicle + acs_pct_nonwhite + acs_median_household_income_10k + acs_pct_bachelor_plus
UCMC,NO2,Q4,14.3724528312683,Death,2,9.75,0.16772073603966486,NO2 single-pollutant,age_10 + sex + race_ethnicity + charlson_score + index_year_f + acs_pct_poverty + acs_pct_unemployed + acs_pct_no_vehicle + acs_pct_nonwhite + acs_median_household_income_10k + acs_pct_bachelor_plus
UCMC,NO2,Q4,14.3724528312683,Death,2,10,0.16934606641065297,NO2 single-pollutant,age_10 + sex + race_ethnicity + charlson_score + index_year_f + acs_pct_poverty + acs_pct_unemployed + acs_pct_no_vehicle + acs_pct_nonwhite + acs_median_household_income_10k + acs_pct_bachelor_plus
UCMC,NO2,Q4,14.3724528312683,Death,2,10.25,0.17108755847905033,NO2 single-pollutant,age_10 + sex + race_ethnicity + charlson_score + index_year_f + acs_pct_poverty + acs_pct_unemployed + acs_pct_no_vehicle + acs_pct_nonwhite + acs_median_household_income_10k + acs_pct_bachelor_plus
UCMC,NO2,Q4,14.3724528312683,Death,2,10.5,0.17259684336478798,NO2 single-pollutant,age_10 + sex + race_ethnicity + charlson_score + index_year_f + acs_pct_poverty + acs_pct_unemployed + acs_pct_no_vehicle + acs_pct_nonwhite + acs_median_household_income_10k + acs_pct_bachelor_plus
UCMC,NO2,Q4,14.3724528312683,Death,2,10.75,0.17364152874314132,NO2 single-pollutant,age_10 + sex + race_ethnicity + charlson_score + index_year_f + acs_pct_poverty + acs_pct_unemployed + acs_pct_no_vehicle + acs_pct_nonwhite + acs_median_household_income_10k + acs_pct_bachelor_plus
UCMC,NO2,Q4,14.3724528312683,Death,2,11,0.1750343329431625,NO2 single-pollutant,age_10 + sex + race_ethnicity + charlson_score + index_year_f + acs_pct_poverty + acs_pct_unemployed + acs_pct_no_vehicle + acs_pct_nonwhite + acs_median_household_income_10k + acs_pct_bachelor_plus
UCMC,NO2,Q4,14.3724528312683,Death,2,11.25,0.17631127216427456,NO2 single-pollutant,age_10 + sex + race_ethnicity + charlson_score + index_year_f + acs_pct_poverty + acs_pct_unemployed + acs_pct_no_vehicle + acs_pct_nonwhite + acs_median_household_income_10k + acs_pct_bachelor_plus
UCMC,NO2,Q4,14.3724528312683,Death,2,11.5,0.1772399534287732,NO2 single-pollutant,age_10 + sex + race_ethnicity + charlson_score + index_year_f + acs_pct_poverty + acs_pct_unemployed + acs_pct_no_vehicle + acs_pct_nonwhite + acs_median_household_income_10k + acs_pct_bachelor_plus
UCMC,NO2,Q4,14.3724528312683,Death,2,11.75,0.17863311554719996,NO2 single-pollutant,age_10 + sex + race_ethnicity + charlson_score + index_year_f + acs_pct_poverty + acs_pct_unemployed + acs_pct_no_vehicle + acs_pct_nonwhite + acs_median_household_income_10k + acs_pct_bachelor_plus
UCMC,NO2,Q4,14.3724528312683,Death,2,12,0.17956193188155856,NO2 single-pollutant,age_10 + sex + race_ethnicity + charlson_score + index_year_f + acs_pct_poverty + acs_pct_unemployed + acs_pct_no_vehicle + acs_pct_nonwhite + acs_median_household_income_10k + acs_pct_bachelor_plus
UCMC,NO2,Q4,14.3724528312683,Death,2,12.25,0.18107201005048346,NO2 single-pollutant,age_10 + sex + race_ethnicity + charlson_score + index_year_f + acs_pct_poverty + acs_pct_unemployed + acs_pct_no_vehicle + acs_pct_nonwhite + acs_median_household_income_10k + acs_pct_bachelor_plus
UCMC,NO2,Q4,14.3724528312683,Death,2,12.5,0.18176896527965847,NO2 single-pollutant,age_10 + sex + race_ethnicity + charlson_score + index_year_f + acs_pct_poverty + acs_pct_unemployed + acs_pct_no_vehicle + acs_pct_nonwhite + acs_median_household_income_10k + acs_pct_bachelor_plus
UCMC,NO2,Q4,14.3724528312683,Death,2,12.75,0.182465915598101,NO2 single-pollutant,age_10 + sex + race_ethnicity + charlson_score + index_year_f + acs_pct_poverty + acs_pct_unemployed + acs_pct_no_vehicle + acs_pct_nonwhite + acs_median_household_income_10k + acs_pct_bachelor_plus
UCMC,NO2,Q4,14.3724528312683,Death,2,13,0.18385970262033402,NO2 single-pollutant,age_10 + sex + race_ethnicity + charlson_score + index_year_f + acs_pct_poverty + acs_pct_unemployed + acs_pct_no_vehicle + acs_pct_nonwhite + acs_median_household_income_10k + acs_pct_bachelor_plus
UCMC,NO2,Q4,14.3724528312683,Death,2,13.25,0.18490494160862259,NO2 single-pollutant,age_10 + sex + race_ethnicity + charlson_score + index_year_f + acs_pct_poverty + acs_pct_unemployed + acs_pct_no_vehicle + acs_pct_nonwhite + acs_median_household_income_10k + acs_pct_bachelor_plus
UCMC,NO2,Q4,14.3724528312683,Death,2,13.5,0.18536943233174363,NO2 single-pollutant,age_10 + sex + race_ethnicity + charlson_score + index_year_f + acs_pct_poverty + acs_pct_unemployed + acs_pct_no_vehicle + acs_pct_nonwhite + acs_median_household_income_10k + acs_pct_bachelor_plus
UCMC,NO2,Q4,14.3724528312683,Death,2,13.75,0.1858339552642957,NO2 single-pollutant,age_10 + sex + race_ethnicity + charlson_score + index_year_f + acs_pct_poverty + acs_pct_unemployed + acs_pct_no_vehicle + acs_pct_nonwhite + acs_median_household_income_10k + acs_pct_bachelor_plus
UCMC,NO2,Q4,14.3724528312683,Death,2,14,0.18629842762504534,NO2 single-pollutant,age_10 + sex + race_ethnicity + charlson_score + index_year_f + acs_pct_poverty + acs_pct_unemployed + acs_pct_no_vehicle + acs_pct_nonwhite + acs_median_household_income_10k + acs_pct_bachelor_plus
UCMC,NO2,Q4,14.3724528312683,Death,2,14.25,0.187111199161481,NO2 single-pollutant,age_10 + sex + race_ethnicity + charlson_score + index_year_f + acs_pct_poverty + acs_pct_unemployed + acs_pct_no_vehicle + acs_pct_nonwhite + acs_median_household_income_10k + acs_pct_bachelor_plus
UCMC,NO2,Q4,14.3724528312683,Death,2,14.5,0.18827224442660861,NO2 single-pollutant,age_10 + sex + race_ethnicity + charlson_score + index_year_f + acs_pct_poverty + acs_pct_unemployed + acs_pct_no_vehicle + acs_pct_nonwhite + acs_median_household_income_10k + acs_pct_bachelor_plus
UCMC,NO2,Q4,14.3724528312683,Death,2,14.75,0.18908485563439714,NO2 single-pollutant,age_10 + sex + race_ethnicity + charlson_score + index_year_f + acs_pct_poverty + acs_pct_unemployed + acs_pct_no_vehicle + acs_pct_nonwhite + acs_median_household_income_10k + acs_pct_bachelor_plus
UCMC,NO2,Q4,14.3724528312683,Death,2,15,0.18954917352143608,NO2 single-pollutant,age_10 + sex + race_ethnicity + charlson_score + index_year_f + acs_pct_poverty + acs_pct_unemployed + acs_pct_no_vehicle + acs_pct_nonwhite + acs_median_household_income_10k + acs_pct_bachelor_plus
UCMC,NO2,Q4,14.3724528312683,Death,2,15.25,0.19001350842920273,NO2 single-pollutant,age_10 + sex + race_ethnicity + charlson_score + index_year_f + acs_pct_poverty + acs_pct_unemployed + acs_pct_no_vehicle + acs_pct_nonwhite + acs_median_household_income_10k + acs_pct_bachelor_plus
UCMC,NO2,Q4,14.3724528312683,Death,2,15.5,0.19047783872361745,NO2 single-pollutant,age_10 + sex + race_ethnicity + charlson_score + index_year_f + acs_pct_poverty + acs_pct_unemployed + acs_pct_no_vehicle + acs_pct_nonwhite + acs_median_household_income_10k + acs_pct_bachelor_plus
UCMC,NO2,Q4,14.3724528312683,Death,2,15.75,0.19140654068026142,NO2 single-pollutant,age_10 + sex + race_ethnicity + charlson_score + index_year_f + acs_pct_poverty + acs_pct_unemployed + acs_pct_no_vehicle + acs_pct_nonwhite + acs_median_household_income_10k + acs_pct_bachelor_plus
UCMC,NO2,Q4,14.3724528312683,Death,2,16,0.19198698106433432,NO2 single-pollutant,age_10 + sex + race_ethnicity + charlson_score + index_year_f + acs_pct_poverty + acs_pct_unemployed + acs_pct_no_vehicle + acs_pct_nonwhite + acs_median_household_income_10k + acs_pct_bachelor_plus
UCMC,NO2,Q4,14.3724528312683,Death,2,16.25,0.1926835200521625,NO2 single-pollutant,age_10 + sex + race_ethnicity + charlson_score + index_year_f + acs_pct_poverty + acs_pct_unemployed + acs_pct_no_vehicle + acs_pct_nonwhite + acs_median_household_income_10k + acs_pct_bachelor_plus
UCMC,NO2,Q4,14.3724528312683,Death,2,16.5,0.1931478751951864,NO2 single-pollutant,age_10 + sex + race_ethnicity + charlson_score + index_year_f + acs_pct_poverty + acs_pct_unemployed + acs_pct_no_vehicle + acs_pct_nonwhite + acs_median_household_income_10k + acs_pct_bachelor_plus
UCMC,NO2,Q4,14.3724528312683,Death,2,16.75,0.1937283623147521,NO2 single-pollutant,age_10 + sex + race_ethnicity + charlson_score + index_year_f + acs_pct_poverty + acs_pct_unemployed + acs_pct_no_vehicle + acs_pct_nonwhite + acs_median_household_income_10k + acs_pct_bachelor_plus
UCMC,NO2,Q4,14.3724528312683,Death,2,17,0.19407662800972236,NO2 single-pollutant,age_10 + sex + race_ethnicity + charlson_score + index_year_f + acs_pct_poverty + acs_pct_unemployed + acs_pct_no_vehicle + acs_pct_nonwhite + acs_median_household_income_10k + acs_pct_bachelor_plus
UCMC,NO2,Q4,14.3724528312683,Death,2,17.25,0.1947731074552228,NO2 single-pollutant,age_10 + sex + race_ethnicity + charlson_score + index_year_f + acs_pct_poverty + acs_pct_unemployed + acs_pct_no_vehicle + acs_pct_nonwhite + acs_median_household_income_10k + acs_pct_bachelor_plus
UCMC,NO2,Q4,14.3724528312683,Death,2,17.5,0.19535356247350055,NO2 single-pollutant,age_10 + sex + race_ethnicity + charlson_score + index_year_f + acs_pct_poverty + acs_pct_unemployed + acs_pct_no_vehicle + acs_pct_nonwhite + acs_median_household_income_10k + acs_pct_bachelor_plus
UCMC,NO2,Q4,14.3724528312683,Death,2,17.75,0.1958179236224996,NO2 single-pollutant,age_10 + sex + race_ethnicity + charlson_score + index_year_f + acs_pct_poverty + acs_pct_unemployed + acs_pct_no_vehicle + acs_pct_nonwhite + acs_median_household_income_10k + acs_pct_bachelor_plus
UCMC,NO2,Q4,14.3724528312683,Death,2,18,0.19605009730720568,NO2 single-pollutant,age_10 + sex + race_ethnicity + charlson_score + index_year_f + acs_pct_poverty + acs_pct_unemployed + acs_pct_no_vehicle + acs_pct_nonwhite + acs_median_household_income_10k + acs_pct_bachelor_plus
UCMC,NO2,Q4,14.3724528312683,Death,2,18.25,0.19663045843482052,NO2 single-pollutant,age_10 + sex + race_ethnicity + charlson_score + index_year_f + acs_pct_poverty + acs_pct_unemployed + acs_pct_no_vehicle + acs_pct_nonwhite + acs_median_household_income_10k + acs_pct_bachelor_plus
UCMC,NO2,Q4,14.3724528312683,Death,2,18.5,0.19697862904263108,NO2 single-pollutant,age_10 + sex + race_ethnicity + charlson_score + index_year_f + acs_pct_poverty + acs_pct_unemployed + acs_pct_no_vehicle + acs_pct_nonwhite + acs_median_household_income_10k + acs_pct_bachelor_plus
UCMC,NO2,Q4,14.3724528312683,Death,2,18.75,0.19732679159823208,NO2 single-pollutant,age_10 + sex + race_ethnicity + charlson_score + index_year_f + acs_pct_poverty + acs_pct_unemployed + acs_pct_no_vehicle + acs_pct_nonwhite + acs_median_household_income_10k + acs_pct_bachelor_plus
UCMC,NO2,Q4,14.3724528312683,Death,2,19,0.19779096529385742,NO2 single-pollutant,age_10 + sex + race_ethnicity + charlson_score + index_year_f + acs_pct_poverty + acs_pct_unemployed + acs_pct_no_vehicle + acs_pct_nonwhite + acs_median_household_income_10k + acs_pct_bachelor_plus
UCMC,NO2,Q4,14.3724528312683,Death,2,19.25,0.19848712531338186,NO2 single-pollutant,age_10 + sex + race_ethnicity + charlson_score + index_year_f + acs_pct_poverty + acs_pct_unemployed + acs_pct_no_vehicle + acs_pct_nonwhite + acs_median_household_income_10k + acs_pct_bachelor_plus
UCMC,NO2,Q4,14.3724528312683,Death,2,19.5,0.19883516674278034,NO2 single-pollutant,age_10 + sex + race_ethnicity + charlson_score + index_year_f + acs_pct_poverty + acs_pct_unemployed + acs_pct_no_vehicle + acs_pct_nonwhite + acs_median_household_income_10k + acs_pct_bachelor_plus
UCMC,NO2,Q4,14.3724528312683,Death,2,19.75,0.1992991571512316,NO2 single-pollutant,age_10 + sex + race_ethnicity + charlson_score + index_year_f + acs_pct_poverty + acs_pct_unemployed + acs_pct_no_vehicle + acs_pct_nonwhite + acs_median_household_income_10k + acs_pct_bachelor_plus
UCMC,NO2,Q4,14.3724528312683,Death,2,20,0.19953115173013947,NO2 single-pollutant,age_10 + sex + race_ethnicity + charlson_score + index_year_f + acs_pct_poverty + acs_pct_unemployed + acs_pct_no_vehicle + acs_pct_nonwhite + acs_median_household_income_10k + acs_pct_bachelor_plus
UCMC,NO2,Q4,14.3724528312683,Death,2,20.25,0.1997631451588603,NO2 single-pollutant,age_10 + sex + race_ethnicity + charlson_score + index_year_f + acs_pct_poverty + acs_pct_unemployed + acs_pct_no_vehicle + acs_pct_nonwhite + acs_median_household_income_10k + acs_pct_bachelor_plus
UCMC,NO2,Q4,14.3724528312683,Death,2,20.5,0.19999513314244366,NO2 single-pollutant,age_10 + sex + race_ethnicity + charlson_score + index_year_f + acs_pct_poverty + acs_pct_unemployed + acs_pct_no_vehicle + acs_pct_nonwhite + acs_median_household_income_10k + acs_pct_bachelor_plus
UCMC,NO2,Q4,14.3724528312683,Death,2,20.75,0.20045913415556382,NO2 single-pollutant,age_10 + sex + race_ethnicity + charlson_score + index_year_f + acs_pct_poverty + acs_pct_unemployed + acs_pct_no_vehicle + acs_pct_nonwhite + acs_median_household_income_10k + acs_pct_bachelor_plus
UCMC,NO2,Q4,14.3724528312683,Death,2,21,0.2009232026067881,NO2 single-pollutant,age_10 + sex + race_ethnicity + charlson_score + index_year_f + acs_pct_poverty + acs_pct_unemployed + acs_pct_no_vehicle + acs_pct_nonwhite + acs_median_household_income_10k + acs_pct_bachelor_plus
UCMC,NO2,Q4,14.3724528312683,Death,2,21.25,0.2009232026067881,NO2 single-pollutant,age_10 + sex + race_ethnicity + charlson_score + index_year_f + acs_pct_poverty + acs_pct_unemployed + acs_pct_no_vehicle + acs_pct_nonwhite + acs_median_household_income_10k + acs_pct_bachelor_plus
UCMC,NO2,Q4,14.3724528312683,Death,2,21.5,0.2015032944338787,NO2 single-pollutant,age_10 + sex + race_ethnicity + charlson_score + index_year_f + acs_pct_poverty + acs_pct_unemployed + acs_pct_no_vehicle + acs_pct_nonwhite + acs_median_household_income_10k + acs_pct_bachelor_plus
UCMC,NO2,Q4,14.3724528312683,Death,2,21.75,0.20161929991454153,NO2 single-pollutant,age_10 + sex + race_ethnicity + charlson_score + index_year_f + acs_pct_poverty + acs_pct_unemployed + acs_pct_no_vehicle + acs_pct_nonwhite + acs_median_household_income_10k + acs_pct_bachelor_plus
UCMC,NO2,Q4,14.3724528312683,Death,2,22,0.20173530052880395,NO2 single-pollutant,age_10 + sex + race_ethnicity + charlson_score + index_year_f + acs_pct_poverty + acs_pct_unemployed + acs_pct_no_vehicle + acs_pct_nonwhite + acs_median_household_income_10k + acs_pct_bachelor_plus
UCMC,NO2,Q4,14.3724528312683,Death,2,22.25,0.20173530052880395,NO2 single-pollutant,age_10 + sex + race_ethnicity + charlson_score + index_year_f + acs_pct_poverty + acs_pct_unemployed + acs_pct_no_vehicle + acs_pct_nonwhite + acs_median_household_income_10k + acs_pct_bachelor_plus
UCMC,NO2,Q4,14.3724528312683,Death,2,22.5,0.20185129146395864,NO2 single-pollutant,age_10 + sex + race_ethnicity + charlson_score + index_year_f + acs_pct_poverty + acs_pct_unemployed + acs_pct_no_vehicle + acs_pct_nonwhite + acs_median_household_income_10k + acs_pct_bachelor_plus
UCMC,NO2,Q4,14.3724528312683,Death,2,22.75,0.20208329219141463,NO2 single-pollutant,age_10 + sex + race_ethnicity + charlson_score + index_year_f + acs_pct_poverty + acs_pct_unemployed + acs_pct_no_vehicle + acs_pct_nonwhite + acs_median_household_income_10k + acs_pct_bachelor_plus
UCMC,NO2,Q4,14.3724528312683,Death,2,23,0.20231530606738046,NO2 single-pollutant,age_10 + sex + race_ethnicity + charlson_score + index_year_f + acs_pct_poverty + acs_pct_unemployed + acs_pct_no_vehicle + acs_pct_nonwhite + acs_median_household_income_10k + acs_pct_bachelor_plus
UCMC,NO2,Q4,14.3724528312683,Death,2,23.25,0.20231530606738046,NO2 single-pollutant,age_10 + sex + race_ethnicity + charlson_score + index_year_f + acs_pct_poverty + acs_pct_unemployed + acs_pct_no_vehicle + acs_pct_nonwhite + acs_median_household_income_10k + acs_pct_bachelor_plus
UCMC,NO2,Q4,14.3724528312683,Death,2,23.5,0.20254732019086452,NO2 single-pollutant,age_10 + sex + race_ethnicity + charlson_score + index_year_f + acs_pct_poverty + acs_pct_unemployed + acs_pct_no_vehicle + acs_pct_nonwhite + acs_median_household_income_10k + acs_pct_bachelor_plus
UCMC,NO2,Q4,14.3724528312683,Death,2,23.75,0.20289534828893685,NO2 single-pollutant,age_10 + sex + race_ethnicity + charlson_score + index_year_f + acs_pct_poverty + acs_pct_unemployed + acs_pct_no_vehicle + acs_pct_nonwhite + acs_median_household_income_10k + acs_pct_bachelor_plus
UCMC,NO2,Q4,14.3724528312683,Death,2,24,0.2031273730608394,NO2 single-pollutant,age_10 + sex + race_ethnicity + charlson_score + index_year_f + acs_pct_poverty + acs_pct_unemployed + acs_pct_no_vehicle + acs_pct_nonwhite + acs_median_household_income_10k + acs_pct_bachelor_plus
UCMC,NO2,Q4,14.3724528312683,Death,2,24.25,0.2031273730608394,NO2 single-pollutant,age_10 + sex + race_ethnicity + charlson_score + index_year_f + acs_pct_poverty + acs_pct_unemployed + acs_pct_no_vehicle + acs_pct_nonwhite + acs_median_household_income_10k + acs_pct_bachelor_plus
UCMC,NO2,Q4,14.3724528312683,Death,2,24.5,0.20359143600299257,NO2 single-pollutant,age_10 + sex + race_ethnicity + charlson_score + index_year_f + acs_pct_poverty + acs_pct_unemployed + acs_pct_no_vehicle + acs_pct_nonwhite + acs_median_household_income_10k + acs_pct_bachelor_plus
UCMC,NO2,Q4,14.3724528312683,Death,2,24.75,0.20370745054979478,NO2 single-pollutant,age_10 + sex + race_ethnicity + charlson_score + index_year_f + acs_pct_poverty + acs_pct_unemployed + acs_pct_no_vehicle + acs_pct_nonwhite + acs_median_household_income_10k + acs_pct_bachelor_plus
UCMC,NO2,Q4,14.3724528312683,Death,2,25,0.20405549723036054,NO2 single-pollutant,age_10 + sex + race_ethnicity + charlson_score + index_year_f + acs_pct_poverty + acs_pct_unemployed + acs_pct_no_vehicle + acs_pct_nonwhite + acs_median_household_income_10k + acs_pct_bachelor_plus
UCMC,NO2,Q4,14.3724528312683,Death,2,25.25,0.20405549723036054,NO2 single-pollutant,age_10 + sex + race_ethnicity + charlson_score + index_year_f + acs_pct_poverty + acs_pct_unemployed + acs_pct_no_vehicle + acs_pct_nonwhite + acs_median_household_income_10k + acs_pct_bachelor_plus
UCMC,NO2,Q4,14.3724528312683,Death,2,25.5,0.20417150692508879,NO2 single-pollutant,age_10 + sex + race_ethnicity + charlson_score + index_year_f + acs_pct_poverty + acs_pct_unemployed + acs_pct_no_vehicle + acs_pct_nonwhite + acs_median_household_income_10k + acs_pct_bachelor_plus
UCMC,NO2,Q4,14.3724528312683,Death,2,25.75,0.2042875135861726,NO2 single-pollutant,age_10 + sex + race_ethnicity + charlson_score + index_year_f + acs_pct_poverty + acs_pct_unemployed + acs_pct_no_vehicle + acs_pct_nonwhite + acs_median_household_income_10k + acs_pct_bachelor_plus
UCMC,NO2,Q4,14.3724528312683,Death,2,26,0.2046355346612473,NO2 single-pollutant,age_10 + sex + race_ethnicity + charlson_score + index_year_f + acs_pct_poverty + acs_pct_unemployed + acs_pct_no_vehicle + acs_pct_nonwhite + acs_median_household_income_10k + acs_pct_bachelor_plus
UCMC,NO2,Q4,14.3724528312683,Death,2,26.25,0.2046355346612473,NO2 single-pollutant,age_10 + sex + race_ethnicity + charlson_score + index_year_f + acs_pct_poverty + acs_pct_unemployed + acs_pct_no_vehicle + acs_pct_nonwhite + acs_median_household_income_10k + acs_pct_bachelor_plus
UCMC,NO2,Q4,14.3724528312683,Death,2,26.5,0.2047515370079701,NO2 single-pollutant,age_10 + sex + race_ethnicity + charlson_score + index_year_f + acs_pct_poverty + acs_pct_unemployed + acs_pct_no_vehicle + acs_pct_nonwhite + acs_median_household_income_10k + acs_pct_bachelor_plus
UCMC,NO2,Q4,14.3724528312683,Death,2,26.75,0.2049835384432689,NO2 single-pollutant,age_10 + sex + race_ethnicity + charlson_score + index_year_f + acs_pct_poverty + acs_pct_unemployed + acs_pct_no_vehicle + acs_pct_nonwhite + acs_median_household_income_10k + acs_pct_bachelor_plus
UCMC,NO2,Q4,14.3724528312683,Death,2,27,0.2049835384432689,NO2 single-pollutant,age_10 + sex + race_ethnicity + charlson_score + index_year_f + acs_pct_poverty + acs_pct_unemployed + acs_pct_no_vehicle + acs_pct_nonwhite + acs_median_household_income_10k + acs_pct_bachelor_plus
UCMC,NO2,Q4,14.3724528312683,Death,2,27.25,0.20521555064105623,NO2 single-pollutant,age_10 + sex + race_ethnicity + charlson_score + index_year_f + acs_pct_poverty + acs_pct_unemployed + acs_pct_no_vehicle + acs_pct_nonwhite + acs_median_household_income_10k + acs_pct_bachelor_plus
UCMC,NO2,Q4,14.3724528312683,Death,2,27.5,0.2053315491604326,NO2 single-pollutant,age_10 + sex + race_ethnicity + charlson_score + index_year_f + acs_pct_poverty + acs_pct_unemployed + acs_pct_no_vehicle + acs_pct_nonwhite + acs_median_household_income_10k + acs_pct_bachelor_plus
UCMC,NO2,Q4,14.3724528312683,Death,2,27.75,0.2054475509849395,NO2 single-pollutant,age_10 + sex + race_ethnicity + charlson_score + index_year_f + acs_pct_poverty + acs_pct_unemployed + acs_pct_no_vehicle + acs_pct_nonwhite + acs_median_household_income_10k + acs_pct_bachelor_plus
UCMC,NO2,Q4,14.3724528312683,Death,2,28,0.2054475509849395,NO2 single-pollutant,age_10 + sex + race_ethnicity + charlson_score + index_year_f + acs_pct_poverty + acs_pct_unemployed + acs_pct_no_vehicle + acs_pct_nonwhite + acs_median_household_income_10k + acs_pct_bachelor_plus
UCMC,NO2,Q1,5.304929783666767,Persistent RF,3,0,0,NO2 single-pollutant,age_10 + sex + race_ethnicity + charlson_score + index_year_f + acs_pct_poverty + acs_pct_unemployed + acs_pct_no_vehicle + acs_pct_nonwhite + acs_median_household_income_10k + acs_pct_bachelor_plus
UCMC,NO2,Q1,5.304929783666767,Persistent RF,3,0.25,1.028115621710679e-4,NO2 single-pollutant,age_10 + sex + race_ethnicity + charlson_score + index_year_f + acs_pct_poverty + acs_pct_unemployed + acs_pct_no_vehicle + acs_pct_nonwhite + acs_median_household_income_10k + acs_pct_bachelor_plus
UCMC,NO2,Q1,5.304929783666767,Persistent RF,3,0.5,3.084330011169367e-4,NO2 single-pollutant,age_10 + sex + race_ethnicity + charlson_score + index_year_f + acs_pct_poverty + acs_pct_unemployed + acs_pct_no_vehicle + acs_pct_nonwhite + acs_median_household_income_10k + acs_pct_bachelor_plus
UCMC,NO2,Q1,5.304929783666767,Persistent RF,3,0.75,7.19679361481429e-4,NO2 single-pollutant,age_10 + sex + race_ethnicity + charlson_score + index_year_f + acs_pct_poverty + acs_pct_unemployed + acs_pct_no_vehicle + acs_pct_nonwhite + acs_median_household_income_10k + acs_pct_bachelor_plus
UCMC,NO2,Q1,5.304929783666767,Persistent RF,3,1,0.0015421823099983634,NO2 single-pollutant,age_10 + sex + race_ethnicity + charlson_score + index_year_f + acs_pct_poverty + acs_pct_unemployed + acs_pct_no_vehicle + acs_pct_nonwhite + acs_median_household_income_10k + acs_pct_bachelor_plus
UCMC,NO2,Q1,5.304929783666767,Persistent RF,3,1.25,0.014184833593627655,NO2 single-pollutant,age_10 + sex + race_ethnicity + charlson_score + index_year_f + acs_pct_poverty + acs_pct_unemployed + acs_pct_no_vehicle + acs_pct_nonwhite + acs_median_household_income_10k + acs_pct_bachelor_plus
UCMC,NO2,Q1,5.304929783666767,Persistent RF,3,1.5,0.04706364921818773,NO2 single-pollutant,age_10 + sex + race_ethnicity + charlson_score + index_year_f + acs_pct_poverty + acs_pct_unemployed + acs_pct_no_vehicle + acs_pct_nonwhite + acs_median_household_income_10k + acs_pct_bachelor_plus
UCMC,NO2,Q1,5.304929783666767,Persistent RF,3,1.75,0.06710022127721793,NO2 single-pollutant,age_10 + sex + race_ethnicity + charlson_score + index_year_f + acs_pct_poverty + acs_pct_unemployed + acs_pct_no_vehicle + acs_pct_nonwhite + acs_median_household_income_10k + acs_pct_bachelor_plus
UCMC,NO2,Q1,5.304929783666767,Persistent RF,3,2,0.09424244808408577,NO2 single-pollutant,age_10 + sex + race_ethnicity + charlson_score + index_year_f + acs_pct_poverty + acs_pct_unemployed + acs_pct_no_vehicle + acs_pct_nonwhite + acs_median_household_income_10k + acs_pct_bachelor_plus
UCMC,NO2,Q1,5.304929783666767,Persistent RF,3,2.25,0.1369046156049888,NO2 single-pollutant,age_10 + sex + race_ethnicity + charlson_score + index_year_f + acs_pct_poverty + acs_pct_unemployed + acs_pct_no_vehicle + acs_pct_nonwhite + acs_median_household_income_10k + acs_pct_bachelor_plus
UCMC,NO2,Q1,5.304929783666767,Persistent RF,3,2.5,0.16804650118513764,NO2 single-pollutant,age_10 + sex + race_ethnicity + charlson_score + index_year_f + acs_pct_poverty + acs_pct_unemployed + acs_pct_no_vehicle + acs_pct_nonwhite + acs_median_household_income_10k + acs_pct_bachelor_plus
UCMC,NO2,Q1,5.304929783666767,Persistent RF,3,2.75,0.1820237906230293,NO2 single-pollutant,age_10 + sex + race_ethnicity + charlson_score + index_year_f + acs_pct_poverty + acs_pct_unemployed + acs_pct_no_vehicle + acs_pct_nonwhite + acs_median_household_income_10k + acs_pct_bachelor_plus
UCMC,NO2,Q1,5.304929783666767,Persistent RF,3,3,0.1947728788234535,NO2 single-pollutant,age_10 + sex + race_ethnicity + charlson_score + index_year_f + acs_pct_poverty + acs_pct_unemployed + acs_pct_no_vehicle + acs_pct_nonwhite + acs_median_household_income_10k + acs_pct_bachelor_plus
UCMC,NO2,Q1,5.304929783666767,Persistent RF,3,3.25,0.20732386350552867,NO2 single-pollutant,age_10 + sex + race_ethnicity + charlson_score + index_year_f + acs_pct_poverty + acs_pct_unemployed + acs_pct_no_vehicle + acs_pct_nonwhite + acs_median_household_income_10k + acs_pct_bachelor_plus
UCMC,NO2,Q1,5.304929783666767,Persistent RF,3,3.5,0.21843863528869933,NO2 single-pollutant,age_10 + sex + race_ethnicity + charlson_score + index_year_f + acs_pct_poverty + acs_pct_unemployed + acs_pct_no_vehicle + acs_pct_nonwhite + acs_median_household_income_10k + acs_pct_bachelor_plus
UCMC,NO2,Q1,5.304929783666767,Persistent RF,3,3.75,0.22430742521782698,NO2 single-pollutant,age_10 + sex + race_ethnicity + charlson_score + index_year_f + acs_pct_poverty + acs_pct_unemployed + acs_pct_no_vehicle + acs_pct_nonwhite + acs_median_household_income_10k + acs_pct_bachelor_plus
UCMC,NO2,Q1,5.304929783666767,Persistent RF,3,4,0.2305894808261475,NO2 single-pollutant,age_10 + sex + race_ethnicity + charlson_score + index_year_f + acs_pct_poverty + acs_pct_unemployed + acs_pct_no_vehicle + acs_pct_nonwhite + acs_median_household_income_10k + acs_pct_bachelor_plus
UCMC,NO2,Q1,5.304929783666767,Persistent RF,3,4.25,0.2371822789771787,NO2 single-pollutant,age_10 + sex + race_ethnicity + charlson_score + index_year_f + acs_pct_poverty + acs_pct_unemployed + acs_pct_no_vehicle + acs_pct_nonwhite + acs_median_household_income_10k + acs_pct_bachelor_plus
UCMC,NO2,Q1,5.304929783666767,Persistent RF,3,4.5,0.24181898812707125,NO2 single-pollutant,age_10 + sex + race_ethnicity + charlson_score + index_year_f + acs_pct_poverty + acs_pct_unemployed + acs_pct_no_vehicle + acs_pct_nonwhite + acs_median_household_income_10k + acs_pct_bachelor_plus
UCMC,NO2,Q1,5.304929783666767,Persistent RF,3,4.75,0.24542639883408368,NO2 single-pollutant,age_10 + sex + race_ethnicity + charlson_score + index_year_f + acs_pct_poverty + acs_pct_unemployed + acs_pct_no_vehicle + acs_pct_nonwhite + acs_median_household_income_10k + acs_pct_bachelor_plus
UCMC,NO2,Q1,5.304929783666767,Persistent RF,3,5,0.24841634900229037,NO2 single-pollutant,age_10 + sex + race_ethnicity + charlson_score + index_year_f + acs_pct_poverty + acs_pct_unemployed + acs_pct_no_vehicle + acs_pct_nonwhite + acs_median_household_income_10k + acs_pct_bachelor_plus
UCMC,NO2,Q1,5.304929783666767,Persistent RF,3,5.25,0.25161314792368716,NO2 single-pollutant,age_10 + sex + race_ethnicity + charlson_score + index_year_f + acs_pct_poverty + acs_pct_unemployed + acs_pct_no_vehicle + acs_pct_nonwhite + acs_median_household_income_10k + acs_pct_bachelor_plus
UCMC,NO2,Q1,5.304929783666767,Persistent RF,3,5.5,0.2534691749607909,NO2 single-pollutant,age_10 + sex + race_ethnicity + charlson_score + index_year_f + acs_pct_poverty + acs_pct_unemployed + acs_pct_no_vehicle + acs_pct_nonwhite + acs_median_household_income_10k + acs_pct_bachelor_plus
UCMC,NO2,Q1,5.304929783666767,Persistent RF,3,5.75,0.2557375904877994,NO2 single-pollutant,age_10 + sex + race_ethnicity + charlson_score + index_year_f + acs_pct_poverty + acs_pct_unemployed + acs_pct_no_vehicle + acs_pct_nonwhite + acs_median_household_income_10k + acs_pct_bachelor_plus
UCMC,NO2,Q1,5.304929783666767,Persistent RF,3,6,0.2586253036958498,NO2 single-pollutant,age_10 + sex + race_ethnicity + charlson_score + index_year_f + acs_pct_poverty + acs_pct_unemployed + acs_pct_no_vehicle + acs_pct_nonwhite + acs_median_household_income_10k + acs_pct_bachelor_plus
UCMC,NO2,Q1,5.304929783666767,Persistent RF,3,6.25,0.2609975674574334,NO2 single-pollutant,age_10 + sex + race_ethnicity + charlson_score + index_year_f + acs_pct_poverty + acs_pct_unemployed + acs_pct_no_vehicle + acs_pct_nonwhite + acs_median_household_income_10k + acs_pct_bachelor_plus
UCMC,NO2,Q1,5.304929783666767,Persistent RF,3,6.5,0.26316395813616655,NO2 single-pollutant,age_10 + sex + race_ethnicity + charlson_score + index_year_f + acs_pct_poverty + acs_pct_unemployed + acs_pct_no_vehicle + acs_pct_nonwhite + acs_median_household_income_10k + acs_pct_bachelor_plus
UCMC,NO2,Q1,5.304929783666767,Persistent RF,3,6.75,0.2652275136347526,NO2 single-pollutant,age_10 + sex + race_ethnicity + charlson_score + index_year_f + acs_pct_poverty + acs_pct_unemployed + acs_pct_no_vehicle + acs_pct_nonwhite + acs_median_household_income_10k + acs_pct_bachelor_plus
UCMC,NO2,Q1,5.304929783666767,Persistent RF,3,7,0.26698171382144253,NO2 single-pollutant,age_10 + sex + race_ethnicity + charlson_score + index_year_f + acs_pct_poverty + acs_pct_unemployed + acs_pct_no_vehicle + acs_pct_nonwhite + acs_median_household_income_10k + acs_pct_bachelor_plus
UCMC,NO2,Q1,5.304929783666767,Persistent RF,3,7.25,0.2682200627224971,NO2 single-pollutant,age_10 + sex + race_ethnicity + charlson_score + index_year_f + acs_pct_poverty + acs_pct_unemployed + acs_pct_no_vehicle + acs_pct_nonwhite + acs_median_household_income_10k + acs_pct_bachelor_plus
UCMC,NO2,Q1,5.304929783666767,Persistent RF,3,7.5,0.26935526706663304,NO2 single-pollutant,age_10 + sex + race_ethnicity + charlson_score + index_year_f + acs_pct_poverty + acs_pct_unemployed + acs_pct_no_vehicle + acs_pct_nonwhite + acs_median_household_income_10k + acs_pct_bachelor_plus
UCMC,NO2,Q1,5.304929783666767,Persistent RF,3,7.75,0.27038741502473695,NO2 single-pollutant,age_10 + sex + race_ethnicity + charlson_score + index_year_f + acs_pct_poverty + acs_pct_unemployed + acs_pct_no_vehicle + acs_pct_nonwhite + acs_median_household_income_10k + acs_pct_bachelor_plus
UCMC,NO2,Q1,5.304929783666767,Persistent RF,3,8,0.2716260452995004,NO2 single-pollutant,age_10 + sex + race_ethnicity + charlson_score + index_year_f + acs_pct_poverty + acs_pct_unemployed + acs_pct_no_vehicle + acs_pct_nonwhite + acs_median_household_income_10k + acs_pct_bachelor_plus
UCMC,NO2,Q1,5.304929783666767,Persistent RF,3,8.25,0.2725549748477921,NO2 single-pollutant,age_10 + sex + race_ethnicity + charlson_score + index_year_f + acs_pct_poverty + acs_pct_unemployed + acs_pct_no_vehicle + acs_pct_nonwhite + acs_median_household_income_10k + acs_pct_bachelor_plus
UCMC,NO2,Q1,5.304929783666767,Persistent RF,3,8.5,0.2741032095977465,NO2 single-pollutant,age_10 + sex + race_ethnicity + charlson_score + index_year_f + acs_pct_poverty + acs_pct_unemployed + acs_pct_no_vehicle + acs_pct_nonwhite + acs_median_household_income_10k + acs_pct_bachelor_plus
UCMC,NO2,Q1,5.304929783666767,Persistent RF,3,8.75,0.27523859847342336,NO2 single-pollutant,age_10 + sex + race_ethnicity + charlson_score + index_year_f + acs_pct_poverty + acs_pct_unemployed + acs_pct_no_vehicle + acs_pct_nonwhite + acs_median_household_income_10k + acs_pct_bachelor_plus
UCMC,NO2,Q1,5.304929783666767,Persistent RF,3,9,0.2759611545720453,NO2 single-pollutant,age_10 + sex + race_ethnicity + charlson_score + index_year_f + acs_pct_poverty + acs_pct_unemployed + acs_pct_no_vehicle + acs_pct_nonwhite + acs_median_household_income_10k + acs_pct_bachelor_plus
UCMC,NO2,Q1,5.304929783666767,Persistent RF,3,9.25,0.27709668666676857,NO2 single-pollutant,age_10 + sex + race_ethnicity + charlson_score + index_year_f + acs_pct_poverty + acs_pct_unemployed + acs_pct_no_vehicle + acs_pct_nonwhite + acs_median_household_income_10k + acs_pct_bachelor_plus
UCMC,NO2,Q1,5.304929783666767,Persistent RF,3,9.5,0.2776128576473924,NO2 single-pollutant,age_10 + sex + race_ethnicity + charlson_score + index_year_f + acs_pct_poverty + acs_pct_unemployed + acs_pct_no_vehicle + acs_pct_nonwhite + acs_median_household_income_10k + acs_pct_bachelor_plus
UCMC,NO2,Q1,5.304929783666767,Persistent RF,3,9.75,0.2787483780560378,NO2 single-pollutant,age_10 + sex + race_ethnicity + charlson_score + index_year_f + acs_pct_poverty + acs_pct_unemployed + acs_pct_no_vehicle + acs_pct_nonwhite + acs_median_household_income_10k + acs_pct_bachelor_plus
UCMC,NO2,Q1,5.304929783666767,Persistent RF,3,10,0.27957415350752257,NO2 single-pollutant,age_10 + sex + race_ethnicity + charlson_score + index_year_f + acs_pct_poverty + acs_pct_unemployed + acs_pct_no_vehicle + acs_pct_nonwhite + acs_median_household_income_10k + acs_pct_bachelor_plus
UCMC,NO2,Q1,5.304929783666767,Persistent RF,3,10.25,0.28153549926152,NO2 single-pollutant,age_10 + sex + race_ethnicity + charlson_score + index_year_f + acs_pct_poverty + acs_pct_unemployed + acs_pct_no_vehicle + acs_pct_nonwhite + acs_median_household_income_10k + acs_pct_bachelor_plus
UCMC,NO2,Q1,5.304929783666767,Persistent RF,3,10.5,0.2820516550110248,NO2 single-pollutant,age_10 + sex + race_ethnicity + charlson_score + index_year_f + acs_pct_poverty + acs_pct_unemployed + acs_pct_no_vehicle + acs_pct_nonwhite + acs_median_household_income_10k + acs_pct_bachelor_plus
UCMC,NO2,Q1,5.304929783666767,Persistent RF,3,10.75,0.28277422494184945,NO2 single-pollutant,age_10 + sex + race_ethnicity + charlson_score + index_year_f + acs_pct_poverty + acs_pct_unemployed + acs_pct_no_vehicle + acs_pct_nonwhite + acs_median_household_income_10k + acs_pct_bachelor_plus
UCMC,NO2,Q1,5.304929783666767,Persistent RF,3,11,0.28318714640724185,NO2 single-pollutant,age_10 + sex + race_ethnicity + charlson_score + index_year_f + acs_pct_poverty + acs_pct_unemployed + acs_pct_no_vehicle + acs_pct_nonwhite + acs_median_household_income_10k + acs_pct_bachelor_plus
UCMC,NO2,Q1,5.304929783666767,Persistent RF,3,11.25,0.2842195056750656,NO2 single-pollutant,age_10 + sex + race_ethnicity + charlson_score + index_year_f + acs_pct_poverty + acs_pct_unemployed + acs_pct_no_vehicle + acs_pct_nonwhite + acs_median_household_income_10k + acs_pct_bachelor_plus
UCMC,NO2,Q1,5.304929783666767,Persistent RF,3,11.5,0.2850454132784883,NO2 single-pollutant,age_10 + sex + race_ethnicity + charlson_score + index_year_f + acs_pct_poverty + acs_pct_unemployed + acs_pct_no_vehicle + acs_pct_nonwhite + acs_median_household_income_10k + acs_pct_bachelor_plus
UCMC,NO2,Q1,5.304929783666767,Persistent RF,3,11.75,0.28618114507838077,NO2 single-pollutant,age_10 + sex + race_ethnicity + charlson_score + index_year_f + acs_pct_poverty + acs_pct_unemployed + acs_pct_no_vehicle + acs_pct_nonwhite + acs_median_household_income_10k + acs_pct_bachelor_plus
UCMC,NO2,Q1,5.304929783666767,Persistent RF,3,12,0.287316966960505,NO2 single-pollutant,age_10 + sex + race_ethnicity + charlson_score + index_year_f + acs_pct_poverty + acs_pct_unemployed + acs_pct_no_vehicle + acs_pct_nonwhite + acs_median_household_income_10k + acs_pct_bachelor_plus
UCMC,NO2,Q1,5.304929783666767,Persistent RF,3,12.25,0.2890725096984311,NO2 single-pollutant,age_10 + sex + race_ethnicity + charlson_score + index_year_f + acs_pct_poverty + acs_pct_unemployed + acs_pct_no_vehicle + acs_pct_nonwhite + acs_median_household_income_10k + acs_pct_bachelor_plus
UCMC,NO2,Q1,5.304929783666767,Persistent RF,3,12.5,0.2896922215804699,NO2 single-pollutant,age_10 + sex + race_ethnicity + charlson_score + index_year_f + acs_pct_poverty + acs_pct_unemployed + acs_pct_no_vehicle + acs_pct_nonwhite + acs_median_household_income_10k + acs_pct_bachelor_plus
UCMC,NO2,Q1,5.304929783666767,Persistent RF,3,12.75,0.29000208083377077,NO2 single-pollutant,age_10 + sex + race_ethnicity + charlson_score + index_year_f + acs_pct_poverty + acs_pct_unemployed + acs_pct_no_vehicle + acs_pct_nonwhite + acs_median_household_income_10k + acs_pct_bachelor_plus
UCMC,NO2,Q1,5.304929783666767,Persistent RF,3,13,0.290415204916318,NO2 single-pollutant,age_10 + sex + race_ethnicity + charlson_score + index_year_f + acs_pct_poverty + acs_pct_unemployed + acs_pct_no_vehicle + acs_pct_nonwhite + acs_median_household_income_10k + acs_pct_bachelor_plus
UCMC,NO2,Q1,5.304929783666767,Persistent RF,3,13.25,0.29093157392493896,NO2 single-pollutant,age_10 + sex + race_ethnicity + charlson_score + index_year_f + acs_pct_poverty + acs_pct_unemployed + acs_pct_no_vehicle + acs_pct_nonwhite + acs_median_household_income_10k + acs_pct_bachelor_plus
UCMC,NO2,Q1,5.304929783666767,Persistent RF,3,13.5,0.2915511928547223,NO2 single-pollutant,age_10 + sex + race_ethnicity + charlson_score + index_year_f + acs_pct_poverty + acs_pct_unemployed + acs_pct_no_vehicle + acs_pct_nonwhite + acs_median_household_income_10k + acs_pct_bachelor_plus
UCMC,NO2,Q1,5.304929783666767,Persistent RF,3,13.75,0.29186102746259646,NO2 single-pollutant,age_10 + sex + race_ethnicity + charlson_score + index_year_f + acs_pct_poverty + acs_pct_unemployed + acs_pct_no_vehicle + acs_pct_nonwhite + acs_median_household_income_10k + acs_pct_bachelor_plus
UCMC,NO2,Q1,5.304929783666767,Persistent RF,3,14,0.2925839852711709,NO2 single-pollutant,age_10 + sex + race_ethnicity + charlson_score + index_year_f + acs_pct_poverty + acs_pct_unemployed + acs_pct_no_vehicle + acs_pct_nonwhite + acs_median_household_income_10k + acs_pct_bachelor_plus
UCMC,NO2,Q1,5.304929783666767,Persistent RF,3,14.25,0.29392679159660695,NO2 single-pollutant,age_10 + sex + race_ethnicity + charlson_score + index_year_f + acs_pct_poverty + acs_pct_unemployed + acs_pct_no_vehicle + acs_pct_nonwhite + acs_median_household_income_10k + acs_pct_bachelor_plus
UCMC,NO2,Q1,5.304929783666767,Persistent RF,3,14.5,0.2944432973593176,NO2 single-pollutant,age_10 + sex + race_ethnicity + charlson_score + index_year_f + acs_pct_poverty + acs_pct_unemployed + acs_pct_no_vehicle + acs_pct_nonwhite + acs_median_household_income_10k + acs_pct_bachelor_plus
UCMC,NO2,Q1,5.304929783666767,Persistent RF,3,14.75,0.2948564976868434,NO2 single-pollutant,age_10 + sex + race_ethnicity + charlson_score + index_year_f + acs_pct_poverty + acs_pct_unemployed + acs_pct_no_vehicle + acs_pct_nonwhite + acs_median_household_income_10k + acs_pct_bachelor_plus
UCMC,NO2,Q1,5.304929783666767,Persistent RF,3,15,0.2953729896892885,NO2 single-pollutant,age_10 + sex + race_ethnicity + charlson_score + index_year_f + acs_pct_poverty + acs_pct_unemployed + acs_pct_no_vehicle + acs_pct_nonwhite + acs_median_household_income_10k + acs_pct_bachelor_plus
UCMC,NO2,Q1,5.304929783666767,Persistent RF,3,15.25,0.29599275648511947,NO2 single-pollutant,age_10 + sex + race_ethnicity + charlson_score + index_year_f + acs_pct_poverty + acs_pct_unemployed + acs_pct_no_vehicle + acs_pct_nonwhite + acs_median_household_income_10k + acs_pct_bachelor_plus
UCMC,NO2,Q1,5.304929783666767,Persistent RF,3,15.5,0.296819102852362,NO2 single-pollutant,age_10 + sex + race_ethnicity + charlson_score + index_year_f + acs_pct_poverty + acs_pct_unemployed + acs_pct_no_vehicle + acs_pct_nonwhite + acs_median_household_income_10k + acs_pct_bachelor_plus
UCMC,NO2,Q1,5.304929783666767,Persistent RF,3,15.75,0.297232295146042,NO2 single-pollutant,age_10 + sex + race_ethnicity + charlson_score + index_year_f + acs_pct_poverty + acs_pct_unemployed + acs_pct_no_vehicle + acs_pct_nonwhite + acs_median_household_income_10k + acs_pct_bachelor_plus
UCMC,NO2,Q1,5.304929783666767,Persistent RF,3,16,0.2979553675537575,NO2 single-pollutant,age_10 + sex + race_ethnicity + charlson_score + index_year_f + acs_pct_poverty + acs_pct_unemployed + acs_pct_no_vehicle + acs_pct_nonwhite + acs_median_household_income_10k + acs_pct_bachelor_plus
UCMC,NO2,Q1,5.304929783666767,Persistent RF,3,16.25,0.298471862321411,NO2 single-pollutant,age_10 + sex + race_ethnicity + charlson_score + index_year_f + acs_pct_poverty + acs_pct_unemployed + acs_pct_no_vehicle + acs_pct_nonwhite + acs_median_household_income_10k + acs_pct_bachelor_plus
UCMC,NO2,Q1,5.304929783666767,Persistent RF,3,16.5,0.2991949472582448,NO2 single-pollutant,age_10 + sex + race_ethnicity + charlson_score + index_year_f + acs_pct_poverty + acs_pct_unemployed + acs_pct_no_vehicle + acs_pct_nonwhite + acs_median_household_income_10k + acs_pct_bachelor_plus
UCMC,NO2,Q1,5.304929783666767,Persistent RF,3,16.75,0.2998147259863774,NO2 single-pollutant,age_10 + sex + race_ethnicity + charlson_score + index_year_f + acs_pct_poverty + acs_pct_unemployed + acs_pct_no_vehicle + acs_pct_nonwhite + acs_median_household_income_10k + acs_pct_bachelor_plus
UCMC,NO2,Q1,5.304929783666767,Persistent RF,3,17,0.3003312262269823,NO2 single-pollutant,age_10 + sex + race_ethnicity + charlson_score + index_year_f + acs_pct_poverty + acs_pct_unemployed + acs_pct_no_vehicle + acs_pct_nonwhite + acs_median_household_income_10k + acs_pct_bachelor_plus
UCMC,NO2,Q1,5.304929783666767,Persistent RF,3,17.25,0.30095104719421184,NO2 single-pollutant,age_10 + sex + race_ethnicity + charlson_score + index_year_f + acs_pct_poverty + acs_pct_unemployed + acs_pct_no_vehicle + acs_pct_nonwhite + acs_median_household_income_10k + acs_pct_bachelor_plus
UCMC,NO2,Q1,5.304929783666767,Persistent RF,3,17.5,0.30157089429368544,NO2 single-pollutant,age_10 + sex + race_ethnicity + charlson_score + index_year_f + acs_pct_poverty + acs_pct_unemployed + acs_pct_no_vehicle + acs_pct_nonwhite + acs_median_household_income_10k + acs_pct_bachelor_plus
UCMC,NO2,Q1,5.304929783666767,Persistent RF,3,17.75,0.30177750141146154,NO2 single-pollutant,age_10 + sex + race_ethnicity + charlson_score + index_year_f + acs_pct_poverty + acs_pct_unemployed + acs_pct_no_vehicle + acs_pct_nonwhite + acs_median_household_income_10k + acs_pct_bachelor_plus
UCMC,NO2,Q1,5.304929783666767,Persistent RF,3,18,0.3023973133128346,NO2 single-pollutant,age_10 + sex + race_ethnicity + charlson_score + index_year_f + acs_pct_poverty + acs_pct_unemployed + acs_pct_no_vehicle + acs_pct_nonwhite + acs_median_household_income_10k + acs_pct_bachelor_plus
UCMC,NO2,Q1,5.304929783666767,Persistent RF,3,18.25,0.30384342221185545,NO2 single-pollutant,age_10 + sex + race_ethnicity + charlson_score + index_year_f + acs_pct_poverty + acs_pct_unemployed + acs_pct_no_vehicle + acs_pct_nonwhite + acs_median_household_income_10k + acs_pct_bachelor_plus
UCMC,NO2,Q1,5.304929783666767,Persistent RF,3,18.5,0.30415331761347486,NO2 single-pollutant,age_10 + sex + race_ethnicity + charlson_score + index_year_f + acs_pct_poverty + acs_pct_unemployed + acs_pct_no_vehicle + acs_pct_nonwhite + acs_median_household_income_10k + acs_pct_bachelor_plus
UCMC,NO2,Q1,5.304929783666767,Persistent RF,3,18.75,0.3045665204419634,NO2 single-pollutant,age_10 + sex + race_ethnicity + charlson_score + index_year_f + acs_pct_poverty + acs_pct_unemployed + acs_pct_no_vehicle + acs_pct_nonwhite + acs_median_household_income_10k + acs_pct_bachelor_plus
UCMC,NO2,Q1,5.304929783666767,Persistent RF,3,19,0.3047731232408054,NO2 single-pollutant,age_10 + sex + race_ethnicity + charlson_score + index_year_f + acs_pct_poverty + acs_pct_unemployed + acs_pct_no_vehicle + acs_pct_nonwhite + acs_median_household_income_10k + acs_pct_bachelor_plus
UCMC,NO2,Q1,5.304929783666767,Persistent RF,3,19.25,0.3052896615022268,NO2 single-pollutant,age_10 + sex + race_ethnicity + charlson_score + index_year_f + acs_pct_poverty + acs_pct_unemployed + acs_pct_no_vehicle + acs_pct_nonwhite + acs_median_household_income_10k + acs_pct_bachelor_plus
UCMC,NO2,Q1,5.304929783666767,Persistent RF,3,19.5,0.3054962824941374,NO2 single-pollutant,age_10 + sex + race_ethnicity + charlson_score + index_year_f + acs_pct_poverty + acs_pct_unemployed + acs_pct_no_vehicle + acs_pct_nonwhite + acs_median_household_income_10k + acs_pct_bachelor_plus
UCMC,NO2,Q1,5.304929783666767,Persistent RF,3,19.75,0.30590955287914323,NO2 single-pollutant,age_10 + sex + race_ethnicity + charlson_score + index_year_f + acs_pct_poverty + acs_pct_unemployed + acs_pct_no_vehicle + acs_pct_nonwhite + acs_median_household_income_10k + acs_pct_bachelor_plus
UCMC,NO2,Q1,5.304929783666767,Persistent RF,3,20,0.3061161966649969,NO2 single-pollutant,age_10 + sex + race_ethnicity + charlson_score + index_year_f + acs_pct_poverty + acs_pct_unemployed + acs_pct_no_vehicle + acs_pct_nonwhite + acs_median_household_income_10k + acs_pct_bachelor_plus
UCMC,NO2,Q1,5.304929783666767,Persistent RF,3,20.25,0.3068394965325322,NO2 single-pollutant,age_10 + sex + race_ethnicity + charlson_score + index_year_f + acs_pct_poverty + acs_pct_unemployed + acs_pct_no_vehicle + acs_pct_nonwhite + acs_median_household_income_10k + acs_pct_bachelor_plus
UCMC,NO2,Q1,5.304929783666767,Persistent RF,3,20.5,0.3070461555717926,NO2 single-pollutant,age_10 + sex + race_ethnicity + charlson_score + index_year_f + acs_pct_poverty + acs_pct_unemployed + acs_pct_no_vehicle + acs_pct_nonwhite + acs_median_household_income_10k + acs_pct_bachelor_plus
UCMC,NO2,Q1,5.304929783666767,Persistent RF,3,20.75,0.3073561272153208,NO2 single-pollutant,age_10 + sex + race_ethnicity + charlson_score + index_year_f + acs_pct_poverty + acs_pct_unemployed + acs_pct_no_vehicle + acs_pct_nonwhite + acs_median_household_income_10k + acs_pct_bachelor_plus
UCMC,NO2,Q1,5.304929783666767,Persistent RF,3,21,0.30807942570269997,NO2 single-pollutant,age_10 + sex + race_ethnicity + charlson_score + index_year_f + acs_pct_poverty + acs_pct_unemployed + acs_pct_no_vehicle + acs_pct_nonwhite + acs_median_household_income_10k + acs_pct_bachelor_plus
UCMC,NO2,Q1,5.304929783666767,Persistent RF,3,21.25,0.30859603865691043,NO2 single-pollutant,age_10 + sex + race_ethnicity + charlson_score + index_year_f + acs_pct_poverty + acs_pct_unemployed + acs_pct_no_vehicle + acs_pct_nonwhite + acs_median_household_income_10k + acs_pct_bachelor_plus
UCMC,NO2,Q1,5.304929783666767,Persistent RF,3,21.5,0.30890599759517035,NO2 single-pollutant,age_10 + sex + race_ethnicity + charlson_score + index_year_f + acs_pct_poverty + acs_pct_unemployed + acs_pct_no_vehicle + acs_pct_nonwhite + acs_median_household_income_10k + acs_pct_bachelor_plus
UCMC,NO2,Q1,5.304929783666767,Persistent RF,3,21.75,0.30931930868546365,NO2 single-pollutant,age_10 + sex + race_ethnicity + charlson_score + index_year_f + acs_pct_poverty + acs_pct_unemployed + acs_pct_no_vehicle + acs_pct_nonwhite + acs_median_household_income_10k + acs_pct_bachelor_plus
UCMC,NO2,Q1,5.304929783666767,Persistent RF,3,22,0.3108692693083469,NO2 single-pollutant,age_10 + sex + race_ethnicity + charlson_score + index_year_f + acs_pct_poverty + acs_pct_unemployed + acs_pct_no_vehicle + acs_pct_nonwhite + acs_median_household_income_10k + acs_pct_bachelor_plus
UCMC,NO2,Q1,5.304929783666767,Persistent RF,3,22.25,0.31107592804955597,NO2 single-pollutant,age_10 + sex + race_ethnicity + charlson_score + index_year_f + acs_pct_poverty + acs_pct_unemployed + acs_pct_no_vehicle + acs_pct_nonwhite + acs_median_household_income_10k + acs_pct_bachelor_plus
UCMC,NO2,Q1,5.304929783666767,Persistent RF,3,22.5,0.31148927452175557,NO2 single-pollutant,age_10 + sex + race_ethnicity + charlson_score + index_year_f + acs_pct_poverty + acs_pct_unemployed + acs_pct_no_vehicle + acs_pct_nonwhite + acs_median_household_income_10k + acs_pct_bachelor_plus
UCMC,NO2,Q1,5.304929783666767,Persistent RF,3,22.75,0.31169596269803324,NO2 single-pollutant,age_10 + sex + race_ethnicity + charlson_score + index_year_f + acs_pct_poverty + acs_pct_unemployed + acs_pct_no_vehicle + acs_pct_nonwhite + acs_median_household_income_10k + acs_pct_bachelor_plus
UCMC,NO2,Q1,5.304929783666767,Persistent RF,3,23,0.3121093640111884,NO2 single-pollutant,age_10 + sex + race_ethnicity + charlson_score + index_year_f + acs_pct_poverty + acs_pct_unemployed + acs_pct_no_vehicle + acs_pct_nonwhite + acs_median_household_income_10k + acs_pct_bachelor_plus
UCMC,NO2,Q1,5.304929783666767,Persistent RF,3,23.25,0.31252279432620633,NO2 single-pollutant,age_10 + sex + race_ethnicity + charlson_score + index_year_f + acs_pct_poverty + acs_pct_unemployed + acs_pct_no_vehicle + acs_pct_nonwhite + acs_median_household_income_10k + acs_pct_bachelor_plus
UCMC,NO2,Q1,5.304929783666767,Persistent RF,3,23.5,0.31345301293030536,NO2 single-pollutant,age_10 + sex + race_ethnicity + charlson_score + index_year_f + acs_pct_poverty + acs_pct_unemployed + acs_pct_no_vehicle + acs_pct_nonwhite + acs_median_household_income_10k + acs_pct_bachelor_plus
UCMC,NO2,Q1,5.304929783666767,Persistent RF,3,23.75,0.3135563675923648,NO2 single-pollutant,age_10 + sex + race_ethnicity + charlson_score + index_year_f + acs_pct_poverty + acs_pct_unemployed + acs_pct_no_vehicle + acs_pct_nonwhite + acs_median_household_income_10k + acs_pct_bachelor_plus
UCMC,NO2,Q1,5.304929783666767,Persistent RF,3,24,0.3136597170413107,NO2 single-pollutant,age_10 + sex + race_ethnicity + charlson_score + index_year_f + acs_pct_poverty + acs_pct_unemployed + acs_pct_no_vehicle + acs_pct_nonwhite + acs_median_household_income_10k + acs_pct_bachelor_plus
UCMC,NO2,Q1,5.304929783666767,Persistent RF,3,24.25,0.31427981276049355,NO2 single-pollutant,age_10 + sex + race_ethnicity + charlson_score + index_year_f + acs_pct_poverty + acs_pct_unemployed + acs_pct_no_vehicle + acs_pct_nonwhite + acs_median_household_income_10k + acs_pct_bachelor_plus
UCMC,NO2,Q1,5.304929783666767,Persistent RF,3,24.5,0.3147965457114398,NO2 single-pollutant,age_10 + sex + race_ethnicity + charlson_score + index_year_f + acs_pct_poverty + acs_pct_unemployed + acs_pct_no_vehicle + acs_pct_nonwhite + acs_median_household_income_10k + acs_pct_bachelor_plus
UCMC,NO2,Q1,5.304929783666767,Persistent RF,3,24.75,0.31510659767890714,NO2 single-pollutant,age_10 + sex + race_ethnicity + charlson_score + index_year_f + acs_pct_poverty + acs_pct_unemployed + acs_pct_no_vehicle + acs_pct_nonwhite + acs_median_household_income_10k + acs_pct_bachelor_plus
UCMC,NO2,Q1,5.304929783666767,Persistent RF,3,25,0.31520994650178147,NO2 single-pollutant,age_10 + sex + race_ethnicity + charlson_score + index_year_f + acs_pct_poverty + acs_pct_unemployed + acs_pct_no_vehicle + acs_pct_nonwhite + acs_median_household_income_10k + acs_pct_bachelor_plus
UCMC,NO2,Q1,5.304929783666767,Persistent RF,3,25.25,0.31541664168410743,NO2 single-pollutant,age_10 + sex + race_ethnicity + charlson_score + index_year_f + acs_pct_poverty + acs_pct_unemployed + acs_pct_no_vehicle + acs_pct_nonwhite + acs_median_household_income_10k + acs_pct_bachelor_plus
UCMC,NO2,Q1,5.304929783666767,Persistent RF,3,25.5,0.31551999203867775,NO2 single-pollutant,age_10 + sex + race_ethnicity + charlson_score + index_year_f + acs_pct_poverty + acs_pct_unemployed + acs_pct_no_vehicle + acs_pct_nonwhite + acs_median_household_income_10k + acs_pct_bachelor_plus
UCMC,NO2,Q1,5.304929783666767,Persistent RF,3,25.75,0.31572669711814183,NO2 single-pollutant,age_10 + sex + race_ethnicity + charlson_score + index_year_f + acs_pct_poverty + acs_pct_unemployed + acs_pct_no_vehicle + acs_pct_nonwhite + acs_median_household_income_10k + acs_pct_bachelor_plus
UCMC,NO2,Q1,5.304929783666767,Persistent RF,3,26,0.3158300507669519,NO2 single-pollutant,age_10 + sex + race_ethnicity + charlson_score + index_year_f + acs_pct_poverty + acs_pct_unemployed + acs_pct_no_vehicle + acs_pct_nonwhite + acs_median_household_income_10k + acs_pct_bachelor_plus
UCMC,NO2,Q1,5.304929783666767,Persistent RF,3,26.25,0.3159334031535038,NO2 single-pollutant,age_10 + sex + race_ethnicity + charlson_score + index_year_f + acs_pct_poverty + acs_pct_unemployed + acs_pct_no_vehicle + acs_pct_nonwhite + acs_median_household_income_10k + acs_pct_bachelor_plus
UCMC,NO2,Q1,5.304929783666767,Persistent RF,3,26.5,0.31603675677599796,NO2 single-pollutant,age_10 + sex + race_ethnicity + charlson_score + index_year_f + acs_pct_poverty + acs_pct_unemployed + acs_pct_no_vehicle + acs_pct_nonwhite + acs_median_household_income_10k + acs_pct_bachelor_plus
UCMC,NO2,Q1,5.304929783666767,Persistent RF,3,26.75,0.3164501624235081,NO2 single-pollutant,age_10 + sex + race_ethnicity + charlson_score + index_year_f + acs_pct_poverty + acs_pct_unemployed + acs_pct_no_vehicle + acs_pct_nonwhite + acs_median_household_income_10k + acs_pct_bachelor_plus
UCMC,NO2,Q1,5.304929783666767,Persistent RF,3,27,0.3164501624235081,NO2 single-pollutant,age_10 + sex + race_ethnicity + charlson_score + index_year_f + acs_pct_poverty + acs_pct_unemployed + acs_pct_no_vehicle + acs_pct_nonwhite + acs_median_household_income_10k + acs_pct_bachelor_plus
UCMC,NO2,Q1,5.304929783666767,Persistent RF,3,27.25,0.31665687008600407,NO2 single-pollutant,age_10 + sex + race_ethnicity + charlson_score + index_year_f + acs_pct_poverty + acs_pct_unemployed + acs_pct_no_vehicle + acs_pct_nonwhite + acs_median_household_income_10k + acs_pct_bachelor_plus
UCMC,NO2,Q1,5.304929783666767,Persistent RF,3,27.5,0.3169669239744516,NO2 single-pollutant,age_10 + sex + race_ethnicity + charlson_score + index_year_f + acs_pct_poverty + acs_pct_unemployed + acs_pct_no_vehicle + acs_pct_nonwhite + acs_median_household_income_10k + acs_pct_bachelor_plus
UCMC,NO2,Q1,5.304929783666767,Persistent RF,3,27.75,0.31707027142337185,NO2 single-pollutant,age_10 + sex + race_ethnicity + charlson_score + index_year_f + acs_pct_poverty + acs_pct_unemployed + acs_pct_no_vehicle + acs_pct_nonwhite + acs_median_household_income_10k + acs_pct_bachelor_plus
UCMC,NO2,Q1,5.304929783666767,Persistent RF,3,28,0.3171736196103062,NO2 single-pollutant,age_10 + sex + race_ethnicity + charlson_score + index_year_f + acs_pct_poverty + acs_pct_unemployed + acs_pct_no_vehicle + acs_pct_nonwhite + acs_median_household_income_10k + acs_pct_bachelor_plus
UCMC,NO2,Q2,8.583861067891124,Persistent RF,3,0,0,NO2 single-pollutant,age_10 + sex + race_ethnicity + charlson_score + index_year_f + acs_pct_poverty + acs_pct_unemployed + acs_pct_no_vehicle + acs_pct_nonwhite + acs_median_household_income_10k + acs_pct_bachelor_plus
UCMC,NO2,Q2,8.583861067891124,Persistent RF,3,0.25,1.0177458964677477e-4,NO2 single-pollutant,age_10 + sex + race_ethnicity + charlson_score + index_year_f + acs_pct_poverty + acs_pct_unemployed + acs_pct_no_vehicle + acs_pct_nonwhite + acs_median_household_income_10k + acs_pct_bachelor_plus
UCMC,NO2,Q2,8.583861067891124,Persistent RF,3,0.5,3.053224172112623e-4,NO2 single-pollutant,age_10 + sex + race_ethnicity + charlson_score + index_year_f + acs_pct_poverty + acs_pct_unemployed + acs_pct_no_vehicle + acs_pct_nonwhite + acs_median_household_income_10k + acs_pct_bachelor_plus
UCMC,NO2,Q2,8.583861067891124,Persistent RF,3,0.75,7.12422786686151e-4,NO2 single-pollutant,age_10 + sex + race_ethnicity + charlson_score + index_year_f + acs_pct_poverty + acs_pct_unemployed + acs_pct_no_vehicle + acs_pct_nonwhite + acs_median_household_income_10k + acs_pct_bachelor_plus
UCMC,NO2,Q2,8.583861067891124,Persistent RF,3,1,0.0015266387208612286,NO2 single-pollutant,age_10 + sex + race_ethnicity + charlson_score + index_year_f + acs_pct_poverty + acs_pct_unemployed + acs_pct_no_vehicle + acs_pct_nonwhite + acs_median_household_income_10k + acs_pct_bachelor_plus
UCMC,NO2,Q2,8.583861067891124,Persistent RF,3,1.25,0.014042765358911358,NO2 single-pollutant,age_10 + sex + race_ethnicity + charlson_score + index_year_f + acs_pct_poverty + acs_pct_unemployed + acs_pct_no_vehicle + acs_pct_nonwhite + acs_median_household_income_10k + acs_pct_bachelor_plus
UCMC,NO2,Q2,8.583861067891124,Persistent RF,3,1.5,0.04660017190788068,NO2 single-pollutant,age_10 + sex + race_ethnicity + charlson_score + index_year_f + acs_pct_poverty + acs_pct_unemployed + acs_pct_no_vehicle + acs_pct_nonwhite + acs_median_household_income_10k + acs_pct_bachelor_plus
UCMC,NO2,Q2,8.583861067891124,Persistent RF,3,1.75,0.06644640807608548,NO2 single-pollutant,age_10 + sex + race_ethnicity + charlson_score + index_year_f + acs_pct_poverty + acs_pct_unemployed + acs_pct_no_vehicle + acs_pct_nonwhite + acs_median_household_income_10k + acs_pct_bachelor_plus
UCMC,NO2,Q2,8.583861067891124,Persistent RF,3,2,0.093337675416028,NO2 single-pollutant,age_10 + sex + race_ethnicity + charlson_score + index_year_f + acs_pct_poverty + acs_pct_unemployed + acs_pct_no_vehicle + acs_pct_nonwhite + acs_median_household_income_10k + acs_pct_bachelor_plus
UCMC,NO2,Q2,8.583861067891124,Persistent RF,3,2.25,0.13562191525130896,NO2 single-pollutant,age_10 + sex + race_ethnicity + charlson_score + index_year_f + acs_pct_poverty + acs_pct_unemployed + acs_pct_no_vehicle + acs_pct_nonwhite + acs_median_household_income_10k + acs_pct_bachelor_plus
UCMC,NO2,Q2,8.583861067891124,Persistent RF,3,2.5,0.1665011859283837,NO2 single-pollutant,age_10 + sex + race_ethnicity + charlson_score + index_year_f + acs_pct_poverty + acs_pct_unemployed + acs_pct_no_vehicle + acs_pct_nonwhite + acs_median_household_income_10k + acs_pct_bachelor_plus
UCMC,NO2,Q2,8.583861067891124,Persistent RF,3,2.75,0.18036437273489847,NO2 single-pollutant,age_10 + sex + race_ethnicity + charlson_score + index_year_f + acs_pct_poverty + acs_pct_unemployed + acs_pct_no_vehicle + acs_pct_nonwhite + acs_median_household_income_10k + acs_pct_bachelor_plus
UCMC,NO2,Q2,8.583861067891124,Persistent RF,3,3,0.19301146756322085,NO2 single-pollutant,age_10 + sex + race_ethnicity + charlson_score + index_year_f + acs_pct_poverty + acs_pct_unemployed + acs_pct_no_vehicle + acs_pct_nonwhite + acs_median_household_income_10k + acs_pct_bachelor_plus
UCMC,NO2,Q2,8.583861067891124,Persistent RF,3,3.25,0.20546401671076842,NO2 single-pollutant,age_10 + sex + race_ethnicity + charlson_score + index_year_f + acs_pct_poverty + acs_pct_unemployed + acs_pct_no_vehicle + acs_pct_nonwhite + acs_median_household_income_10k + acs_pct_bachelor_plus
UCMC,NO2,Q2,8.583861067891124,Persistent RF,3,3.5,0.2164932765882266,NO2 single-pollutant,age_10 + sex + race_ethnicity + charlson_score + index_year_f + acs_pct_poverty + acs_pct_unemployed + acs_pct_no_vehicle + acs_pct_nonwhite + acs_median_household_income_10k + acs_pct_bachelor_plus
UCMC,NO2,Q2,8.583861067891124,Persistent RF,3,3.75,0.222317551615824,NO2 single-pollutant,age_10 + sex + race_ethnicity + charlson_score + index_year_f + acs_pct_poverty + acs_pct_unemployed + acs_pct_no_vehicle + acs_pct_nonwhite + acs_median_household_income_10k + acs_pct_bachelor_plus
UCMC,NO2,Q2,8.583861067891124,Persistent RF,3,4,0.22855245033173555,NO2 single-pollutant,age_10 + sex + race_ethnicity + charlson_score + index_year_f + acs_pct_poverty + acs_pct_unemployed + acs_pct_no_vehicle + acs_pct_nonwhite + acs_median_household_income_10k + acs_pct_bachelor_plus
UCMC,NO2,Q2,8.583861067891124,Persistent RF,3,4.25,0.23509631127731778,NO2 single-pollutant,age_10 + sex + race_ethnicity + charlson_score + index_year_f + acs_pct_poverty + acs_pct_unemployed + acs_pct_no_vehicle + acs_pct_nonwhite + acs_median_household_income_10k + acs_pct_bachelor_plus
UCMC,NO2,Q2,8.583861067891124,Persistent RF,3,4.5,0.23969894434619576,NO2 single-pollutant,age_10 + sex + race_ethnicity + charlson_score + index_year_f + acs_pct_poverty + acs_pct_unemployed + acs_pct_no_vehicle + acs_pct_nonwhite + acs_median_household_income_10k + acs_pct_bachelor_plus
UCMC,NO2,Q2,8.583861067891124,Persistent RF,3,4.75,0.24328003977735757,NO2 single-pollutant,age_10 + sex + race_ethnicity + charlson_score + index_year_f + acs_pct_poverty + acs_pct_unemployed + acs_pct_no_vehicle + acs_pct_nonwhite + acs_median_household_income_10k + acs_pct_bachelor_plus
UCMC,NO2,Q2,8.583861067891124,Persistent RF,3,5,0.2462483097565562,NO2 single-pollutant,age_10 + sex + race_ethnicity + charlson_score + index_year_f + acs_pct_poverty + acs_pct_unemployed + acs_pct_no_vehicle + acs_pct_nonwhite + acs_median_household_income_10k + acs_pct_bachelor_plus
UCMC,NO2,Q2,8.583861067891124,Persistent RF,3,5.25,0.24942206039172832,NO2 single-pollutant,age_10 + sex + race_ethnicity + charlson_score + index_year_f + acs_pct_poverty + acs_pct_unemployed + acs_pct_no_vehicle + acs_pct_nonwhite + acs_median_household_income_10k + acs_pct_bachelor_plus
UCMC,NO2,Q2,8.583861067891124,Persistent RF,3,5.5,0.25126476854893665,NO2 single-pollutant,age_10 + sex + race_ethnicity + charlson_score + index_year_f + acs_pct_poverty + acs_pct_unemployed + acs_pct_no_vehicle + acs_pct_nonwhite + acs_median_household_income_10k + acs_pct_bachelor_plus
UCMC,NO2,Q2,8.583861067891124,Persistent RF,3,5.75,0.2535169686544688,NO2 single-pollutant,age_10 + sex + race_ethnicity + charlson_score + index_year_f + acs_pct_poverty + acs_pct_unemployed + acs_pct_no_vehicle + acs_pct_nonwhite + acs_median_household_income_10k + acs_pct_bachelor_plus
UCMC,NO2,Q2,8.583861067891124,Persistent RF,3,6,0.25638413968974505,NO2 single-pollutant,age_10 + sex + race_ethnicity + charlson_score + index_year_f + acs_pct_poverty + acs_pct_unemployed + acs_pct_no_vehicle + acs_pct_nonwhite + acs_median_household_income_10k + acs_pct_bachelor_plus
UCMC,NO2,Q2,8.583861067891124,Persistent RF,3,6.25,0.2587396122664235,NO2 single-pollutant,age_10 + sex + race_ethnicity + charlson_score + index_year_f + acs_pct_poverty + acs_pct_unemployed + acs_pct_no_vehicle + acs_pct_nonwhite + acs_median_household_income_10k + acs_pct_bachelor_plus
UCMC,NO2,Q2,8.583861067891124,Persistent RF,3,6.5,0.26089073557811293,NO2 single-pollutant,age_10 + sex + race_ethnicity + charlson_score + index_year_f + acs_pct_poverty + acs_pct_unemployed + acs_pct_no_vehicle + acs_pct_nonwhite + acs_median_household_income_10k + acs_pct_bachelor_plus
UCMC,NO2,Q2,8.583861067891124,Persistent RF,3,6.75,0.26293980774928827,NO2 single-pollutant,age_10 + sex + race_ethnicity + charlson_score + index_year_f + acs_pct_poverty + acs_pct_unemployed + acs_pct_no_vehicle + acs_pct_nonwhite + acs_median_household_income_10k + acs_pct_bachelor_plus
UCMC,NO2,Q2,8.583861067891124,Persistent RF,3,7,0.26468174149746837,NO2 single-pollutant,age_10 + sex + race_ethnicity + charlson_score + index_year_f + acs_pct_poverty + acs_pct_unemployed + acs_pct_no_vehicle + acs_pct_nonwhite + acs_median_household_income_10k + acs_pct_bachelor_plus
UCMC,NO2,Q2,8.583861067891124,Persistent RF,3,7.25,0.26591145641999736,NO2 single-pollutant,age_10 + sex + race_ethnicity + charlson_score + index_year_f + acs_pct_poverty + acs_pct_unemployed + acs_pct_no_vehicle + acs_pct_nonwhite + acs_median_household_income_10k + acs_pct_bachelor_plus
UCMC,NO2,Q2,8.583861067891124,Persistent RF,3,7.5,0.2670387643666817,NO2 single-pollutant,age_10 + sex + race_ethnicity + charlson_score + index_year_f + acs_pct_poverty + acs_pct_unemployed + acs_pct_no_vehicle + acs_pct_nonwhite + acs_median_household_income_10k + acs_pct_bachelor_plus
UCMC,NO2,Q2,8.583861067891124,Persistent RF,3,7.75,0.2680637481131777,NO2 single-pollutant,age_10 + sex + race_ethnicity + charlson_score + index_year_f + acs_pct_poverty + acs_pct_unemployed + acs_pct_no_vehicle + acs_pct_nonwhite + acs_median_household_income_10k + acs_pct_bachelor_plus
UCMC,NO2,Q2,8.583861067891124,Persistent RF,3,8,0.26929380027710514,NO2 single-pollutant,age_10 + sex + race_ethnicity + charlson_score + index_year_f + acs_pct_poverty + acs_pct_unemployed + acs_pct_no_vehicle + acs_pct_nonwhite + acs_median_household_income_10k + acs_pct_bachelor_plus
UCMC,NO2,Q2,8.583861067891124,Persistent RF,3,8.25,0.27021631038448324,NO2 single-pollutant,age_10 + sex + race_ethnicity + charlson_score + index_year_f + acs_pct_poverty + acs_pct_unemployed + acs_pct_no_vehicle + acs_pct_nonwhite + acs_median_household_income_10k + acs_pct_bachelor_plus
UCMC,NO2,Q2,8.583861067891124,Persistent RF,3,8.5,0.27175387234950454,NO2 single-pollutant,age_10 + sex + race_ethnicity + charlson_score + index_year_f + acs_pct_poverty + acs_pct_unemployed + acs_pct_no_vehicle + acs_pct_nonwhite + acs_median_household_income_10k + acs_pct_bachelor_plus
UCMC,NO2,Q2,8.583861067891124,Persistent RF,3,8.75,0.27288145542062325,NO2 single-pollutant,age_10 + sex + race_ethnicity + charlson_score + index_year_f + acs_pct_poverty + acs_pct_unemployed + acs_pct_no_vehicle + acs_pct_nonwhite + acs_median_household_income_10k + acs_pct_bachelor_plus
UCMC,NO2,Q2,8.583861067891124,Persistent RF,3,9,0.27359905321801536,NO2 single-pollutant,age_10 + sex + race_ethnicity + charlson_score + index_year_f + acs_pct_poverty + acs_pct_unemployed + acs_pct_no_vehicle + acs_pct_nonwhite + acs_median_household_income_10k + acs_pct_bachelor_plus
UCMC,NO2,Q2,8.583861067891124,Persistent RF,3,9.25,0.27472680769968383,NO2 single-pollutant,age_10 + sex + race_ethnicity + charlson_score + index_year_f + acs_pct_poverty + acs_pct_unemployed + acs_pct_no_vehicle + acs_pct_nonwhite + acs_median_household_income_10k + acs_pct_bachelor_plus
UCMC,NO2,Q2,8.583861067891124,Persistent RF,3,9.5,0.27523944916995824,NO2 single-pollutant,age_10 + sex + race_ethnicity + charlson_score + index_year_f + acs_pct_poverty + acs_pct_unemployed + acs_pct_no_vehicle + acs_pct_nonwhite + acs_median_household_income_10k + acs_pct_bachelor_plus
UCMC,NO2,Q2,8.583861067891124,Persistent RF,3,9.75,0.2763672180452744,NO2 single-pollutant,age_10 + sex + race_ethnicity + charlson_score + index_year_f + acs_pct_poverty + acs_pct_unemployed + acs_pct_no_vehicle + acs_pct_nonwhite + acs_median_household_income_10k + acs_pct_bachelor_plus
UCMC,NO2,Q2,8.583861067891124,Persistent RF,3,10,0.2771873676570833,NO2 single-pollutant,age_10 + sex + race_ethnicity + charlson_score + index_year_f + acs_pct_poverty + acs_pct_unemployed + acs_pct_no_vehicle + acs_pct_nonwhite + acs_median_household_income_10k + acs_pct_bachelor_plus
UCMC,NO2,Q2,8.583861067891124,Persistent RF,3,10.25,0.2791353891905348,NO2 single-pollutant,age_10 + sex + race_ethnicity + charlson_score + index_year_f + acs_pct_poverty + acs_pct_unemployed + acs_pct_no_vehicle + acs_pct_nonwhite + acs_median_household_income_10k + acs_pct_bachelor_plus
UCMC,NO2,Q2,8.583861067891124,Persistent RF,3,10.5,0.27964804739341464,NO2 single-pollutant,age_10 + sex + race_ethnicity + charlson_score + index_year_f + acs_pct_poverty + acs_pct_unemployed + acs_pct_no_vehicle + acs_pct_nonwhite + acs_median_household_income_10k + acs_pct_bachelor_plus
UCMC,NO2,Q2,8.583861067891124,Persistent RF,3,10.75,0.28036572733056286,NO2 single-pollutant,age_10 + sex + race_ethnicity + charlson_score + index_year_f + acs_pct_poverty + acs_pct_unemployed + acs_pct_no_vehicle + acs_pct_nonwhite + acs_median_household_income_10k + acs_pct_bachelor_plus
UCMC,NO2,Q2,8.583861067891124,Persistent RF,3,11,0.2807758576231666,NO2 single-pollutant,age_10 + sex + race_ethnicity + charlson_score + index_year_f + acs_pct_poverty + acs_pct_unemployed + acs_pct_no_vehicle + acs_pct_nonwhite + acs_median_household_income_10k + acs_pct_bachelor_plus
UCMC,NO2,Q2,8.583861067891124,Persistent RF,3,11.25,0.2818012490129763,NO2 single-pollutant,age_10 + sex + race_ethnicity + charlson_score + index_year_f + acs_pct_poverty + acs_pct_unemployed + acs_pct_no_vehicle + acs_pct_nonwhite + acs_median_household_income_10k + acs_pct_bachelor_plus
UCMC,NO2,Q2,8.583861067891124,Persistent RF,3,11.5,0.28262159291754163,NO2 single-pollutant,age_10 + sex + race_ethnicity + charlson_score + index_year_f + acs_pct_poverty + acs_pct_unemployed + acs_pct_no_vehicle + acs_pct_nonwhite + acs_median_household_income_10k + acs_pct_bachelor_plus
UCMC,NO2,Q2,8.583861067891124,Persistent RF,3,11.75,0.28374968951048496,NO2 single-pollutant,age_10 + sex + race_ethnicity + charlson_score + index_year_f + acs_pct_poverty + acs_pct_unemployed + acs_pct_no_vehicle + acs_pct_nonwhite + acs_median_household_income_10k + acs_pct_bachelor_plus
UCMC,NO2,Q2,8.583861067891124,Persistent RF,3,12,0.2848778936866583,NO2 single-pollutant,age_10 + sex + race_ethnicity + charlson_score + index_year_f + acs_pct_poverty + acs_pct_unemployed + acs_pct_no_vehicle + acs_pct_nonwhite + acs_median_household_income_10k + acs_pct_bachelor_plus
UCMC,NO2,Q2,8.583861067891124,Persistent RF,3,12.25,0.2866216980777925,NO2 single-pollutant,age_10 + sex + race_ethnicity + charlson_score + index_year_f + acs_pct_poverty + acs_pct_unemployed + acs_pct_no_vehicle + acs_pct_nonwhite + acs_median_household_income_10k + acs_pct_bachelor_plus
UCMC,NO2,Q2,8.583861067891124,Persistent RF,3,12.5,0.2872372766549435,NO2 single-pollutant,age_10 + sex + race_ethnicity + charlson_score + index_year_f + acs_pct_poverty + acs_pct_unemployed + acs_pct_no_vehicle + acs_pct_nonwhite + acs_median_household_income_10k + acs_pct_bachelor_plus
UCMC,NO2,Q2,8.583861067891124,Persistent RF,3,12.75,0.2875450712648948,NO2 single-pollutant,age_10 + sex + race_ethnicity + charlson_score + index_year_f + acs_pct_poverty + acs_pct_unemployed + acs_pct_no_vehicle + acs_pct_nonwhite + acs_median_household_income_10k + acs_pct_bachelor_plus
UCMC,NO2,Q2,8.583861067891124,Persistent RF,3,13,0.28795544474108925,NO2 single-pollutant,age_10 + sex + race_ethnicity + charlson_score + index_year_f + acs_pct_poverty + acs_pct_unemployed + acs_pct_no_vehicle + acs_pct_nonwhite + acs_median_household_income_10k + acs_pct_bachelor_plus
UCMC,NO2,Q2,8.583861067891124,Persistent RF,3,13.25,0.28846837912084866,NO2 single-pollutant,age_10 + sex + race_ethnicity + charlson_score + index_year_f + acs_pct_poverty + acs_pct_unemployed + acs_pct_no_vehicle + acs_pct_nonwhite + acs_median_household_income_10k + acs_pct_bachelor_plus
UCMC,NO2,Q2,8.583861067891124,Persistent RF,3,13.5,0.2890838816282265,NO2 single-pollutant,age_10 + sex + race_ethnicity + charlson_score + index_year_f + acs_pct_poverty + acs_pct_unemployed + acs_pct_no_vehicle + acs_pct_nonwhite + acs_median_household_income_10k + acs_pct_bachelor_plus
UCMC,NO2,Q2,8.583861067891124,Persistent RF,3,13.75,0.28939165989401083,NO2 single-pollutant,age_10 + sex + race_ethnicity + charlson_score + index_year_f + acs_pct_poverty + acs_pct_unemployed + acs_pct_no_vehicle + acs_pct_nonwhite + acs_median_household_income_10k + acs_pct_bachelor_plus
UCMC,NO2,Q2,8.583861067891124,Persistent RF,3,14,0.29010982478555325,NO2 single-pollutant,age_10 + sex + race_ethnicity + charlson_score + index_year_f + acs_pct_poverty + acs_pct_unemployed + acs_pct_no_vehicle + acs_pct_nonwhite + acs_median_household_income_10k + acs_pct_bachelor_plus
UCMC,NO2,Q2,8.583861067891124,Persistent RF,3,14.25,0.2914437485004233,NO2 single-pollutant,age_10 + sex + race_ethnicity + charlson_score + index_year_f + acs_pct_poverty + acs_pct_unemployed + acs_pct_no_vehicle + acs_pct_nonwhite + acs_median_household_income_10k + acs_pct_bachelor_plus
UCMC,NO2,Q2,8.583861067891124,Persistent RF,3,14.5,0.2919568444095565,NO2 single-pollutant,age_10 + sex + race_ethnicity + charlson_score + index_year_f + acs_pct_poverty + acs_pct_unemployed + acs_pct_no_vehicle + acs_pct_nonwhite + acs_median_household_income_10k + acs_pct_bachelor_plus
UCMC,NO2,Q2,8.583861067891124,Persistent RF,3,14.75,0.2923673196101858,NO2 single-pollutant,age_10 + sex + race_ethnicity + charlson_score + index_year_f + acs_pct_poverty + acs_pct_unemployed + acs_pct_no_vehicle + acs_pct_nonwhite + acs_median_household_income_10k + acs_pct_bachelor_plus
UCMC,NO2,Q2,8.583861067891124,Persistent RF,3,15,0.2928804086713198,NO2 single-pollutant,age_10 + sex + race_ethnicity + charlson_score + index_year_f + acs_pct_poverty + acs_pct_unemployed + acs_pct_no_vehicle + acs_pct_nonwhite + acs_median_household_income_10k + acs_pct_bachelor_plus
UCMC,NO2,Q2,8.583861067891124,Persistent RF,3,15.25,0.29349609710055646,NO2 single-pollutant,age_10 + sex + race_ethnicity + charlson_score + index_year_f + acs_pct_poverty + acs_pct_unemployed + acs_pct_no_vehicle + acs_pct_nonwhite + acs_median_household_income_10k + acs_pct_bachelor_plus
UCMC,NO2,Q2,8.583861067891124,Persistent RF,3,15.5,0.29431701421242573,NO2 single-pollutant,age_10 + sex + race_ethnicity + charlson_score + index_year_f + acs_pct_poverty + acs_pct_unemployed + acs_pct_no_vehicle + acs_pct_nonwhite + acs_median_household_income_10k + acs_pct_bachelor_plus
UCMC,NO2,Q2,8.583861067891124,Persistent RF,3,15.75,0.29472749540138055,NO2 single-pollutant,age_10 + sex + race_ethnicity + charlson_score + index_year_f + acs_pct_poverty + acs_pct_unemployed + acs_pct_no_vehicle + acs_pct_nonwhite + acs_median_household_income_10k + acs_pct_bachelor_plus
UCMC,NO2,Q2,8.583861067891124,Persistent RF,3,16,0.2954458293267125,NO2 single-pollutant,age_10 + sex + race_ethnicity + charlson_score + index_year_f + acs_pct_poverty + acs_pct_unemployed + acs_pct_no_vehicle + acs_pct_nonwhite + acs_median_household_income_10k + acs_pct_bachelor_plus
UCMC,NO2,Q2,8.583861067891124,Persistent RF,3,16.25,0.2959589439379231,NO2 single-pollutant,age_10 + sex + race_ethnicity + charlson_score + index_year_f + acs_pct_poverty + acs_pct_unemployed + acs_pct_no_vehicle + acs_pct_nonwhite + acs_median_household_income_10k + acs_pct_bachelor_plus
UCMC,NO2,Q2,8.583861067891124,Persistent RF,3,16.5,0.2966773031085772,NO2 single-pollutant,age_10 + sex + race_ethnicity + charlson_score + index_year_f + acs_pct_poverty + acs_pct_unemployed + acs_pct_no_vehicle + acs_pct_nonwhite + acs_median_household_income_10k + acs_pct_bachelor_plus
UCMC,NO2,Q2,8.583861067891124,Persistent RF,3,16.75,0.29729303718469247,NO2 single-pollutant,age_10 + sex + race_ethnicity + charlson_score + index_year_f + acs_pct_poverty + acs_pct_unemployed + acs_pct_no_vehicle + acs_pct_nonwhite + acs_median_household_income_10k + acs_pct_bachelor_plus
UCMC,NO2,Q2,8.583861067891124,Persistent RF,3,17,0.2978061709641896,NO2 single-pollutant,age_10 + sex + race_ethnicity + charlson_score + index_year_f + acs_pct_poverty + acs_pct_unemployed + acs_pct_no_vehicle + acs_pct_nonwhite + acs_median_household_income_10k + acs_pct_bachelor_plus
UCMC,NO2,Q2,8.583861067891124,Persistent RF,3,17.25,0.2984219570873171,NO2 single-pollutant,age_10 + sex + race_ethnicity + charlson_score + index_year_f + acs_pct_poverty + acs_pct_unemployed + acs_pct_no_vehicle + acs_pct_nonwhite + acs_median_household_income_10k + acs_pct_bachelor_plus
UCMC,NO2,Q2,8.583861067891124,Persistent RF,3,17.5,0.29903777468021453,NO2 single-pollutant,age_10 + sex + race_ethnicity + charlson_score + index_year_f + acs_pct_poverty + acs_pct_unemployed + acs_pct_no_vehicle + acs_pct_nonwhite + acs_median_household_income_10k + acs_pct_bachelor_plus
UCMC,NO2,Q2,8.583861067891124,Persistent RF,3,17.75,0.29924303990965695,NO2 single-pollutant,age_10 + sex + race_ethnicity + charlson_score + index_year_f + acs_pct_poverty + acs_pct_unemployed + acs_pct_no_vehicle + acs_pct_nonwhite + acs_median_household_income_10k + acs_pct_bachelor_plus
UCMC,NO2,Q2,8.583861067891124,Persistent RF,3,18,0.29985882988397417,NO2 single-pollutant,age_10 + sex + race_ethnicity + charlson_score + index_year_f + acs_pct_poverty + acs_pct_unemployed + acs_pct_no_vehicle + acs_pct_nonwhite + acs_median_household_income_10k + acs_pct_bachelor_plus
UCMC,NO2,Q2,8.583861067891124,Persistent RF,3,18.25,0.30129557652490824,NO2 single-pollutant,age_10 + sex + race_ethnicity + charlson_score + index_year_f + acs_pct_poverty + acs_pct_unemployed + acs_pct_no_vehicle + acs_pct_nonwhite + acs_median_household_income_10k + acs_pct_bachelor_plus
UCMC,NO2,Q2,8.583861067891124,Persistent RF,3,18.5,0.301603469546433,NO2 single-pollutant,age_10 + sex + race_ethnicity + charlson_score + index_year_f + acs_pct_poverty + acs_pct_unemployed + acs_pct_no_vehicle + acs_pct_nonwhite + acs_median_household_income_10k + acs_pct_bachelor_plus
UCMC,NO2,Q2,8.583861067891124,Persistent RF,3,18.75,0.3020140046285541,NO2 single-pollutant,age_10 + sex + race_ethnicity + charlson_score + index_year_f + acs_pct_poverty + acs_pct_unemployed + acs_pct_no_vehicle + acs_pct_nonwhite + acs_median_household_income_10k + acs_pct_bachelor_plus
UCMC,NO2,Q2,8.583861067891124,Persistent RF,3,19,0.3022192744678409,NO2 single-pollutant,age_10 + sex + race_ethnicity + charlson_score + index_year_f + acs_pct_poverty + acs_pct_unemployed + acs_pct_no_vehicle + acs_pct_nonwhite + acs_median_household_income_10k + acs_pct_bachelor_plus
UCMC,NO2,Q2,8.583861067891124,Persistent RF,3,19.25,0.3027324828212593,NO2 single-pollutant,age_10 + sex + race_ethnicity + charlson_score + index_year_f + acs_pct_poverty + acs_pct_unemployed + acs_pct_no_vehicle + acs_pct_nonwhite + acs_median_household_income_10k + acs_pct_bachelor_plus
UCMC,NO2,Q2,8.583861067891124,Persistent RF,3,19.5,0.3029377728908852,NO2 single-pollutant,age_10 + sex + race_ethnicity + charlson_score + index_year_f + acs_pct_poverty + acs_pct_unemployed + acs_pct_no_vehicle + acs_pct_nonwhite + acs_median_household_income_10k + acs_pct_bachelor_plus
UCMC,NO2,Q2,8.583861067891124,Persistent RF,3,19.75,0.30334838309692536,NO2 single-pollutant,age_10 + sex + race_ethnicity + charlson_score + index_year_f + acs_pct_poverty + acs_pct_unemployed + acs_pct_no_vehicle + acs_pct_nonwhite + acs_median_household_income_10k + acs_pct_bachelor_plus
UCMC,NO2,Q2,8.583861067891124,Persistent RF,3,20,0.303553697662698,NO2 single-pollutant,age_10 + sex + race_ethnicity + charlson_score + index_year_f + acs_pct_poverty + acs_pct_unemployed + acs_pct_no_vehicle + acs_pct_nonwhite + acs_median_household_income_10k + acs_pct_bachelor_plus
UCMC,NO2,Q2,8.583861067891124,Persistent RF,3,20.25,0.304272349818706,NO2 single-pollutant,age_10 + sex + race_ethnicity + charlson_score + index_year_f + acs_pct_poverty + acs_pct_unemployed + acs_pct_no_vehicle + acs_pct_nonwhite + acs_median_household_income_10k + acs_pct_bachelor_plus
UCMC,NO2,Q2,8.583861067891124,Persistent RF,3,20.5,0.3044776823169366,NO2 single-pollutant,age_10 + sex + race_ethnicity + charlson_score + index_year_f + acs_pct_poverty + acs_pct_unemployed + acs_pct_no_vehicle + acs_pct_nonwhite + acs_median_household_income_10k + acs_pct_bachelor_plus
UCMC,NO2,Q2,8.583861067891124,Persistent RF,3,20.75,0.3047856654155857,NO2 single-pollutant,age_10 + sex + race_ethnicity + charlson_score + index_year_f + acs_pct_poverty + acs_pct_unemployed + acs_pct_no_vehicle + acs_pct_nonwhite + acs_median_household_income_10k + acs_pct_bachelor_plus
UCMC,NO2,Q2,8.583861067891124,Persistent RF,3,21,0.3055043291719364,NO2 single-pollutant,age_10 + sex + race_ethnicity + charlson_score + index_year_f + acs_pct_poverty + acs_pct_unemployed + acs_pct_no_vehicle + acs_pct_nonwhite + acs_median_household_income_10k + acs_pct_bachelor_plus
UCMC,NO2,Q2,8.583861067891124,Persistent RF,3,21.25,0.3060176364272398,NO2 single-pollutant,age_10 + sex + race_ethnicity + charlson_score + index_year_f + acs_pct_poverty + acs_pct_unemployed + acs_pct_no_vehicle + acs_pct_nonwhite + acs_median_household_income_10k + acs_pct_bachelor_plus
UCMC,NO2,Q2,8.583861067891124,Persistent RF,3,21.5,0.3063256138593784,NO2 single-pollutant,age_10 + sex + race_ethnicity + charlson_score + index_year_f + acs_pct_poverty + acs_pct_unemployed + acs_pct_no_vehicle + acs_pct_nonwhite + acs_median_household_income_10k + acs_pct_bachelor_plus
UCMC,NO2,Q2,8.583861067891124,Persistent RF,3,21.75,0.30673628490138705,NO2 single-pollutant,age_10 + sex + race_ethnicity + charlson_score + index_year_f + acs_pct_poverty + acs_pct_unemployed + acs_pct_no_vehicle + acs_pct_nonwhite + acs_median_household_income_10k + acs_pct_bachelor_plus
UCMC,NO2,Q2,8.583861067891124,Persistent RF,3,22,0.3082763671521678,NO2 single-pollutant,age_10 + sex + race_ethnicity + charlson_score + index_year_f + acs_pct_poverty + acs_pct_unemployed + acs_pct_no_vehicle + acs_pct_nonwhite + acs_median_household_income_10k + acs_pct_bachelor_plus
UCMC,NO2,Q2,8.583861067891124,Persistent RF,3,22.25,0.30848171143224223,NO2 single-pollutant,age_10 + sex + race_ethnicity + charlson_score + index_year_f + acs_pct_poverty + acs_pct_unemployed + acs_pct_no_vehicle + acs_pct_nonwhite + acs_median_household_income_10k + acs_pct_bachelor_plus
UCMC,NO2,Q2,8.583861067891124,Persistent RF,3,22.5,0.30889243066213856,NO2 single-pollutant,age_10 + sex + race_ethnicity + charlson_score + index_year_f + acs_pct_poverty + acs_pct_unemployed + acs_pct_no_vehicle + acs_pct_nonwhite + acs_median_household_income_10k + acs_pct_bachelor_plus
UCMC,NO2,Q2,8.583861067891124,Persistent RF,3,22.75,0.30909780605497117,NO2 single-pollutant,age_10 + sex + race_ethnicity + charlson_score + index_year_f + acs_pct_poverty + acs_pct_unemployed + acs_pct_no_vehicle + acs_pct_nonwhite + acs_median_household_income_10k + acs_pct_bachelor_plus
UCMC,NO2,Q2,8.583861067891124,Persistent RF,3,23,0.30950858350925314,NO2 single-pollutant,age_10 + sex + race_ethnicity + charlson_score + index_year_f + acs_pct_poverty + acs_pct_unemployed + acs_pct_no_vehicle + acs_pct_nonwhite + acs_median_household_income_10k + acs_pct_bachelor_plus
UCMC,NO2,Q2,8.583861067891124,Persistent RF,3,23.25,0.30991939227163345,NO2 single-pollutant,age_10 + sex + race_ethnicity + charlson_score + index_year_f + acs_pct_poverty + acs_pct_unemployed + acs_pct_no_vehicle + acs_pct_nonwhite + acs_median_household_income_10k + acs_pct_bachelor_plus
UCMC,NO2,Q2,8.583861067891124,Persistent RF,3,23.5,0.3108437214931532,NO2 single-pollutant,age_10 + sex + race_ethnicity + charlson_score + index_year_f + acs_pct_poverty + acs_pct_unemployed + acs_pct_no_vehicle + acs_pct_nonwhite + acs_median_household_income_10k + acs_pct_bachelor_plus
UCMC,NO2,Q2,8.583861067891124,Persistent RF,3,23.75,0.31094642257756266,NO2 single-pollutant,age_10 + sex + race_ethnicity + charlson_score + index_year_f + acs_pct_poverty + acs_pct_unemployed + acs_pct_no_vehicle + acs_pct_nonwhite + acs_median_household_income_10k + acs_pct_bachelor_plus
UCMC,NO2,Q2,8.583861067891124,Persistent RF,3,24,0.31104911863778495,NO2 single-pollutant,age_10 + sex + race_ethnicity + charlson_score + index_year_f + acs_pct_poverty + acs_pct_unemployed + acs_pct_no_vehicle + acs_pct_nonwhite + acs_median_household_income_10k + acs_pct_bachelor_plus
UCMC,NO2,Q2,8.583861067891124,Persistent RF,3,24.25,0.31166529730719816,NO2 single-pollutant,age_10 + sex + race_ethnicity + charlson_score + index_year_f + acs_pct_poverty + acs_pct_unemployed + acs_pct_no_vehicle + acs_pct_nonwhite + acs_median_household_income_10k + acs_pct_bachelor_plus
UCMC,NO2,Q2,8.583861067891124,Persistent RF,3,24.5,0.3121787704281518,NO2 single-pollutant,age_10 + sex + race_ethnicity + charlson_score + index_year_f + acs_pct_poverty + acs_pct_unemployed + acs_pct_no_vehicle + acs_pct_nonwhite + acs_median_household_income_10k + acs_pct_bachelor_plus
UCMC,NO2,Q2,8.583861067891124,Persistent RF,3,24.75,0.3124868682953885,NO2 single-pollutant,age_10 + sex + race_ethnicity + charlson_score + index_year_f + acs_pct_poverty + acs_pct_unemployed + acs_pct_no_vehicle + acs_pct_nonwhite + acs_median_household_income_10k + acs_pct_bachelor_plus
UCMC,NO2,Q2,8.583861067891124,Persistent RF,3,25,0.3125895660756667,NO2 single-pollutant,age_10 + sex + race_ethnicity + charlson_score + index_year_f + acs_pct_poverty + acs_pct_unemployed + acs_pct_no_vehicle + acs_pct_nonwhite + acs_median_household_income_10k + acs_pct_bachelor_plus
UCMC,NO2,Q2,8.583861067891124,Persistent RF,3,25.25,0.31279495965733883,NO2 single-pollutant,age_10 + sex + race_ethnicity + charlson_score + index_year_f + acs_pct_poverty + acs_pct_unemployed + acs_pct_no_vehicle + acs_pct_nonwhite + acs_median_household_income_10k + acs_pct_bachelor_plus
UCMC,NO2,Q2,8.583861067891124,Persistent RF,3,25.5,0.3128976594287457,NO2 single-pollutant,age_10 + sex + race_ethnicity + charlson_score + index_year_f + acs_pct_poverty + acs_pct_unemployed + acs_pct_no_vehicle + acs_pct_nonwhite + acs_median_household_income_10k + acs_pct_bachelor_plus
UCMC,NO2,Q2,8.583861067891124,Persistent RF,3,25.75,0.3131030637836467,NO2 single-pollutant,age_10 + sex + race_ethnicity + charlson_score + index_year_f + acs_pct_poverty + acs_pct_unemployed + acs_pct_no_vehicle + acs_pct_nonwhite + acs_median_household_income_10k + acs_pct_bachelor_plus
UCMC,NO2,Q2,8.583861067891124,Persistent RF,3,26,0.3132057672978862,NO2 single-pollutant,age_10 + sex + race_ethnicity + charlson_score + index_year_f + acs_pct_poverty + acs_pct_unemployed + acs_pct_no_vehicle + acs_pct_nonwhite + acs_median_household_income_10k + acs_pct_bachelor_plus
UCMC,NO2,Q2,8.583861067891124,Persistent RF,3,26.25,0.3133084697142977,NO2 single-pollutant,age_10 + sex + race_ethnicity + charlson_score + index_year_f + acs_pct_poverty + acs_pct_unemployed + acs_pct_no_vehicle + acs_pct_nonwhite + acs_median_household_income_10k + acs_pct_bachelor_plus
UCMC,NO2,Q2,8.583861067891124,Persistent RF,3,26.5,0.3134111735153946,NO2 single-pollutant,age_10 + sex + race_ethnicity + charlson_score + index_year_f + acs_pct_poverty + acs_pct_unemployed + acs_pct_no_vehicle + acs_pct_nonwhite + acs_median_household_income_10k + acs_pct_bachelor_plus
UCMC,NO2,Q2,8.583861067891124,Persistent RF,3,26.75,0.31382198149849705,NO2 single-pollutant,age_10 + sex + race_ethnicity + charlson_score + index_year_f + acs_pct_poverty + acs_pct_unemployed + acs_pct_no_vehicle + acs_pct_nonwhite + acs_median_household_income_10k + acs_pct_bachelor_plus
UCMC,NO2,Q2,8.583861067891124,Persistent RF,3,27,0.31382198149849705,NO2 single-pollutant,age_10 + sex + race_ethnicity + charlson_score + index_year_f + acs_pct_poverty + acs_pct_unemployed + acs_pct_no_vehicle + acs_pct_nonwhite + acs_median_household_income_10k + acs_pct_bachelor_plus
UCMC,NO2,Q2,8.583861067891124,Persistent RF,3,27.25,0.31402739123809587,NO2 single-pollutant,age_10 + sex + race_ethnicity + charlson_score + index_year_f + acs_pct_poverty + acs_pct_unemployed + acs_pct_no_vehicle + acs_pct_nonwhite + acs_median_household_income_10k + acs_pct_bachelor_plus
UCMC,NO2,Q2,8.583861067891124,Persistent RF,3,27.5,0.3143354994651011,NO2 single-pollutant,age_10 + sex + race_ethnicity + charlson_score + index_year_f + acs_pct_poverty + acs_pct_unemployed + acs_pct_no_vehicle + acs_pct_nonwhite + acs_median_household_income_10k + acs_pct_bachelor_plus
UCMC,NO2,Q2,8.583861067891124,Persistent RF,3,27.75,0.314438198697801,NO2 single-pollutant,age_10 + sex + race_ethnicity + charlson_score + index_year_f + acs_pct_poverty + acs_pct_unemployed + acs_pct_no_vehicle + acs_pct_nonwhite + acs_median_household_income_10k + acs_pct_bachelor_plus
UCMC,NO2,Q2,8.583861067891124,Persistent RF,3,28,0.31454089882064884,NO2 single-pollutant,age_10 + sex + race_ethnicity + charlson_score + index_year_f + acs_pct_poverty + acs_pct_unemployed + acs_pct_no_vehicle + acs_pct_nonwhite + acs_median_household_income_10k + acs_pct_bachelor_plus
UCMC,NO2,Q3,9.74493387838205,Persistent RF,3,0,0,NO2 single-pollutant,age_10 + sex + race_ethnicity + charlson_score + index_year_f + acs_pct_poverty + acs_pct_unemployed + acs_pct_no_vehicle + acs_pct_nonwhite + acs_median_household_income_10k + acs_pct_bachelor_plus
UCMC,NO2,Q3,9.74493387838205,Persistent RF,3,0.25,1.0140990948970252e-4,NO2 single-pollutant,age_10 + sex + race_ethnicity + charlson_score + index_year_f + acs_pct_poverty + acs_pct_unemployed + acs_pct_no_vehicle + acs_pct_nonwhite + acs_median_household_income_10k + acs_pct_bachelor_plus
UCMC,NO2,Q3,9.74493387838205,Persistent RF,3,0.5,3.0422849254951867e-4,NO2 single-pollutant,age_10 + sex + race_ethnicity + charlson_score + index_year_f + acs_pct_poverty + acs_pct_unemployed + acs_pct_no_vehicle + acs_pct_nonwhite + acs_median_household_income_10k + acs_pct_bachelor_plus
UCMC,NO2,Q3,9.74493387838205,Persistent RF,3,0.75,7.098708001027632e-4,NO2 single-pollutant,age_10 + sex + race_ethnicity + charlson_score + index_year_f + acs_pct_poverty + acs_pct_unemployed + acs_pct_no_vehicle + acs_pct_nonwhite + acs_median_household_income_10k + acs_pct_bachelor_plus
UCMC,NO2,Q3,9.74493387838205,Persistent RF,3,1,0.0015211723328313331,NO2 single-pollutant,age_10 + sex + race_ethnicity + charlson_score + index_year_f + acs_pct_poverty + acs_pct_unemployed + acs_pct_no_vehicle + acs_pct_nonwhite + acs_median_household_income_10k + acs_pct_bachelor_plus
UCMC,NO2,Q3,9.74493387838205,Persistent RF,3,1.25,0.013992798291756925,NO2 single-pollutant,age_10 + sex + race_ethnicity + charlson_score + index_year_f + acs_pct_poverty + acs_pct_unemployed + acs_pct_no_vehicle + acs_pct_nonwhite + acs_median_household_income_10k + acs_pct_bachelor_plus
UCMC,NO2,Q3,9.74493387838205,Persistent RF,3,1.5,0.046437123795946444,NO2 single-pollutant,age_10 + sex + race_ethnicity + charlson_score + index_year_f + acs_pct_poverty + acs_pct_unemployed + acs_pct_no_vehicle + acs_pct_nonwhite + acs_median_household_income_10k + acs_pct_bachelor_plus
UCMC,NO2,Q3,9.74493387838205,Persistent RF,3,1.75,0.06621636779461104,NO2 single-pollutant,age_10 + sex + race_ethnicity + charlson_score + index_year_f + acs_pct_poverty + acs_pct_unemployed + acs_pct_no_vehicle + acs_pct_nonwhite + acs_median_household_income_10k + acs_pct_bachelor_plus
UCMC,NO2,Q3,9.74493387838205,Persistent RF,3,2,0.09301927246529929,NO2 single-pollutant,age_10 + sex + race_ethnicity + charlson_score + index_year_f + acs_pct_poverty + acs_pct_unemployed + acs_pct_no_vehicle + acs_pct_nonwhite + acs_median_household_income_10k + acs_pct_bachelor_plus
UCMC,NO2,Q3,9.74493387838205,Persistent RF,3,2.25,0.13517036546270988,NO2 single-pollutant,age_10 + sex + race_ethnicity + charlson_score + index_year_f + acs_pct_poverty + acs_pct_unemployed + acs_pct_no_vehicle + acs_pct_nonwhite + acs_median_household_income_10k + acs_pct_bachelor_plus
UCMC,NO2,Q3,9.74493387838205,Persistent RF,3,2.5,0.1659570513834696,NO2 single-pollutant,age_10 + sex + race_ethnicity + charlson_score + index_year_f + acs_pct_poverty + acs_pct_unemployed + acs_pct_no_vehicle + acs_pct_nonwhite + acs_median_household_income_10k + acs_pct_bachelor_plus
UCMC,NO2,Q3,9.74493387838205,Persistent RF,3,2.75,0.17977999303020897,NO2 single-pollutant,age_10 + sex + race_ethnicity + charlson_score + index_year_f + acs_pct_poverty + acs_pct_unemployed + acs_pct_no_vehicle + acs_pct_nonwhite + acs_median_household_income_10k + acs_pct_bachelor_plus
UCMC,NO2,Q3,9.74493387838205,Persistent RF,3,3,0.19239110351377686,NO2 single-pollutant,age_10 + sex + race_ethnicity + charlson_score + index_year_f + acs_pct_poverty + acs_pct_unemployed + acs_pct_no_vehicle + acs_pct_nonwhite + acs_median_household_income_10k + acs_pct_bachelor_plus
UCMC,NO2,Q3,9.74493387838205,Persistent RF,3,3.25,0.20480891380997424,NO2 single-pollutant,age_10 + sex + race_ethnicity + charlson_score + index_year_f + acs_pct_poverty + acs_pct_unemployed + acs_pct_no_vehicle + acs_pct_nonwhite + acs_median_household_income_10k + acs_pct_bachelor_plus
UCMC,NO2,Q3,9.74493387838205,Persistent RF,3,3.5,0.21580798746473895,NO2 single-pollutant,age_10 + sex + race_ethnicity + charlson_score + index_year_f + acs_pct_poverty + acs_pct_unemployed + acs_pct_no_vehicle + acs_pct_nonwhite + acs_median_household_income_10k + acs_pct_bachelor_plus
UCMC,NO2,Q3,9.74493387838205,Persistent RF,3,3.75,0.22161654527415664,NO2 single-pollutant,age_10 + sex + race_ethnicity + charlson_score + index_year_f + acs_pct_poverty + acs_pct_unemployed + acs_pct_no_vehicle + acs_pct_nonwhite + acs_median_household_income_10k + acs_pct_bachelor_plus
UCMC,NO2,Q3,9.74493387838205,Persistent RF,3,4,0.2278347914664901,NO2 single-pollutant,age_10 + sex + race_ethnicity + charlson_score + index_year_f + acs_pct_poverty + acs_pct_unemployed + acs_pct_no_vehicle + acs_pct_nonwhite + acs_median_household_income_10k + acs_pct_bachelor_plus
UCMC,NO2,Q3,9.74493387838205,Persistent RF,3,4.25,0.23436136842106747,NO2 single-pollutant,age_10 + sex + race_ethnicity + charlson_score + index_year_f + acs_pct_poverty + acs_pct_unemployed + acs_pct_no_vehicle + acs_pct_nonwhite + acs_median_household_income_10k + acs_pct_bachelor_plus
UCMC,NO2,Q3,9.74493387838205,Persistent RF,3,4.5,0.23895196452815726,NO2 single-pollutant,age_10 + sex + race_ethnicity + charlson_score + index_year_f + acs_pct_poverty + acs_pct_unemployed + acs_pct_no_vehicle + acs_pct_nonwhite + acs_median_household_income_10k + acs_pct_bachelor_plus
UCMC,NO2,Q3,9.74493387838205,Persistent RF,3,4.75,0.24252376340999415,NO2 single-pollutant,age_10 + sex + race_ethnicity + charlson_score + index_year_f + acs_pct_poverty + acs_pct_unemployed + acs_pct_no_vehicle + acs_pct_nonwhite + acs_median_household_income_10k + acs_pct_bachelor_plus
UCMC,NO2,Q3,9.74493387838205,Persistent RF,3,5,0.24548437363679976,NO2 single-pollutant,age_10 + sex + race_ethnicity + charlson_score + index_year_f + acs_pct_poverty + acs_pct_unemployed + acs_pct_no_vehicle + acs_pct_nonwhite + acs_median_household_income_10k + acs_pct_bachelor_plus
UCMC,NO2,Q3,9.74493387838205,Persistent RF,3,5.25,0.2486499804889417,NO2 single-pollutant,age_10 + sex + race_ethnicity + charlson_score + index_year_f + acs_pct_poverty + acs_pct_unemployed + acs_pct_no_vehicle + acs_pct_nonwhite + acs_median_household_income_10k + acs_pct_bachelor_plus
UCMC,NO2,Q3,9.74493387838205,Persistent RF,3,5.5,0.2504879822889915,NO2 single-pollutant,age_10 + sex + race_ethnicity + charlson_score + index_year_f + acs_pct_poverty + acs_pct_unemployed + acs_pct_no_vehicle + acs_pct_nonwhite + acs_median_household_income_10k + acs_pct_bachelor_plus
UCMC,NO2,Q3,9.74493387838205,Persistent RF,3,5.75,0.2527344521940771,NO2 single-pollutant,age_10 + sex + race_ethnicity + charlson_score + index_year_f + acs_pct_poverty + acs_pct_unemployed + acs_pct_no_vehicle + acs_pct_nonwhite + acs_median_household_income_10k + acs_pct_bachelor_plus
UCMC,NO2,Q3,9.74493387838205,Persistent RF,3,6,0.255594363528616,NO2 single-pollutant,age_10 + sex + race_ethnicity + charlson_score + index_year_f + acs_pct_poverty + acs_pct_unemployed + acs_pct_no_vehicle + acs_pct_nonwhite + acs_median_household_income_10k + acs_pct_bachelor_plus
UCMC,NO2,Q3,9.74493387838205,Persistent RF,3,6.25,0.2579439015881275,NO2 single-pollutant,age_10 + sex + race_ethnicity + charlson_score + index_year_f + acs_pct_poverty + acs_pct_unemployed + acs_pct_no_vehicle + acs_pct_nonwhite + acs_median_household_income_10k + acs_pct_bachelor_plus
UCMC,NO2,Q3,9.74493387838205,Persistent RF,3,6.5,0.2600896286031964,NO2 single-pollutant,age_10 + sex + race_ethnicity + charlson_score + index_year_f + acs_pct_poverty + acs_pct_unemployed + acs_pct_no_vehicle + acs_pct_nonwhite + acs_median_household_income_10k + acs_pct_bachelor_plus
UCMC,NO2,Q3,9.74493387838205,Persistent RF,3,6.75,0.2621335812928388,NO2 single-pollutant,age_10 + sex + race_ethnicity + charlson_score + index_year_f + acs_pct_poverty + acs_pct_unemployed + acs_pct_no_vehicle + acs_pct_nonwhite + acs_median_household_income_10k + acs_pct_bachelor_plus
UCMC,NO2,Q3,9.74493387838205,Persistent RF,3,7,0.2638711789365099,NO2 single-pollutant,age_10 + sex + race_ethnicity + charlson_score + index_year_f + acs_pct_poverty + acs_pct_unemployed + acs_pct_no_vehicle + acs_pct_nonwhite + acs_median_household_income_10k + acs_pct_bachelor_plus
UCMC,NO2,Q3,9.74493387838205,Persistent RF,3,7.25,0.26509784167398087,NO2 single-pollutant,age_10 + sex + race_ethnicity + charlson_score + index_year_f + acs_pct_poverty + acs_pct_unemployed + acs_pct_no_vehicle + acs_pct_nonwhite + acs_median_household_income_10k + acs_pct_bachelor_plus
UCMC,NO2,Q3,9.74493387838205,Persistent RF,3,7.5,0.26622235808125194,NO2 single-pollutant,age_10 + sex + race_ethnicity + charlson_score + index_year_f + acs_pct_poverty + acs_pct_unemployed + acs_pct_no_vehicle + acs_pct_nonwhite + acs_median_household_income_10k + acs_pct_bachelor_plus
UCMC,NO2,Q3,9.74493387838205,Persistent RF,3,7.75,0.26724480905160597,NO2 single-pollutant,age_10 + sex + race_ethnicity + charlson_score + index_year_f + acs_pct_poverty + acs_pct_unemployed + acs_pct_no_vehicle + acs_pct_nonwhite + acs_median_household_income_10k + acs_pct_bachelor_plus
UCMC,NO2,Q3,9.74493387838205,Persistent RF,3,8,0.2684718284809252,NO2 single-pollutant,age_10 + sex + race_ethnicity + charlson_score + index_year_f + acs_pct_poverty + acs_pct_unemployed + acs_pct_no_vehicle + acs_pct_nonwhite + acs_median_household_income_10k + acs_pct_bachelor_plus
UCMC,NO2,Q3,9.74493387838205,Persistent RF,3,8.25,0.26939206896531565,NO2 single-pollutant,age_10 + sex + race_ethnicity + charlson_score + index_year_f + acs_pct_poverty + acs_pct_unemployed + acs_pct_no_vehicle + acs_pct_nonwhite + acs_median_household_income_10k + acs_pct_bachelor_plus
UCMC,NO2,Q3,9.74493387838205,Persistent RF,3,8.5,0.2709258573806217,NO2 single-pollutant,age_10 + sex + race_ethnicity + charlson_score + index_year_f + acs_pct_poverty + acs_pct_unemployed + acs_pct_no_vehicle + acs_pct_nonwhite + acs_median_household_income_10k + acs_pct_bachelor_plus
UCMC,NO2,Q3,9.74493387838205,Persistent RF,3,8.75,0.2720506804636945,NO2 single-pollutant,age_10 + sex + race_ethnicity + charlson_score + index_year_f + acs_pct_poverty + acs_pct_unemployed + acs_pct_no_vehicle + acs_pct_nonwhite + acs_median_household_income_10k + acs_pct_bachelor_plus
UCMC,NO2,Q3,9.74493387838205,Persistent RF,3,9,0.2727665250492012,NO2 single-pollutant,age_10 + sex + race_ethnicity + charlson_score + index_year_f + acs_pct_poverty + acs_pct_unemployed + acs_pct_no_vehicle + acs_pct_nonwhite + acs_median_household_income_10k + acs_pct_bachelor_plus
UCMC,NO2,Q3,9.74493387838205,Persistent RF,3,9.25,0.2738915293589159,NO2 single-pollutant,age_10 + sex + race_ethnicity + charlson_score + index_year_f + acs_pct_poverty + acs_pct_unemployed + acs_pct_no_vehicle + acs_pct_nonwhite + acs_median_household_income_10k + acs_pct_bachelor_plus
UCMC,NO2,Q3,9.74493387838205,Persistent RF,3,9.5,0.2744029227598994,NO2 single-pollutant,age_10 + sex + race_ethnicity + charlson_score + index_year_f + acs_pct_poverty + acs_pct_unemployed + acs_pct_no_vehicle + acs_pct_nonwhite + acs_median_household_income_10k + acs_pct_bachelor_plus
UCMC,NO2,Q3,9.74493387838205,Persistent RF,3,9.75,0.2755279505495096,NO2 single-pollutant,age_10 + sex + race_ethnicity + charlson_score + index_year_f + acs_pct_poverty + acs_pct_unemployed + acs_pct_no_vehicle + acs_pct_nonwhite + acs_median_household_income_10k + acs_pct_bachelor_plus
UCMC,NO2,Q3,9.74493387838205,Persistent RF,3,10,0.2763461107015046,NO2 single-pollutant,age_10 + sex + race_ethnicity + charlson_score + index_year_f + acs_pct_poverty + acs_pct_unemployed + acs_pct_no_vehicle + acs_pct_nonwhite + acs_median_household_income_10k + acs_pct_bachelor_plus
UCMC,NO2,Q3,9.74493387838205,Persistent RF,3,10.25,0.2782894202060531,NO2 single-pollutant,age_10 + sex + race_ethnicity + charlson_score + index_year_f + acs_pct_poverty + acs_pct_unemployed + acs_pct_no_vehicle + acs_pct_nonwhite + acs_median_household_income_10k + acs_pct_bachelor_plus
UCMC,NO2,Q3,9.74493387838205,Persistent RF,3,10.5,0.2788008414763927,NO2 single-pollutant,age_10 + sex + race_ethnicity + charlson_score + index_year_f + acs_pct_poverty + acs_pct_unemployed + acs_pct_no_vehicle + acs_pct_nonwhite + acs_median_household_income_10k + acs_pct_bachelor_plus
UCMC,NO2,Q3,9.74493387838205,Persistent RF,3,10.75,0.2795167919993583,NO2 single-pollutant,age_10 + sex + race_ethnicity + charlson_score + index_year_f + acs_pct_poverty + acs_pct_unemployed + acs_pct_no_vehicle + acs_pct_nonwhite + acs_median_household_income_10k + acs_pct_bachelor_plus
UCMC,NO2,Q3,9.74493387838205,Persistent RF,3,11,0.27992593513777486,NO2 single-pollutant,age_10 + sex + race_ethnicity + charlson_score + index_year_f + acs_pct_poverty + acs_pct_unemployed + acs_pct_no_vehicle + acs_pct_nonwhite + acs_median_household_income_10k + acs_pct_bachelor_plus
UCMC,NO2,Q3,9.74493387838205,Persistent RF,3,11.25,0.280948862143215,NO2 single-pollutant,age_10 + sex + race_ethnicity + charlson_score + index_year_f + acs_pct_poverty + acs_pct_unemployed + acs_pct_no_vehicle + acs_pct_nonwhite + acs_median_household_income_10k + acs_pct_bachelor_plus
UCMC,NO2,Q3,9.74493387838205,Persistent RF,3,11.5,0.2817672382341865,NO2 single-pollutant,age_10 + sex + race_ethnicity + charlson_score + index_year_f + acs_pct_poverty + acs_pct_unemployed + acs_pct_no_vehicle + acs_pct_nonwhite + acs_median_household_income_10k + acs_pct_bachelor_plus
UCMC,NO2,Q3,9.74493387838205,Persistent RF,3,11.75,0.282892634264,NO2 single-pollutant,age_10 + sex + race_ethnicity + charlson_score + index_year_f + acs_pct_poverty + acs_pct_unemployed + acs_pct_no_vehicle + acs_pct_nonwhite + acs_median_household_income_10k + acs_pct_bachelor_plus
UCMC,NO2,Q3,9.74493387838205,Persistent RF,3,12,0.2840181439720063,NO2 single-pollutant,age_10 + sex + race_ethnicity + charlson_score + index_year_f + acs_pct_poverty + acs_pct_unemployed + acs_pct_no_vehicle + acs_pct_nonwhite + acs_median_household_income_10k + acs_pct_bachelor_plus
UCMC,NO2,Q3,9.74493387838205,Persistent RF,3,12.25,0.28575779619040853,NO2 single-pollutant,age_10 + sex + race_ethnicity + charlson_score + index_year_f + acs_pct_poverty + acs_pct_unemployed + acs_pct_no_vehicle + acs_pct_nonwhite + acs_median_household_income_10k + acs_pct_bachelor_plus
UCMC,NO2,Q3,9.74493387838205,Persistent RF,3,12.5,0.2863719126505482,NO2 single-pollutant,age_10 + sex + race_ethnicity + charlson_score + index_year_f + acs_pct_poverty + acs_pct_unemployed + acs_pct_no_vehicle + acs_pct_nonwhite + acs_median_household_income_10k + acs_pct_bachelor_plus
UCMC,NO2,Q3,9.74493387838205,Persistent RF,3,12.75,0.2866789769019832,NO2 single-pollutant,age_10 + sex + race_ethnicity + charlson_score + index_year_f + acs_pct_poverty + acs_pct_unemployed + acs_pct_no_vehicle + acs_pct_nonwhite + acs_median_household_income_10k + acs_pct_bachelor_plus
UCMC,NO2,Q3,9.74493387838205,Persistent RF,3,13,0.2870883773521459,NO2 single-pollutant,age_10 + sex + race_ethnicity + charlson_score + index_year_f + acs_pct_poverty + acs_pct_unemployed + acs_pct_no_vehicle + acs_pct_nonwhite + acs_median_household_income_10k + acs_pct_bachelor_plus
UCMC,NO2,Q3,9.74493387838205,Persistent RF,3,13.25,0.2876000967152742,NO2 single-pollutant,age_10 + sex + race_ethnicity + charlson_score + index_year_f + acs_pct_poverty + acs_pct_unemployed + acs_pct_no_vehicle + acs_pct_nonwhite + acs_median_household_income_10k + acs_pct_bachelor_plus
UCMC,NO2,Q3,9.74493387838205,Persistent RF,3,13.5,0.2882141429919999,NO2 single-pollutant,age_10 + sex + race_ethnicity + charlson_score + index_year_f + acs_pct_poverty + acs_pct_unemployed + acs_pct_no_vehicle + acs_pct_nonwhite + acs_median_household_income_10k + acs_pct_bachelor_plus
UCMC,NO2,Q3,9.74493387838205,Persistent RF,3,13.75,0.2885211937929262,NO2 single-pollutant,age_10 + sex + race_ethnicity + charlson_score + index_year_f + acs_pct_poverty + acs_pct_unemployed + acs_pct_no_vehicle + acs_pct_nonwhite + acs_median_household_income_10k + acs_pct_bachelor_plus
UCMC,NO2,Q3,9.74493387838205,Persistent RF,3,14,0.2892376630832797,NO2 single-pollutant,age_10 + sex + race_ethnicity + charlson_score + index_year_f + acs_pct_poverty + acs_pct_unemployed + acs_pct_no_vehicle + acs_pct_nonwhite + acs_median_household_income_10k + acs_pct_bachelor_plus
UCMC,NO2,Q3,9.74493387838205,Persistent RF,3,14.25,0.29056844427295203,NO2 single-pollutant,age_10 + sex + race_ethnicity + charlson_score + index_year_f + acs_pct_poverty + acs_pct_unemployed + acs_pct_no_vehicle + acs_pct_nonwhite + acs_median_household_income_10k + acs_pct_bachelor_plus
UCMC,NO2,Q3,9.74493387838205,Persistent RF,3,14.5,0.29108033379454135,NO2 single-pollutant,age_10 + sex + race_ethnicity + charlson_score + index_year_f + acs_pct_poverty + acs_pct_unemployed + acs_pct_no_vehicle + acs_pct_nonwhite + acs_median_household_income_10k + acs_pct_bachelor_plus
UCMC,NO2,Q3,9.74493387838205,Persistent RF,3,14.75,0.2914898448457419,NO2 single-pollutant,age_10 + sex + race_ethnicity + charlson_score + index_year_f + acs_pct_poverty + acs_pct_unemployed + acs_pct_no_vehicle + acs_pct_nonwhite + acs_median_household_income_10k + acs_pct_bachelor_plus
UCMC,NO2,Q3,9.74493387838205,Persistent RF,3,15,0.2920017299287556,NO2 single-pollutant,age_10 + sex + race_ethnicity + charlson_score + index_year_f + acs_pct_poverty + acs_pct_unemployed + acs_pct_no_vehicle + acs_pct_nonwhite + acs_median_household_income_10k + acs_pct_bachelor_plus
UCMC,NO2,Q3,9.74493387838205,Persistent RF,3,15.25,0.29261597538440987,NO2 single-pollutant,age_10 + sex + race_ethnicity + charlson_score + index_year_f + acs_pct_poverty + acs_pct_unemployed + acs_pct_no_vehicle + acs_pct_nonwhite + acs_median_household_income_10k + acs_pct_bachelor_plus
UCMC,NO2,Q3,9.74493387838205,Persistent RF,3,15.5,0.2934349715174467,NO2 single-pollutant,age_10 + sex + race_ethnicity + charlson_score + index_year_f + acs_pct_poverty + acs_pct_unemployed + acs_pct_no_vehicle + acs_pct_nonwhite + acs_median_household_income_10k + acs_pct_bachelor_plus
UCMC,NO2,Q3,9.74493387838205,Persistent RF,3,15.75,0.29384449344412933,NO2 single-pollutant,age_10 + sex + race_ethnicity + charlson_score + index_year_f + acs_pct_poverty + acs_pct_unemployed + acs_pct_no_vehicle + acs_pct_nonwhite + acs_median_household_income_10k + acs_pct_bachelor_plus
UCMC,NO2,Q3,9.74493387838205,Persistent RF,3,16,0.29456115073498346,NO2 single-pollutant,age_10 + sex + race_ethnicity + charlson_score + index_year_f + acs_pct_poverty + acs_pct_unemployed + acs_pct_no_vehicle + acs_pct_nonwhite + acs_median_household_income_10k + acs_pct_bachelor_plus
UCMC,NO2,Q3,9.74493387838205,Persistent RF,3,16.25,0.2950730693088751,NO2 single-pollutant,age_10 + sex + race_ethnicity + charlson_score + index_year_f + acs_pct_poverty + acs_pct_unemployed + acs_pct_no_vehicle + acs_pct_nonwhite + acs_median_household_income_10k + acs_pct_bachelor_plus
UCMC,NO2,Q3,9.74493387838205,Persistent RF,3,16.5,0.2957897562765538,NO2 single-pollutant,age_10 + sex + race_ethnicity + charlson_score + index_year_f + acs_pct_poverty + acs_pct_unemployed + acs_pct_no_vehicle + acs_pct_nonwhite + acs_median_household_income_10k + acs_pct_bachelor_plus
UCMC,NO2,Q3,9.74493387838205,Persistent RF,3,16.75,0.29640405912896406,NO2 single-pollutant,age_10 + sex + race_ethnicity + charlson_score + index_year_f + acs_pct_poverty + acs_pct_unemployed + acs_pct_no_vehicle + acs_pct_nonwhite + acs_median_household_income_10k + acs_pct_bachelor_plus
UCMC,NO2,Q3,9.74493387838205,Persistent RF,3,17,0.2969160016442306,NO2 single-pollutant,age_10 + sex + race_ethnicity + charlson_score + index_year_f + acs_pct_poverty + acs_pct_unemployed + acs_pct_no_vehicle + acs_pct_nonwhite + acs_median_household_income_10k + acs_pct_bachelor_plus
UCMC,NO2,Q3,9.74493387838205,Persistent RF,3,17.25,0.2975303599606338,NO2 single-pollutant,age_10 + sex + race_ethnicity + charlson_score + index_year_f + acs_pct_poverty + acs_pct_unemployed + acs_pct_no_vehicle + acs_pct_nonwhite + acs_median_household_income_10k + acs_pct_bachelor_plus
UCMC,NO2,Q3,9.74493387838205,Persistent RF,3,17.5,0.29814475160627185,NO2 single-pollutant,age_10 + sex + race_ethnicity + charlson_score + index_year_f + acs_pct_poverty + acs_pct_unemployed + acs_pct_no_vehicle + acs_pct_nonwhite + acs_median_household_income_10k + acs_pct_bachelor_plus
UCMC,NO2,Q3,9.74493387838205,Persistent RF,3,17.75,0.29834954196658403,NO2 single-pollutant,age_10 + sex + race_ethnicity + charlson_score + index_year_f + acs_pct_poverty + acs_pct_unemployed + acs_pct_no_vehicle + acs_pct_nonwhite + acs_median_household_income_10k + acs_pct_bachelor_plus
UCMC,NO2,Q3,9.74493387838205,Persistent RF,3,18,0.29896390863670586,NO2 single-pollutant,age_10 + sex + race_ethnicity + charlson_score + index_year_f + acs_pct_poverty + acs_pct_unemployed + acs_pct_no_vehicle + acs_pct_nonwhite + acs_median_household_income_10k + acs_pct_bachelor_plus
UCMC,NO2,Q3,9.74493387838205,Persistent RF,3,18.25,0.30039734198997714,NO2 single-pollutant,age_10 + sex + race_ethnicity + charlson_score + index_year_f + acs_pct_poverty + acs_pct_unemployed + acs_pct_no_vehicle + acs_pct_nonwhite + acs_median_household_income_10k + acs_pct_bachelor_plus
UCMC,NO2,Q3,9.74493387838205,Persistent RF,3,18.5,0.30070452635160894,NO2 single-pollutant,age_10 + sex + race_ethnicity + charlson_score + index_year_f + acs_pct_poverty + acs_pct_unemployed + acs_pct_no_vehicle + acs_pct_nonwhite + acs_median_household_income_10k + acs_pct_bachelor_plus
UCMC,NO2,Q3,9.74493387838205,Persistent RF,3,18.75,0.30111411728338,NO2 single-pollutant,age_10 + sex + race_ethnicity + charlson_score + index_year_f + acs_pct_poverty + acs_pct_unemployed + acs_pct_no_vehicle + acs_pct_nonwhite + acs_median_household_income_10k + acs_pct_bachelor_plus
UCMC,NO2,Q3,9.74493387838205,Persistent RF,3,19,0.3013189153659076,NO2 single-pollutant,age_10 + sex + race_ethnicity + charlson_score + index_year_f + acs_pct_poverty + acs_pct_unemployed + acs_pct_no_vehicle + acs_pct_nonwhite + acs_median_household_income_10k + acs_pct_bachelor_plus
UCMC,NO2,Q3,9.74493387838205,Persistent RF,3,19.25,0.3018309451946034,NO2 single-pollutant,age_10 + sex + race_ethnicity + charlson_score + index_year_f + acs_pct_poverty + acs_pct_unemployed + acs_pct_no_vehicle + acs_pct_nonwhite + acs_median_household_income_10k + acs_pct_bachelor_plus
UCMC,NO2,Q3,9.74493387838205,Persistent RF,3,19.5,0.3020357642169812,NO2 single-pollutant,age_10 + sex + race_ethnicity + charlson_score + index_year_f + acs_pct_poverty + acs_pct_unemployed + acs_pct_no_vehicle + acs_pct_nonwhite + acs_median_household_income_10k + acs_pct_bachelor_plus
UCMC,NO2,Q3,9.74493387838205,Persistent RF,3,19.75,0.3024454329081385,NO2 single-pollutant,age_10 + sex + race_ethnicity + charlson_score + index_year_f + acs_pct_poverty + acs_pct_unemployed + acs_pct_no_vehicle + acs_pct_nonwhite + acs_median_household_income_10k + acs_pct_bachelor_plus
UCMC,NO2,Q3,9.74493387838205,Persistent RF,3,20,0.302650277019229,NO2 single-pollutant,age_10 + sex + race_ethnicity + charlson_score + index_year_f + acs_pct_poverty + acs_pct_unemployed + acs_pct_no_vehicle + acs_pct_nonwhite + acs_median_household_income_10k + acs_pct_bachelor_plus
UCMC,NO2,Q3,9.74493387838205,Persistent RF,3,20.25,0.3033672841713463,NO2 single-pollutant,age_10 + sex + race_ethnicity + charlson_score + index_year_f + acs_pct_poverty + acs_pct_unemployed + acs_pct_no_vehicle + acs_pct_nonwhite + acs_median_household_income_10k + acs_pct_bachelor_plus
UCMC,NO2,Q3,9.74493387838205,Persistent RF,3,20.5,0.303572147148243,NO2 single-pollutant,age_10 + sex + race_ethnicity + charlson_score + index_year_f + acs_pct_poverty + acs_pct_unemployed + acs_pct_no_vehicle + acs_pct_nonwhite + acs_median_household_income_10k + acs_pct_bachelor_plus
UCMC,NO2,Q3,9.74493387838205,Persistent RF,3,20.75,0.3038794264070168,NO2 single-pollutant,age_10 + sex + race_ethnicity + charlson_score + index_year_f + acs_pct_poverty + acs_pct_unemployed + acs_pct_no_vehicle + acs_pct_nonwhite + acs_median_household_income_10k + acs_pct_bachelor_plus
UCMC,NO2,Q3,9.74493387838205,Persistent RF,3,21,0.3045964496843674,NO2 single-pollutant,age_10 + sex + race_ethnicity + charlson_score + index_year_f + acs_pct_poverty + acs_pct_unemployed + acs_pct_no_vehicle + acs_pct_nonwhite + acs_median_household_income_10k + acs_pct_bachelor_plus
UCMC,NO2,Q3,9.74493387838205,Persistent RF,3,21.25,0.3051085868513048,NO2 single-pollutant,age_10 + sex + race_ethnicity + charlson_score + index_year_f + acs_pct_poverty + acs_pct_unemployed + acs_pct_no_vehicle + acs_pct_nonwhite + acs_median_household_income_10k + acs_pct_bachelor_plus
UCMC,NO2,Q3,9.74493387838205,Persistent RF,3,21.5,0.3054158628976721,NO2 single-pollutant,age_10 + sex + race_ethnicity + charlson_score + index_year_f + acs_pct_poverty + acs_pct_unemployed + acs_pct_no_vehicle + acs_pct_nonwhite + acs_median_household_income_10k + acs_pct_bachelor_plus
UCMC,NO2,Q3,9.74493387838205,Persistent RF,3,21.75,0.3058255994407514,NO2 single-pollutant,age_10 + sex + race_ethnicity + charlson_score + index_year_f + acs_pct_poverty + acs_pct_unemployed + acs_pct_no_vehicle + acs_pct_nonwhite + acs_median_household_income_10k + acs_pct_bachelor_plus
UCMC,NO2,Q3,9.74493387838205,Persistent RF,3,22,0.3073621849217688,NO2 single-pollutant,age_10 + sex + race_ethnicity + charlson_score + index_year_f + acs_pct_poverty + acs_pct_unemployed + acs_pct_no_vehicle + acs_pct_nonwhite + acs_median_household_income_10k + acs_pct_bachelor_plus
UCMC,NO2,Q3,9.74493387838205,Persistent RF,3,22.25,0.30756706389157884,NO2 single-pollutant,age_10 + sex + race_ethnicity + charlson_score + index_year_f + acs_pct_poverty + acs_pct_unemployed + acs_pct_no_vehicle + acs_pct_nonwhite + acs_median_household_income_10k + acs_pct_bachelor_plus
UCMC,NO2,Q3,9.74493387838205,Persistent RF,3,22.5,0.3079768530856174,NO2 single-pollutant,age_10 + sex + race_ethnicity + charlson_score + index_year_f + acs_pct_poverty + acs_pct_unemployed + acs_pct_no_vehicle + acs_pct_nonwhite + acs_median_household_income_10k + acs_pct_bachelor_plus
UCMC,NO2,Q3,9.74493387838205,Persistent RF,3,22.75,0.30818176375204975,NO2 single-pollutant,age_10 + sex + race_ethnicity + charlson_score + index_year_f + acs_pct_poverty + acs_pct_unemployed + acs_pct_no_vehicle + acs_pct_nonwhite + acs_median_household_income_10k + acs_pct_bachelor_plus
UCMC,NO2,Q3,9.74493387838205,Persistent RF,3,23,0.30859161234812693,NO2 single-pollutant,age_10 + sex + race_ethnicity + charlson_score + index_year_f + acs_pct_poverty + acs_pct_unemployed + acs_pct_no_vehicle + acs_pct_nonwhite + acs_median_household_income_10k + acs_pct_bachelor_plus
UCMC,NO2,Q3,9.74493387838205,Persistent RF,3,23.25,0.3090014930553173,NO2 single-pollutant,age_10 + sex + race_ethnicity + charlson_score + index_year_f + acs_pct_poverty + acs_pct_unemployed + acs_pct_no_vehicle + acs_pct_nonwhite + acs_median_household_income_10k + acs_pct_bachelor_plus
UCMC,NO2,Q3,9.74493387838205,Persistent RF,3,23.5,0.30992373732893275,NO2 single-pollutant,age_10 + sex + race_ethnicity + charlson_score + index_year_f + acs_pct_poverty + acs_pct_unemployed + acs_pct_no_vehicle + acs_pct_nonwhite + acs_median_household_income_10k + acs_pct_bachelor_plus
UCMC,NO2,Q3,9.74493387838205,Persistent RF,3,23.75,0.3100262070308385,NO2 single-pollutant,age_10 + sex + race_ethnicity + charlson_score + index_year_f + acs_pct_poverty + acs_pct_unemployed + acs_pct_no_vehicle + acs_pct_nonwhite + acs_median_household_income_10k + acs_pct_bachelor_plus
UCMC,NO2,Q3,9.74493387838205,Persistent RF,3,24,0.3101286717746009,NO2 single-pollutant,age_10 + sex + race_ethnicity + charlson_score + index_year_f + acs_pct_poverty + acs_pct_unemployed + acs_pct_no_vehicle + acs_pct_nonwhite + acs_median_household_income_10k + acs_pct_bachelor_plus
UCMC,NO2,Q3,9.74493387838205,Persistent RF,3,24.25,0.3107434636897054,NO2 single-pollutant,age_10 + sex + race_ethnicity + charlson_score + index_year_f + acs_pct_poverty + acs_pct_unemployed + acs_pct_no_vehicle + acs_pct_nonwhite + acs_median_household_income_10k + acs_pct_bachelor_plus
UCMC,NO2,Q3,9.74493387838205,Persistent RF,3,24.5,0.31125578270891385,NO2 single-pollutant,age_10 + sex + race_ethnicity + charlson_score + index_year_f + acs_pct_poverty + acs_pct_unemployed + acs_pct_no_vehicle + acs_pct_nonwhite + acs_median_household_income_10k + acs_pct_bachelor_plus
UCMC,NO2,Q3,9.74493387838205,Persistent RF,3,24.75,0.3115631887414625,NO2 single-pollutant,age_10 + sex + race_ethnicity + charlson_score + index_year_f + acs_pct_poverty + acs_pct_unemployed + acs_pct_no_vehicle + acs_pct_nonwhite + acs_median_household_income_10k + acs_pct_bachelor_plus
UCMC,NO2,Q3,9.74493387838205,Persistent RF,3,25,0.311665656023252,NO2 single-pollutant,age_10 + sex + race_ethnicity + charlson_score + index_year_f + acs_pct_poverty + acs_pct_unemployed + acs_pct_no_vehicle + acs_pct_nonwhite + acs_median_household_income_10k + acs_pct_bachelor_plus
UCMC,NO2,Q3,9.74493387838205,Persistent RF,3,25.25,0.31187058877696217,NO2 single-pollutant,age_10 + sex + race_ethnicity + charlson_score + index_year_f + acs_pct_poverty + acs_pct_unemployed + acs_pct_no_vehicle + acs_pct_nonwhite + acs_median_household_income_10k + acs_pct_bachelor_plus
UCMC,NO2,Q3,9.74493387838205,Persistent RF,3,25.5,0.3119730582100071,NO2 single-pollutant,age_10 + sex + race_ethnicity + charlson_score + index_year_f + acs_pct_poverty + acs_pct_unemployed + acs_pct_no_vehicle + acs_pct_nonwhite + acs_median_household_income_10k + acs_pct_bachelor_plus
UCMC,NO2,Q3,9.74493387838205,Persistent RF,3,25.75,0.31217800204205504,NO2 single-pollutant,age_10 + sex + race_ethnicity + charlson_score + index_year_f + acs_pct_poverty + acs_pct_unemployed + acs_pct_no_vehicle + acs_pct_nonwhite + acs_median_household_income_10k + acs_pct_bachelor_plus
UCMC,NO2,Q3,9.74493387838205,Persistent RF,3,26,0.3122804753742211,NO2 single-pollutant,age_10 + sex + race_ethnicity + charlson_score + index_year_f + acs_pct_poverty + acs_pct_unemployed + acs_pct_no_vehicle + acs_pct_nonwhite + acs_median_household_income_10k + acs_pct_bachelor_plus
UCMC,NO2,Q3,9.74493387838205,Persistent RF,3,26.25,0.31238294766593044,NO2 single-pollutant,age_10 + sex + race_ethnicity + charlson_score + index_year_f + acs_pct_poverty + acs_pct_unemployed + acs_pct_no_vehicle + acs_pct_nonwhite + acs_median_household_income_10k + acs_pct_bachelor_plus
UCMC,NO2,Q3,9.74493387838205,Persistent RF,3,26.5,0.31248542139414237,NO2 single-pollutant,age_10 + sex + race_ethnicity + charlson_score + index_year_f + acs_pct_poverty + acs_pct_unemployed + acs_pct_no_vehicle + acs_pct_nonwhite + acs_median_household_income_10k + acs_pct_bachelor_plus
UCMC,NO2,Q3,9.74493387838205,Persistent RF,3,26.75,0.31289530965123113,NO2 single-pollutant,age_10 + sex + race_ethnicity + charlson_score + index_year_f + acs_pct_poverty + acs_pct_unemployed + acs_pct_no_vehicle + acs_pct_nonwhite + acs_median_household_income_10k + acs_pct_bachelor_plus
UCMC,NO2,Q3,9.74493387838205,Persistent RF,3,27,0.31289530965123113,NO2 single-pollutant,age_10 + sex + race_ethnicity + charlson_score + index_year_f + acs_pct_poverty + acs_pct_unemployed + acs_pct_no_vehicle + acs_pct_nonwhite + acs_median_household_income_10k + acs_pct_bachelor_plus
UCMC,NO2,Q3,9.74493387838205,Persistent RF,3,27.25,0.3131002598446906,NO2 single-pollutant,age_10 + sex + race_ethnicity + charlson_score + index_year_f + acs_pct_poverty + acs_pct_unemployed + acs_pct_no_vehicle + acs_pct_nonwhite + acs_median_household_income_10k + acs_pct_bachelor_plus
UCMC,NO2,Q3,9.74493387838205,Persistent RF,3,27.5,0.31340767917911594,NO2 single-pollutant,age_10 + sex + race_ethnicity + charlson_score + index_year_f + acs_pct_poverty + acs_pct_unemployed + acs_pct_no_vehicle + acs_pct_nonwhite + acs_median_household_income_10k + acs_pct_bachelor_plus
UCMC,NO2,Q3,9.74493387838205,Persistent RF,3,27.75,0.31351014889879036,NO2 single-pollutant,age_10 + sex + race_ethnicity + charlson_score + index_year_f + acs_pct_poverty + acs_pct_unemployed + acs_pct_no_vehicle + acs_pct_nonwhite + acs_median_household_income_10k + acs_pct_bachelor_plus
UCMC,NO2,Q3,9.74493387838205,Persistent RF,3,28,0.31361261956163033,NO2 single-pollutant,age_10 + sex + race_ethnicity + charlson_score + index_year_f + acs_pct_poverty + acs_pct_unemployed + acs_pct_no_vehicle + acs_pct_nonwhite + acs_median_household_income_10k + acs_pct_bachelor_plus
UCMC,NO2,Q4,14.3724528312683,Persistent RF,3,0,0,NO2 single-pollutant,age_10 + sex + race_ethnicity + charlson_score + index_year_f + acs_pct_poverty + acs_pct_unemployed + acs_pct_no_vehicle + acs_pct_nonwhite + acs_median_household_income_10k + acs_pct_bachelor_plus
UCMC,NO2,Q4,14.3724528312683,Persistent RF,3,0.25,9.996939245693337e-5,NO2 single-pollutant,age_10 + sex + race_ethnicity + charlson_score + index_year_f + acs_pct_poverty + acs_pct_unemployed + acs_pct_no_vehicle + acs_pct_nonwhite + acs_median_household_income_10k + acs_pct_bachelor_plus
UCMC,NO2,Q4,14.3724528312683,Persistent RF,3,0.5,2.9990739110619113e-4,NO2 single-pollutant,age_10 + sex + race_ethnicity + charlson_score + index_year_f + acs_pct_poverty + acs_pct_unemployed + acs_pct_no_vehicle + acs_pct_nonwhite + acs_median_household_income_10k + acs_pct_bachelor_plus
UCMC,NO2,Q4,14.3724528312683,Persistent RF,3,0.75,6.997901856600208e-4,NO2 single-pollutant,age_10 + sex + race_ethnicity + charlson_score + index_year_f + acs_pct_poverty + acs_pct_unemployed + acs_pct_no_vehicle + acs_pct_nonwhite + acs_median_household_income_10k + acs_pct_bachelor_plus
UCMC,NO2,Q4,14.3724528312683,Persistent RF,3,1,0.0014995793711525263,NO2 single-pollutant,age_10 + sex + race_ethnicity + charlson_score + index_year_f + acs_pct_poverty + acs_pct_unemployed + acs_pct_no_vehicle + acs_pct_nonwhite + acs_median_household_income_10k + acs_pct_bachelor_plus
UCMC,NO2,Q4,14.3724528312683,Persistent RF,3,1.25,0.013795399629480176,NO2 single-pollutant,age_10 + sex + race_ethnicity + charlson_score + index_year_f + acs_pct_poverty + acs_pct_unemployed + acs_pct_no_vehicle + acs_pct_nonwhite + acs_median_household_income_10k + acs_pct_bachelor_plus
UCMC,NO2,Q4,14.3724528312683,Persistent RF,3,1.5,0.04579279808031589,NO2 single-pollutant,age_10 + sex + race_ethnicity + charlson_score + index_year_f + acs_pct_poverty + acs_pct_unemployed + acs_pct_no_vehicle + acs_pct_nonwhite + acs_median_household_income_10k + acs_pct_bachelor_plus
UCMC,NO2,Q4,14.3724528312683,Persistent RF,3,1.75,0.06530713599734961,NO2 single-pollutant,age_10 + sex + race_ethnicity + charlson_score + index_year_f + acs_pct_poverty + acs_pct_unemployed + acs_pct_no_vehicle + acs_pct_nonwhite + acs_median_household_income_10k + acs_pct_bachelor_plus
UCMC,NO2,Q4,14.3724528312683,Persistent RF,3,2,0.0917604618220964,NO2 single-pollutant,age_10 + sex + race_ethnicity + charlson_score + index_year_f + acs_pct_poverty + acs_pct_unemployed + acs_pct_no_vehicle + acs_pct_nonwhite + acs_median_household_income_10k + acs_pct_bachelor_plus
UCMC,NO2,Q4,14.3724528312683,Persistent RF,3,2.25,0.13338440037332533,NO2 single-pollutant,age_10 + sex + race_ethnicity + charlson_score + index_year_f + acs_pct_poverty + acs_pct_unemployed + acs_pct_no_vehicle + acs_pct_nonwhite + acs_median_household_income_10k + acs_pct_bachelor_plus
UCMC,NO2,Q4,14.3724528312683,Persistent RF,3,2.5,0.16380420133607043,NO2 single-pollutant,age_10 + sex + race_ethnicity + charlson_score + index_year_f + acs_pct_poverty + acs_pct_unemployed + acs_pct_no_vehicle + acs_pct_nonwhite + acs_median_household_income_10k + acs_pct_bachelor_plus
UCMC,NO2,Q4,14.3724528312683,Persistent RF,3,2.75,0.17746757028543958,NO2 single-pollutant,age_10 + sex + race_ethnicity + charlson_score + index_year_f + acs_pct_poverty + acs_pct_unemployed + acs_pct_no_vehicle + acs_pct_nonwhite + acs_median_household_income_10k + acs_pct_bachelor_plus
UCMC,NO2,Q4,14.3724528312683,Persistent RF,3,3,0.18993595002224328,NO2 single-pollutant,age_10 + sex + race_ethnicity + charlson_score + index_year_f + acs_pct_poverty + acs_pct_unemployed + acs_pct_no_vehicle + acs_pct_nonwhite + acs_median_household_income_10k + acs_pct_bachelor_plus
UCMC,NO2,Q4,14.3724528312683,Persistent RF,3,3.25,0.20221592004759725,NO2 single-pollutant,age_10 + sex + race_ethnicity + charlson_score + index_year_f + acs_pct_poverty + acs_pct_unemployed + acs_pct_no_vehicle + acs_pct_nonwhite + acs_median_household_income_10k + acs_pct_bachelor_plus
UCMC,NO2,Q4,14.3724528312683,Persistent RF,3,3.5,0.21309517574096837,NO2 single-pollutant,age_10 + sex + race_ethnicity + charlson_score + index_year_f + acs_pct_poverty + acs_pct_unemployed + acs_pct_no_vehicle + acs_pct_nonwhite + acs_median_household_income_10k + acs_pct_bachelor_plus
UCMC,NO2,Q4,14.3724528312683,Persistent RF,3,3.75,0.21884133104514425,NO2 single-pollutant,age_10 + sex + race_ethnicity + charlson_score + index_year_f + acs_pct_poverty + acs_pct_unemployed + acs_pct_no_vehicle + acs_pct_nonwhite + acs_median_household_income_10k + acs_pct_bachelor_plus
UCMC,NO2,Q4,14.3724528312683,Persistent RF,3,4,0.2249934486227615,NO2 single-pollutant,age_10 + sex + race_ethnicity + charlson_score + index_year_f + acs_pct_poverty + acs_pct_unemployed + acs_pct_no_vehicle + acs_pct_nonwhite + acs_median_household_income_10k + acs_pct_bachelor_plus
UCMC,NO2,Q4,14.3724528312683,Persistent RF,3,4.25,0.23145137513910952,NO2 single-pollutant,age_10 + sex + race_ethnicity + charlson_score + index_year_f + acs_pct_poverty + acs_pct_unemployed + acs_pct_no_vehicle + acs_pct_nonwhite + acs_median_household_income_10k + acs_pct_bachelor_plus
UCMC,NO2,Q4,14.3724528312683,Persistent RF,3,4.5,0.23599415270909607,NO2 single-pollutant,age_10 + sex + race_ethnicity + charlson_score + index_year_f + acs_pct_poverty + acs_pct_unemployed + acs_pct_no_vehicle + acs_pct_nonwhite + acs_median_household_income_10k + acs_pct_bachelor_plus
UCMC,NO2,Q4,14.3724528312683,Persistent RF,3,4.75,0.23952901463943965,NO2 single-pollutant,age_10 + sex + race_ethnicity + charlson_score + index_year_f + acs_pct_poverty + acs_pct_unemployed + acs_pct_no_vehicle + acs_pct_nonwhite + acs_median_household_income_10k + acs_pct_bachelor_plus
UCMC,NO2,Q4,14.3724528312683,Persistent RF,3,5,0.2424591878155068,NO2 single-pollutant,age_10 + sex + race_ethnicity + charlson_score + index_year_f + acs_pct_poverty + acs_pct_unemployed + acs_pct_no_vehicle + acs_pct_nonwhite + acs_median_household_income_10k + acs_pct_bachelor_plus
UCMC,NO2,Q4,14.3724528312683,Persistent RF,3,5.25,0.2455924308221331,NO2 single-pollutant,age_10 + sex + race_ethnicity + charlson_score + index_year_f + acs_pct_poverty + acs_pct_unemployed + acs_pct_no_vehicle + acs_pct_nonwhite + acs_median_household_income_10k + acs_pct_bachelor_plus
UCMC,NO2,Q4,14.3724528312683,Persistent RF,3,5.5,0.24741172765951724,NO2 single-pollutant,age_10 + sex + race_ethnicity + charlson_score + index_year_f + acs_pct_poverty + acs_pct_unemployed + acs_pct_no_vehicle + acs_pct_nonwhite + acs_median_household_income_10k + acs_pct_bachelor_plus
UCMC,NO2,Q4,14.3724528312683,Persistent RF,3,5.75,0.2496354217930168,NO2 single-pollutant,age_10 + sex + race_ethnicity + charlson_score + index_year_f + acs_pct_poverty + acs_pct_unemployed + acs_pct_no_vehicle + acs_pct_nonwhite + acs_median_household_income_10k + acs_pct_bachelor_plus
UCMC,NO2,Q4,14.3724528312683,Persistent RF,3,6,0.25246647544135703,NO2 single-pollutant,age_10 + sex + race_ethnicity + charlson_score + index_year_f + acs_pct_poverty + acs_pct_unemployed + acs_pct_no_vehicle + acs_pct_nonwhite + acs_median_household_income_10k + acs_pct_bachelor_plus
UCMC,NO2,Q4,14.3724528312683,Persistent RF,3,6.25,0.2547924212768815,NO2 single-pollutant,age_10 + sex + race_ethnicity + charlson_score + index_year_f + acs_pct_poverty + acs_pct_unemployed + acs_pct_no_vehicle + acs_pct_nonwhite + acs_median_household_income_10k + acs_pct_bachelor_plus
UCMC,NO2,Q4,14.3724528312683,Persistent RF,3,6.5,0.25691669397148065,NO2 single-pollutant,age_10 + sex + race_ethnicity + charlson_score + index_year_f + acs_pct_poverty + acs_pct_unemployed + acs_pct_no_vehicle + acs_pct_nonwhite + acs_median_household_income_10k + acs_pct_bachelor_plus
UCMC,NO2,Q4,14.3724528312683,Persistent RF,3,6.75,0.2589402913258205,NO2 single-pollutant,age_10 + sex + race_ethnicity + charlson_score + index_year_f + acs_pct_poverty + acs_pct_unemployed + acs_pct_no_vehicle + acs_pct_nonwhite + acs_median_household_income_10k + acs_pct_bachelor_plus
UCMC,NO2,Q4,14.3724528312683,Persistent RF,3,7,0.2606606471798453,NO2 single-pollutant,age_10 + sex + race_ethnicity + charlson_score + index_year_f + acs_pct_poverty + acs_pct_unemployed + acs_pct_no_vehicle + acs_pct_nonwhite + acs_median_household_income_10k + acs_pct_bachelor_plus
UCMC,NO2,Q4,14.3724528312683,Persistent RF,3,7.25,0.26187517274853644,NO2 single-pollutant,age_10 + sex + race_ethnicity + charlson_score + index_year_f + acs_pct_poverty + acs_pct_unemployed + acs_pct_no_vehicle + acs_pct_nonwhite + acs_median_household_income_10k + acs_pct_bachelor_plus
UCMC,NO2,Q4,14.3724528312683,Persistent RF,3,7.5,0.26298858796994895,NO2 single-pollutant,age_10 + sex + race_ethnicity + charlson_score + index_year_f + acs_pct_poverty + acs_pct_unemployed + acs_pct_no_vehicle + acs_pct_nonwhite + acs_median_household_income_10k + acs_pct_bachelor_plus
UCMC,NO2,Q4,14.3724528312683,Persistent RF,3,7.75,0.26400096637901704,NO2 single-pollutant,age_10 + sex + race_ethnicity + charlson_score + index_year_f + acs_pct_poverty + acs_pct_unemployed + acs_pct_no_vehicle + acs_pct_nonwhite + acs_median_household_income_10k + acs_pct_bachelor_plus
UCMC,NO2,Q4,14.3724528312683,Persistent RF,3,8,0.2652159244578274,NO2 single-pollutant,age_10 + sex + race_ethnicity + charlson_score + index_year_f + acs_pct_poverty + acs_pct_unemployed + acs_pct_no_vehicle + acs_pct_nonwhite + acs_median_household_income_10k + acs_pct_bachelor_plus
UCMC,NO2,Q4,14.3724528312683,Persistent RF,3,8.25,0.2661271381610656,NO2 single-pollutant,age_10 + sex + race_ethnicity + charlson_score + index_year_f + acs_pct_poverty + acs_pct_unemployed + acs_pct_no_vehicle + acs_pct_nonwhite + acs_median_household_income_10k + acs_pct_bachelor_plus
UCMC,NO2,Q4,14.3724528312683,Persistent RF,3,8.5,0.26764591765278434,NO2 single-pollutant,age_10 + sex + race_ethnicity + charlson_score + index_year_f + acs_pct_poverty + acs_pct_unemployed + acs_pct_no_vehicle + acs_pct_nonwhite + acs_median_household_income_10k + acs_pct_bachelor_plus
UCMC,NO2,Q4,14.3724528312683,Persistent RF,3,8.75,0.268759762596094,NO2 single-pollutant,age_10 + sex + race_ethnicity + charlson_score + index_year_f + acs_pct_poverty + acs_pct_unemployed + acs_pct_no_vehicle + acs_pct_nonwhite + acs_median_household_income_10k + acs_pct_bachelor_plus
UCMC,NO2,Q4,14.3724528312683,Persistent RF,3,9,0.26946863335217,NO2 single-pollutant,age_10 + sex + race_ethnicity + charlson_score + index_year_f + acs_pct_poverty + acs_pct_unemployed + acs_pct_no_vehicle + acs_pct_nonwhite + acs_median_household_income_10k + acs_pct_bachelor_plus
UCMC,NO2,Q4,14.3724528312683,Persistent RF,3,9.25,0.27058269779131616,NO2 single-pollutant,age_10 + sex + race_ethnicity + charlson_score + index_year_f + acs_pct_poverty + acs_pct_unemployed + acs_pct_no_vehicle + acs_pct_nonwhite + acs_median_household_income_10k + acs_pct_bachelor_plus
UCMC,NO2,Q4,14.3724528312683,Persistent RF,3,9.5,0.27108912635765026,NO2 single-pollutant,age_10 + sex + race_ethnicity + charlson_score + index_year_f + acs_pct_poverty + acs_pct_unemployed + acs_pct_no_vehicle + acs_pct_nonwhite + acs_median_household_income_10k + acs_pct_bachelor_plus
UCMC,NO2,Q4,14.3724528312683,Persistent RF,3,9.75,0.27220324972876997,NO2 single-pollutant,age_10 + sex + race_ethnicity + charlson_score + index_year_f + acs_pct_poverty + acs_pct_unemployed + acs_pct_no_vehicle + acs_pct_nonwhite + acs_median_household_income_10k + acs_pct_bachelor_plus
UCMC,NO2,Q4,14.3724528312683,Persistent RF,3,10,0.27301349523432406,NO2 single-pollutant,age_10 + sex + race_ethnicity + charlson_score + index_year_f + acs_pct_poverty + acs_pct_unemployed + acs_pct_no_vehicle + acs_pct_nonwhite + acs_median_household_income_10k + acs_pct_bachelor_plus
UCMC,NO2,Q4,14.3724528312683,Persistent RF,3,10.25,0.2749380579110947,NO2 single-pollutant,age_10 + sex + race_ethnicity + charlson_score + index_year_f + acs_pct_poverty + acs_pct_unemployed + acs_pct_no_vehicle + acs_pct_nonwhite + acs_median_household_income_10k + acs_pct_bachelor_plus
UCMC,NO2,Q4,14.3724528312683,Persistent RF,3,10.5,0.27544455780190347,NO2 single-pollutant,age_10 + sex + race_ethnicity + charlson_score + index_year_f + acs_pct_poverty + acs_pct_unemployed + acs_pct_no_vehicle + acs_pct_nonwhite + acs_median_household_income_10k + acs_pct_bachelor_plus
UCMC,NO2,Q4,14.3724528312683,Persistent RF,3,10.75,0.2761536273431995,NO2 single-pollutant,age_10 + sex + race_ethnicity + charlson_score + index_year_f + acs_pct_poverty + acs_pct_unemployed + acs_pct_no_vehicle + acs_pct_nonwhite + acs_median_household_income_10k + acs_pct_bachelor_plus
UCMC,NO2,Q4,14.3724528312683,Persistent RF,3,11,0.2765588427114857,NO2 single-pollutant,age_10 + sex + race_ethnicity + charlson_score + index_year_f + acs_pct_poverty + acs_pct_unemployed + acs_pct_no_vehicle + acs_pct_nonwhite + acs_median_household_income_10k + acs_pct_bachelor_plus
UCMC,NO2,Q4,14.3724528312683,Persistent RF,3,11.25,0.2775719639429264,NO2 single-pollutant,age_10 + sex + race_ethnicity + charlson_score + index_year_f + acs_pct_poverty + acs_pct_unemployed + acs_pct_no_vehicle + acs_pct_nonwhite + acs_median_household_income_10k + acs_pct_bachelor_plus
UCMC,NO2,Q4,14.3724528312683,Persistent RF,3,11.5,0.27838250982513435,NO2 single-pollutant,age_10 + sex + race_ethnicity + charlson_score + index_year_f + acs_pct_poverty + acs_pct_unemployed + acs_pct_no_vehicle + acs_pct_nonwhite + acs_median_household_income_10k + acs_pct_bachelor_plus
UCMC,NO2,Q4,14.3724528312683,Persistent RF,3,11.75,0.2794971595137574,NO2 single-pollutant,age_10 + sex + race_ethnicity + charlson_score + index_year_f + acs_pct_poverty + acs_pct_unemployed + acs_pct_no_vehicle + acs_pct_nonwhite + acs_median_household_income_10k + acs_pct_bachelor_plus
UCMC,NO2,Q4,14.3724528312683,Persistent RF,3,12,0.28061194664871525,NO2 single-pollutant,age_10 + sex + race_ethnicity + charlson_score + index_year_f + acs_pct_poverty + acs_pct_unemployed + acs_pct_no_vehicle + acs_pct_nonwhite + acs_median_household_income_10k + acs_pct_bachelor_plus
UCMC,NO2,Q4,14.3724528312683,Persistent RF,3,12.25,0.28233507443519346,NO2 single-pollutant,age_10 + sex + race_ethnicity + charlson_score + index_year_f + acs_pct_poverty + acs_pct_unemployed + acs_pct_no_vehicle + acs_pct_nonwhite + acs_median_household_income_10k + acs_pct_bachelor_plus
UCMC,NO2,Q4,14.3724528312683,Persistent RF,3,12.5,0.2829433718190607,NO2 single-pollutant,age_10 + sex + race_ethnicity + charlson_score + index_year_f + acs_pct_poverty + acs_pct_unemployed + acs_pct_no_vehicle + acs_pct_nonwhite + acs_median_household_income_10k + acs_pct_bachelor_plus
UCMC,NO2,Q4,14.3724528312683,Persistent RF,3,12.75,0.28324752926358543,NO2 single-pollutant,age_10 + sex + race_ethnicity + charlson_score + index_year_f + acs_pct_poverty + acs_pct_unemployed + acs_pct_no_vehicle + acs_pct_nonwhite + acs_median_household_income_10k + acs_pct_bachelor_plus
UCMC,NO2,Q4,14.3724528312683,Persistent RF,3,13,0.2836530570400264,NO2 single-pollutant,age_10 + sex + race_ethnicity + charlson_score + index_year_f + acs_pct_poverty + acs_pct_unemployed + acs_pct_no_vehicle + acs_pct_nonwhite + acs_median_household_income_10k + acs_pct_bachelor_plus
UCMC,NO2,Q4,14.3724528312683,Persistent RF,3,13.25,0.284159940508104,NO2 single-pollutant,age_10 + sex + race_ethnicity + charlson_score + index_year_f + acs_pct_poverty + acs_pct_unemployed + acs_pct_no_vehicle + acs_pct_nonwhite + acs_median_household_income_10k + acs_pct_bachelor_plus
UCMC,NO2,Q4,14.3724528312683,Persistent RF,3,13.5,0.2847681906984244,NO2 single-pollutant,age_10 + sex + race_ethnicity + charlson_score + index_year_f + acs_pct_poverty + acs_pct_unemployed + acs_pct_no_vehicle + acs_pct_nonwhite + acs_median_household_income_10k + acs_pct_bachelor_plus
UCMC,NO2,Q4,14.3724528312683,Persistent RF,3,13.75,0.2850723459902599,NO2 single-pollutant,age_10 + sex + race_ethnicity + charlson_score + index_year_f + acs_pct_poverty + acs_pct_unemployed + acs_pct_no_vehicle + acs_pct_nonwhite + acs_median_household_income_10k + acs_pct_bachelor_plus
UCMC,NO2,Q4,14.3724528312683,Persistent RF,3,14,0.28578206618169977,NO2 single-pollutant,age_10 + sex + race_ethnicity + charlson_score + index_year_f + acs_pct_poverty + acs_pct_unemployed + acs_pct_no_vehicle + acs_pct_nonwhite + acs_median_household_income_10k + acs_pct_bachelor_plus
UCMC,NO2,Q4,14.3724528312683,Persistent RF,3,14.25,0.2871003384677707,NO2 single-pollutant,age_10 + sex + race_ethnicity + charlson_score + index_year_f + acs_pct_poverty + acs_pct_unemployed + acs_pct_no_vehicle + acs_pct_nonwhite + acs_median_household_income_10k + acs_pct_bachelor_plus
UCMC,NO2,Q4,14.3724528312683,Persistent RF,3,14.5,0.2876074257483757,NO2 single-pollutant,age_10 + sex + race_ethnicity + charlson_score + index_year_f + acs_pct_poverty + acs_pct_unemployed + acs_pct_no_vehicle + acs_pct_nonwhite + acs_median_household_income_10k + acs_pct_bachelor_plus
UCMC,NO2,Q4,14.3724528312683,Persistent RF,3,14.75,0.2880130987569486,NO2 single-pollutant,age_10 + sex + race_ethnicity + charlson_score + index_year_f + acs_pct_poverty + acs_pct_unemployed + acs_pct_no_vehicle + acs_pct_nonwhite + acs_median_household_income_10k + acs_pct_bachelor_plus
UCMC,NO2,Q4,14.3724528312683,Persistent RF,3,15,0.2885201910058518,NO2 single-pollutant,age_10 + sex + race_ethnicity + charlson_score + index_year_f + acs_pct_poverty + acs_pct_unemployed + acs_pct_no_vehicle + acs_pct_nonwhite + acs_median_household_income_10k + acs_pct_bachelor_plus
UCMC,NO2,Q4,14.3724528312683,Persistent RF,3,15.25,0.28912869209130976,NO2 single-pollutant,age_10 + sex + race_ethnicity + charlson_score + index_year_f + acs_pct_poverty + acs_pct_unemployed + acs_pct_no_vehicle + acs_pct_nonwhite + acs_median_household_income_10k + acs_pct_bachelor_plus
UCMC,NO2,Q4,14.3724528312683,Persistent RF,3,15.5,0.2899400407208287,NO2 single-pollutant,age_10 + sex + race_ethnicity + charlson_score + index_year_f + acs_pct_poverty + acs_pct_unemployed + acs_pct_no_vehicle + acs_pct_nonwhite + acs_median_household_income_10k + acs_pct_bachelor_plus
UCMC,NO2,Q4,14.3724528312683,Persistent RF,3,15.75,0.29034574368229404,NO2 single-pollutant,age_10 + sex + race_ethnicity + charlson_score + index_year_f + acs_pct_poverty + acs_pct_unemployed + acs_pct_no_vehicle + acs_pct_nonwhite + acs_median_household_income_10k + acs_pct_bachelor_plus
UCMC,NO2,Q4,14.3724528312683,Persistent RF,3,16,0.29105572588422546,NO2 single-pollutant,age_10 + sex + race_ethnicity + charlson_score + index_year_f + acs_pct_poverty + acs_pct_unemployed + acs_pct_no_vehicle + acs_pct_nonwhite + acs_median_household_income_10k + acs_pct_bachelor_plus
UCMC,NO2,Q4,14.3724528312683,Persistent RF,3,16.25,0.2915628826193529,NO2 single-pollutant,age_10 + sex + race_ethnicity + charlson_score + index_year_f + acs_pct_poverty + acs_pct_unemployed + acs_pct_no_vehicle + acs_pct_nonwhite + acs_median_household_income_10k + acs_pct_bachelor_plus
UCMC,NO2,Q4,14.3724528312683,Persistent RF,3,16.5,0.29227291179429793,NO2 single-pollutant,age_10 + sex + race_ethnicity + charlson_score + index_year_f + acs_pct_poverty + acs_pct_unemployed + acs_pct_no_vehicle + acs_pct_nonwhite + acs_median_household_income_10k + acs_pct_bachelor_plus
UCMC,NO2,Q4,14.3724528312683,Persistent RF,3,16.75,0.2928815161394962,NO2 single-pollutant,age_10 + sex + race_ethnicity + charlson_score + index_year_f + acs_pct_poverty + acs_pct_unemployed + acs_pct_no_vehicle + acs_pct_nonwhite + acs_median_household_income_10k + acs_pct_bachelor_plus
UCMC,NO2,Q4,14.3724528312683,Persistent RF,3,17,0.29338871544728506,NO2 single-pollutant,age_10 + sex + race_ethnicity + charlson_score + index_year_f + acs_pct_poverty + acs_pct_unemployed + acs_pct_no_vehicle + acs_pct_nonwhite + acs_median_household_income_10k + acs_pct_bachelor_plus
UCMC,NO2,Q4,14.3724528312683,Persistent RF,3,17.25,0.29399738858775193,NO2 single-pollutant,age_10 + sex + race_ethnicity + charlson_score + index_year_f + acs_pct_poverty + acs_pct_unemployed + acs_pct_no_vehicle + acs_pct_nonwhite + acs_median_household_income_10k + acs_pct_bachelor_plus
UCMC,NO2,Q4,14.3724528312683,Persistent RF,3,17.5,0.29460610231171724,NO2 single-pollutant,age_10 + sex + race_ethnicity + charlson_score + index_year_f + acs_pct_poverty + acs_pct_unemployed + acs_pct_no_vehicle + acs_pct_nonwhite + acs_median_household_income_10k + acs_pct_bachelor_plus
UCMC,NO2,Q4,14.3724528312683,Persistent RF,3,17.75,0.2948090017765541,NO2 single-pollutant,age_10 + sex + race_ethnicity + charlson_score + index_year_f + acs_pct_poverty + acs_pct_unemployed + acs_pct_no_vehicle + acs_pct_nonwhite + acs_median_household_income_10k + acs_pct_bachelor_plus
UCMC,NO2,Q4,14.3724528312683,Persistent RF,3,18,0.2954177008494696,NO2 single-pollutant,age_10 + sex + race_ethnicity + charlson_score + index_year_f + acs_pct_poverty + acs_pct_unemployed + acs_pct_no_vehicle + acs_pct_nonwhite + acs_median_household_income_10k + acs_pct_bachelor_plus
UCMC,NO2,Q4,14.3724528312683,Persistent RF,3,18.25,0.29683794010755327,NO2 single-pollutant,age_10 + sex + race_ethnicity + charlson_score + index_year_f + acs_pct_poverty + acs_pct_unemployed + acs_pct_no_vehicle + acs_pct_nonwhite + acs_median_household_income_10k + acs_pct_bachelor_plus
UCMC,NO2,Q4,14.3724528312683,Persistent RF,3,18.5,0.29714230235402206,NO2 single-pollutant,age_10 + sex + race_ethnicity + charlson_score + index_year_f + acs_pct_poverty + acs_pct_unemployed + acs_pct_no_vehicle + acs_pct_nonwhite + acs_median_household_income_10k + acs_pct_bachelor_plus
UCMC,NO2,Q4,14.3724528312683,Persistent RF,3,18.75,0.2975481333120493,NO2 single-pollutant,age_10 + sex + race_ethnicity + charlson_score + index_year_f + acs_pct_poverty + acs_pct_unemployed + acs_pct_no_vehicle + acs_pct_nonwhite + acs_median_household_income_10k + acs_pct_bachelor_plus
UCMC,NO2,Q4,14.3724528312683,Persistent RF,3,19,0.29775105265059654,NO2 single-pollutant,age_10 + sex + race_ethnicity + charlson_score + index_year_f + acs_pct_poverty + acs_pct_unemployed + acs_pct_no_vehicle + acs_pct_nonwhite + acs_median_household_income_10k + acs_pct_bachelor_plus
UCMC,NO2,Q4,14.3724528312683,Persistent RF,3,19.25,0.29825838899936263,NO2 single-pollutant,age_10 + sex + race_ethnicity + charlson_score + index_year_f + acs_pct_poverty + acs_pct_unemployed + acs_pct_no_vehicle + acs_pct_nonwhite + acs_median_household_income_10k + acs_pct_bachelor_plus
UCMC,NO2,Q4,14.3724528312683,Persistent RF,3,19.5,0.2984613320445785,NO2 single-pollutant,age_10 + sex + race_ethnicity + charlson_score + index_year_f + acs_pct_poverty + acs_pct_unemployed + acs_pct_no_vehicle + acs_pct_nonwhite + acs_median_household_income_10k + acs_pct_bachelor_plus
UCMC,NO2,Q4,14.3724528312683,Persistent RF,3,19.75,0.298867251039293,NO2 single-pollutant,age_10 + sex + race_ethnicity + charlson_score + index_year_f + acs_pct_poverty + acs_pct_unemployed + acs_pct_no_vehicle + acs_pct_nonwhite + acs_median_household_income_10k + acs_pct_bachelor_plus
UCMC,NO2,Q4,14.3724528312683,Persistent RF,3,20,0.2990702214826835,NO2 single-pollutant,age_10 + sex + race_ethnicity + charlson_score + index_year_f + acs_pct_poverty + acs_pct_unemployed + acs_pct_no_vehicle + acs_pct_nonwhite + acs_median_household_income_10k + acs_pct_bachelor_plus
UCMC,NO2,Q4,14.3724528312683,Persistent RF,3,20.25,0.2997806769876272,NO2 single-pollutant,age_10 + sex + race_ethnicity + charlson_score + index_year_f + acs_pct_poverty + acs_pct_unemployed + acs_pct_no_vehicle + acs_pct_nonwhite + acs_median_household_income_10k + acs_pct_bachelor_plus
UCMC,NO2,Q4,14.3724528312683,Persistent RF,3,20.5,0.29998366993820913,NO2 single-pollutant,age_10 + sex + race_ethnicity + charlson_score + index_year_f + acs_pct_poverty + acs_pct_unemployed + acs_pct_no_vehicle + acs_pct_nonwhite + acs_median_household_income_10k + acs_pct_bachelor_plus
UCMC,NO2,Q4,14.3724528312683,Persistent RF,3,20.75,0.30028814588675967,NO2 single-pollutant,age_10 + sex + race_ethnicity + charlson_score + index_year_f + acs_pct_poverty + acs_pct_unemployed + acs_pct_no_vehicle + acs_pct_nonwhite + acs_median_household_income_10k + acs_pct_bachelor_plus
UCMC,NO2,Q4,14.3724528312683,Persistent RF,3,21,0.3009986351841599,NO2 single-pollutant,age_10 + sex + race_ethnicity + charlson_score + index_year_f + acs_pct_poverty + acs_pct_unemployed + acs_pct_no_vehicle + acs_pct_nonwhite + acs_median_household_income_10k + acs_pct_bachelor_plus
UCMC,NO2,Q4,14.3724528312683,Persistent RF,3,21.25,0.3015061117964043,NO2 single-pollutant,age_10 + sex + race_ethnicity + charlson_score + index_year_f + acs_pct_poverty + acs_pct_unemployed + acs_pct_no_vehicle + acs_pct_nonwhite + acs_median_household_income_10k + acs_pct_bachelor_plus
UCMC,NO2,Q4,14.3724528312683,Persistent RF,3,21.5,0.3018105941168254,NO2 single-pollutant,age_10 + sex + race_ethnicity + charlson_score + index_year_f + acs_pct_poverty + acs_pct_unemployed + acs_pct_no_vehicle + acs_pct_nonwhite + acs_median_household_income_10k + acs_pct_bachelor_plus
UCMC,NO2,Q4,14.3724528312683,Persistent RF,3,21.75,0.3022166083495105,NO2 single-pollutant,age_10 + sex + race_ethnicity + charlson_score + index_year_f + acs_pct_poverty + acs_pct_unemployed + acs_pct_no_vehicle + acs_pct_nonwhite + acs_median_household_income_10k + acs_pct_bachelor_plus
UCMC,NO2,Q4,14.3724528312683,Persistent RF,3,22,0.3037392648389067,NO2 single-pollutant,age_10 + sex + race_ethnicity + charlson_score + index_year_f + acs_pct_poverty + acs_pct_unemployed + acs_pct_no_vehicle + acs_pct_nonwhite + acs_median_household_income_10k + acs_pct_bachelor_plus
UCMC,NO2,Q4,14.3724528312683,Persistent RF,3,22.25,0.30394229022493413,NO2 single-pollutant,age_10 + sex + race_ethnicity + charlson_score + index_year_f + acs_pct_poverty + acs_pct_unemployed + acs_pct_no_vehicle + acs_pct_nonwhite + acs_median_household_income_10k + acs_pct_bachelor_plus
UCMC,NO2,Q4,14.3724528312683,Persistent RF,3,22.5,0.3043483745292943,NO2 single-pollutant,age_10 + sex + race_ethnicity + charlson_score + index_year_f + acs_pct_poverty + acs_pct_unemployed + acs_pct_no_vehicle + acs_pct_nonwhite + acs_median_household_income_10k + acs_pct_bachelor_plus
UCMC,NO2,Q4,14.3724528312683,Persistent RF,3,22.75,0.30455143388660944,NO2 single-pollutant,age_10 + sex + race_ethnicity + charlson_score + index_year_f + acs_pct_poverty + acs_pct_unemployed + acs_pct_no_vehicle + acs_pct_nonwhite + acs_median_household_income_10k + acs_pct_bachelor_plus
UCMC,NO2,Q4,14.3724528312683,Persistent RF,3,23,0.3049575821818482,NO2 single-pollutant,age_10 + sex + race_ethnicity + charlson_score + index_year_f + acs_pct_poverty + acs_pct_unemployed + acs_pct_no_vehicle + acs_pct_nonwhite + acs_median_household_income_10k + acs_pct_bachelor_plus
UCMC,NO2,Q4,14.3724528312683,Persistent RF,3,23.25,0.30536376571875845,NO2 single-pollutant,age_10 + sex + race_ethnicity + charlson_score + index_year_f + acs_pct_poverty + acs_pct_unemployed + acs_pct_no_vehicle + acs_pct_nonwhite + acs_median_household_income_10k + acs_pct_bachelor_plus
UCMC,NO2,Q4,14.3724528312683,Persistent RF,3,23.5,0.30627770376239183,NO2 single-pollutant,age_10 + sex + race_ethnicity + charlson_score + index_year_f + acs_pct_poverty + acs_pct_unemployed + acs_pct_no_vehicle + acs_pct_nonwhite + acs_median_household_income_10k + acs_pct_bachelor_plus
UCMC,NO2,Q4,14.3724528312683,Persistent RF,3,23.75,0.30637925163743396,NO2 single-pollutant,age_10 + sex + race_ethnicity + charlson_score + index_year_f + acs_pct_poverty + acs_pct_unemployed + acs_pct_no_vehicle + acs_pct_nonwhite + acs_median_household_income_10k + acs_pct_bachelor_plus
UCMC,NO2,Q4,14.3724528312683,Persistent RF,3,24,0.30648079481315793,NO2 single-pollutant,age_10 + sex + race_ethnicity + charlson_score + index_year_f + acs_pct_poverty + acs_pct_unemployed + acs_pct_no_vehicle + acs_pct_nonwhite + acs_median_household_income_10k + acs_pct_bachelor_plus
UCMC,NO2,Q4,14.3724528312683,Persistent RF,3,24.25,0.3070900617893696,NO2 single-pollutant,age_10 + sex + race_ethnicity + charlson_score + index_year_f + acs_pct_poverty + acs_pct_unemployed + acs_pct_no_vehicle + acs_pct_nonwhite + acs_median_household_income_10k + acs_pct_bachelor_plus
UCMC,NO2,Q4,14.3724528312683,Persistent RF,3,24.5,0.307597782657724,NO2 single-pollutant,age_10 + sex + race_ethnicity + charlson_score + index_year_f + acs_pct_poverty + acs_pct_unemployed + acs_pct_no_vehicle + acs_pct_nonwhite + acs_median_household_income_10k + acs_pct_bachelor_plus
UCMC,NO2,Q4,14.3724528312683,Persistent RF,3,24.75,0.30790243224364233,NO2 single-pollutant,age_10 + sex + race_ethnicity + charlson_score + index_year_f + acs_pct_poverty + acs_pct_unemployed + acs_pct_no_vehicle + acs_pct_nonwhite + acs_median_household_income_10k + acs_pct_bachelor_plus
UCMC,NO2,Q4,14.3724528312683,Persistent RF,3,25,0.3080039811517882,NO2 single-pollutant,age_10 + sex + race_ethnicity + charlson_score + index_year_f + acs_pct_poverty + acs_pct_unemployed + acs_pct_no_vehicle + acs_pct_nonwhite + acs_median_household_income_10k + acs_pct_bachelor_plus
UCMC,NO2,Q4,14.3724528312683,Persistent RF,3,25.25,0.3082070778186873,NO2 single-pollutant,age_10 + sex + race_ethnicity + charlson_score + index_year_f + acs_pct_poverty + acs_pct_unemployed + acs_pct_no_vehicle + acs_pct_nonwhite + acs_median_household_income_10k + acs_pct_bachelor_plus
UCMC,NO2,Q4,14.3724528312683,Persistent RF,3,25.5,0.3083086295031492,NO2 single-pollutant,age_10 + sex + race_ethnicity + charlson_score + index_year_f + acs_pct_poverty + acs_pct_unemployed + acs_pct_no_vehicle + acs_pct_nonwhite + acs_median_household_income_10k + acs_pct_bachelor_plus
UCMC,NO2,Q4,14.3724528312683,Persistent RF,3,25.75,0.30851173843816404,NO2 single-pollutant,age_10 + sex + race_ethnicity + charlson_score + index_year_f + acs_pct_poverty + acs_pct_unemployed + acs_pct_no_vehicle + acs_pct_nonwhite + acs_median_household_income_10k + acs_pct_bachelor_plus
UCMC,NO2,Q4,14.3724528312683,Persistent RF,3,26,0.308613294631513,NO2 single-pollutant,age_10 + sex + race_ethnicity + charlson_score + index_year_f + acs_pct_poverty + acs_pct_unemployed + acs_pct_no_vehicle + acs_pct_nonwhite + acs_median_household_income_10k + acs_pct_bachelor_plus
UCMC,NO2,Q4,14.3724528312683,Persistent RF,3,26.25,0.30871485000867827,NO2 single-pollutant,age_10 + sex + race_ethnicity + charlson_score + index_year_f + acs_pct_poverty + acs_pct_unemployed + acs_pct_no_vehicle + acs_pct_nonwhite + acs_median_household_income_10k + acs_pct_bachelor_plus
UCMC,NO2,Q4,14.3724528312683,Persistent RF,3,26.5,0.3088164070244892,NO2 single-pollutant,age_10 + sex + race_ethnicity + charlson_score + index_year_f + acs_pct_poverty + acs_pct_unemployed + acs_pct_no_vehicle + acs_pct_nonwhite + acs_median_household_income_10k + acs_pct_bachelor_plus
UCMC,NO2,Q4,14.3724528312683,Persistent RF,3,26.75,0.30922263064208577,NO2 single-pollutant,age_10 + sex + race_ethnicity + charlson_score + index_year_f + acs_pct_poverty + acs_pct_unemployed + acs_pct_no_vehicle + acs_pct_nonwhite + acs_median_household_income_10k + acs_pct_bachelor_plus
UCMC,NO2,Q4,14.3724528312683,Persistent RF,3,27,0.30922263064208577,NO2 single-pollutant,age_10 + sex + race_ethnicity + charlson_score + index_year_f + acs_pct_poverty + acs_pct_unemployed + acs_pct_no_vehicle + acs_pct_nonwhite + acs_median_household_income_10k + acs_pct_bachelor_plus
UCMC,NO2,Q4,14.3724528312683,Persistent RF,3,27.25,0.30942574975241977,NO2 single-pollutant,age_10 + sex + race_ethnicity + charlson_score + index_year_f + acs_pct_poverty + acs_pct_unemployed + acs_pct_no_vehicle + acs_pct_nonwhite + acs_median_household_income_10k + acs_pct_bachelor_plus
UCMC,NO2,Q4,14.3724528312683,Persistent RF,3,27.5,0.30973042412963714,NO2 single-pollutant,age_10 + sex + race_ethnicity + charlson_score + index_year_f + acs_pct_poverty + acs_pct_unemployed + acs_pct_no_vehicle + acs_pct_nonwhite + acs_median_household_income_10k + acs_pct_bachelor_plus
UCMC,NO2,Q4,14.3724528312683,Persistent RF,3,27.75,0.3098319793244423,NO2 single-pollutant,age_10 + sex + race_ethnicity + charlson_score + index_year_f + acs_pct_poverty + acs_pct_unemployed + acs_pct_no_vehicle + acs_pct_nonwhite + acs_median_household_income_10k + acs_pct_bachelor_plus
UCMC,NO2,Q4,14.3724528312683,Persistent RF,3,28,0.3099335356693377,NO2 single-pollutant,age_10 + sex + race_ethnicity + charlson_score + index_year_f + acs_pct_poverty + acs_pct_unemployed + acs_pct_no_vehicle + acs_pct_nonwhite + acs_median_household_income_10k + acs_pct_bachelor_plus
